{
"type": "FeatureCollection",
"name": "ongole_drone_grid",
"crs": { "type": "name", "properties": { "name": "urn:ogc:def:crs:OGC:1.3:CRS84" } },
"features": [
{ "type": "Feature", "properties": { "clip": 1, "label": "Clip 01", "area_km2": 2.24, "town": "ONGOLE" }, "geometry": { "type": "Polygon", "coordinates": [ [ [ 80.019687, 15.535636 ], [ 80.021662, 15.534836 ], [ 80.021772, 15.534798 ], [ 80.021853, 15.534784 ], [ 80.021953, 15.534784 ], [ 80.022088, 15.53477 ], [ 80.022178, 15.534746 ], [ 80.022434, 15.53465 ], [ 80.022564, 15.534588 ], [ 80.023547, 15.534228 ], [ 80.023637, 15.534146 ], [ 80.023652, 15.534108 ], [ 80.023673, 15.533899 ], [ 80.023525, 15.53352 ], [ 80.023465, 15.533384 ], [ 80.023587, 15.533093 ], [ 80.023989, 15.532785 ], [ 80.02413, 15.53263 ], [ 80.024413, 15.53201 ], [ 80.024836, 15.531314 ], [ 80.0253, 15.530539 ], [ 80.025784, 15.52994 ], [ 80.025946, 15.529494 ], [ 80.026088, 15.529107 ], [ 80.026329, 15.528836 ], [ 80.026811, 15.52845 ], [ 80.027573, 15.528279 ], [ 80.028595, 15.527934 ], [ 80.028957, 15.527683 ], [ 80.02972, 15.527143 ], [ 80.030363, 15.526467 ], [ 80.031368, 15.525734 ], [ 80.032592, 15.525021 ], [ 80.033998, 15.523902 ], [ 80.035184, 15.522956 ], [ 80.035968, 15.522183 ], [ 80.03645, 15.521778 ], [ 80.037133, 15.521179 ], [ 80.037776, 15.520736 ], [ 80.038238, 15.520447 ], [ 80.039, 15.520043 ], [ 80.039602, 15.519754 ], [ 80.040356, 15.518893 ], [ 80.037271, 15.516349 ], [ 80.036474, 15.515252 ], [ 80.015409, 15.527018 ], [ 80.014072, 15.527738 ], [ 80.014168, 15.527821 ], [ 80.015643, 15.530287 ], [ 80.018316, 15.532769 ], [ 80.019294, 15.534852 ], [ 80.019687, 15.535636 ] ] ] } },
{ "type": "Feature", "properties": { "clip": 2, "label": "Clip 02", "area_km2": 3.09, "town": "ONGOLE" }, "geometry": { "type": "Polygon", "coordinates": [ [ [ 80.040356, 15.518893 ], [ 80.040568, 15.518652 ], [ 80.040909, 15.51844 ], [ 80.041249, 15.518422 ], [ 80.041769, 15.518444 ], [ 80.04227, 15.518446 ], [ 80.042771, 15.518274 ], [ 80.043333, 15.517965 ], [ 80.044898, 15.51708 ], [ 80.045119, 15.516964 ], [ 80.045783, 15.51621 ], [ 80.046787, 15.515361 ], [ 80.047329, 15.515188 ], [ 80.049132, 15.514827 ], [ 80.049993, 15.514559 ], [ 80.050995, 15.51435 ], [ 80.051896, 15.514315 ], [ 80.052186, 15.514316 ], [ 80.052525, 15.51459 ], [ 80.052754, 15.514843 ], [ 80.052984, 15.51497 ], [ 80.053444, 15.515001 ], [ 80.053855, 15.514857 ], [ 80.054799, 15.514182 ], [ 80.055773, 15.513449 ], [ 80.056536, 15.512754 ], [ 80.057061, 15.511785 ], [ 80.058913, 15.509465 ], [ 80.060479, 15.508346 ], [ 80.061963, 15.507847 ], [ 80.06617, 15.506856 ], [ 80.067251, 15.506783 ], [ 80.067972, 15.506786 ], [ 80.068771, 15.5071 ], [ 80.069011, 15.506985 ], [ 80.069413, 15.506715 ], [ 80.069696, 15.506056 ], [ 80.069827, 15.505833 ], [ 80.070039, 15.505553 ], [ 80.0708, 15.505265 ], [ 80.071713, 15.504968 ], [ 80.06958, 15.499301 ], [ 80.068523, 15.496984 ], [ 80.066221, 15.498066 ], [ 80.055931, 15.502474 ], [ 80.055451, 15.502661 ], [ 80.054489, 15.503156 ], [ 80.054013, 15.503449 ], [ 80.053422, 15.503844 ], [ 80.052475, 15.50445 ], [ 80.051864, 15.504753 ], [ 80.051574, 15.50496 ], [ 80.051413, 15.505138 ], [ 80.051062, 15.505408 ], [ 80.050411, 15.505647 ], [ 80.050091, 15.505796 ], [ 80.050016, 15.505864 ], [ 80.04999, 15.505918 ], [ 80.04995, 15.505999 ], [ 80.049739, 15.50625 ], [ 80.049573, 15.506472 ], [ 80.049533, 15.506656 ], [ 80.049107, 15.508015 ], [ 80.047377, 15.508865 ], [ 80.046373, 15.50983 ], [ 80.044069, 15.511176 ], [ 80.036474, 15.515252 ], [ 80.037271, 15.516349 ], [ 80.040356, 15.518893 ] ] ] } },
{ "type": "Feature", "properties": { "clip": 3, "label": "Clip 03", "area_km2": 5.36, "town": "ONGOLE" }, "geometry": { "type": "Polygon", "coordinates": [ [ [ 80.04834, 15.46292 ], [ 80.048269, 15.461594 ], [ 80.047444, 15.461546 ], [ 80.047174, 15.461633 ], [ 80.046858, 15.461685 ], [ 80.046173, 15.461769 ], [ 80.045106, 15.46192 ], [ 80.041292, 15.462471 ], [ 80.040375, 15.462548 ], [ 80.04025, 15.462555 ], [ 80.0401, 15.462501 ], [ 80.040005, 15.462462 ], [ 80.039878, 15.462369 ], [ 80.039813, 15.462279 ], [ 80.039779, 15.462172 ], [ 80.039456, 15.461072 ], [ 80.039414, 15.460939 ], [ 80.039313, 15.460842 ], [ 80.038892, 15.460533 ], [ 80.038795, 15.460484 ], [ 80.03869, 15.460469 ], [ 80.038605, 15.460486 ], [ 80.03845, 15.460524 ], [ 80.038329, 15.460582 ], [ 80.037345, 15.460364 ], [ 80.03717, 15.460368 ], [ 80.036419, 15.460408 ], [ 80.036438, 15.46004 ], [ 80.036391, 15.459909 ], [ 80.0363, 15.459595 ], [ 80.036205, 15.4591 ], [ 80.036211, 15.45894 ], [ 80.035353, 15.458359 ], [ 80.034998, 15.458241 ], [ 80.034118, 15.458237 ], [ 80.033773, 15.458138 ], [ 80.033468, 15.458098 ], [ 80.033254, 15.458025 ], [ 80.032074, 15.457913 ], [ 80.031629, 15.457853 ], [ 80.031379, 15.457851 ], [ 80.031134, 15.457782 ], [ 80.029939, 15.457627 ], [ 80.029139, 15.457463 ], [ 80.02812, 15.457313 ], [ 80.02804, 15.457143 ], [ 80.027941, 15.457094 ], [ 80.027442, 15.456811 ], [ 80.027272, 15.456625 ], [ 80.026888, 15.456478 ], [ 80.026493, 15.456375 ], [ 80.026144, 15.456247 ], [ 80.025495, 15.455924 ], [ 80.024725, 15.455789 ], [ 80.023706, 15.455542 ], [ 80.023506, 15.45542 ], [ 80.022653, 15.454927 ], [ 80.018046, 15.452917 ], [ 80.016103, 15.453229 ], [ 80.015975, 15.453161 ], [ 80.015925, 15.453172 ], [ 80.015904, 15.453177 ], [ 80.015798, 15.4532 ], [ 80.01523, 15.453327 ], [ 80.015152, 15.453311 ], [ 80.01513, 15.453307 ], [ 80.014906, 15.453334 ], [ 80.014643, 15.453367 ], [ 80.0144, 15.453318 ], [ 80.014213, 15.453281 ], [ 80.014181, 15.45327 ], [ 80.014068, 15.453231 ], [ 80.013961, 15.45334 ], [ 80.01378, 15.453299 ], [ 80.013721, 15.453275 ], [ 80.013288, 15.453097 ], [ 80.013267, 15.453089 ], [ 80.013225, 15.453092 ], [ 80.013205, 15.453094 ], [ 80.013261, 15.453344 ], [ 80.013277, 15.453417 ], [ 80.01329, 15.453476 ], [ 80.013315, 15.453585 ], [ 80.013345, 15.453723 ], [ 80.013418, 15.454049 ], [ 80.013423, 15.454071 ], [ 80.013488, 15.454361 ], [ 80.013496, 15.454398 ], [ 80.013493, 15.454418 ], [ 80.013455, 15.454673 ], [ 80.013448, 15.454718 ], [ 80.013543, 15.454855 ], [ 80.013662, 15.455026 ], [ 80.013557, 15.455019 ], [ 80.012933, 15.454981 ], [ 80.012843, 15.454983 ], [ 80.012806, 15.454985 ], [ 80.012728, 15.454987 ], [ 80.012464, 15.454994 ], [ 80.012264, 15.455021 ], [ 80.011798, 15.455097 ], [ 80.011757, 15.455103 ], [ 80.011615, 15.455126 ], [ 80.010885, 15.455079 ], [ 80.010762, 15.455071 ], [ 80.010376, 15.455046 ], [ 80.010271, 15.455039 ], [ 80.009468, 15.454987 ], [ 80.009475, 15.455084 ], [ 80.009497, 15.455391 ], [ 80.009493, 15.455555 ], [ 80.009492, 15.455603 ], [ 80.00949, 15.455692 ], [ 80.009484, 15.455906 ], [ 80.009489, 15.456005 ], [ 80.009534, 15.456089 ], [ 80.009559, 15.456134 ], [ 80.009756, 15.4565 ], [ 80.010131, 15.456995 ], [ 80.010363, 15.457325 ], [ 80.010399, 15.457376 ], [ 80.010483, 15.457495 ], [ 80.010853, 15.458105 ], [ 80.011056, 15.458439 ], [ 80.011061, 15.458447 ], [ 80.011153, 15.458599 ], [ 80.011201, 15.458679 ], [ 80.011223, 15.458715 ], [ 80.011202, 15.458722 ], [ 80.011583, 15.459663 ], [ 80.011751, 15.459984 ], [ 80.011773, 15.460027 ], [ 80.011841, 15.460156 ], [ 80.012275, 15.460762 ], [ 80.012576, 15.461123 ], [ 80.012618, 15.461175 ], [ 80.012655, 15.461218 ], [ 80.012686, 15.461256 ], [ 80.012723, 15.461258 ], [ 80.012849, 15.461421 ], [ 80.013177, 15.461841 ], [ 80.013627, 15.462417 ], [ 80.0138, 15.462675 ], [ 80.013814, 15.462689 ], [ 80.013834, 15.462709 ], [ 80.014173, 15.463039 ], [ 80.014299, 15.463007 ], [ 80.014657, 15.463656 ], [ 80.014759, 15.463814 ], [ 80.014795, 15.46387 ], [ 80.014868, 15.463984 ], [ 80.015113, 15.464367 ], [ 80.015182, 15.464426 ], [ 80.015127, 15.464474 ], [ 80.015329, 15.464954 ], [ 80.015405, 15.465157 ], [ 80.015426, 15.465221 ], [ 80.015572, 15.465662 ], [ 80.015582, 15.465691 ], [ 80.015921, 15.466154 ], [ 80.015975, 15.466228 ], [ 80.016017, 15.466285 ], [ 80.016004, 15.466338 ], [ 80.016001, 15.46635 ], [ 80.015981, 15.466433 ], [ 80.015909, 15.466583 ], [ 80.01574, 15.466936 ], [ 80.015527, 15.467383 ], [ 80.015508, 15.467396 ], [ 80.015401, 15.467467 ], [ 80.015342, 15.467506 ], [ 80.015081, 15.46768 ], [ 80.015013, 15.467584 ], [ 80.014843, 15.467554 ], [ 80.014553, 15.467604 ], [ 80.014439, 15.467715 ], [ 80.014281, 15.468017 ], [ 80.014052, 15.468245 ], [ 80.013939, 15.468406 ], [ 80.013861, 15.468515 ], [ 80.013728, 15.468703 ], [ 80.013626, 15.468849 ], [ 80.013478, 15.469058 ], [ 80.013593, 15.469193 ], [ 80.01383, 15.469471 ], [ 80.01394, 15.469599 ], [ 80.014072, 15.469754 ], [ 80.014329, 15.470102 ], [ 80.014374, 15.470162 ], [ 80.014431, 15.470239 ], [ 80.014443, 15.470255 ], [ 80.01459, 15.470455 ], [ 80.014613, 15.470486 ], [ 80.014852, 15.470809 ], [ 80.015134, 15.471191 ], [ 80.015079, 15.471238 ], [ 80.015031, 15.47128 ], [ 80.015017, 15.471292 ], [ 80.014823, 15.471323 ], [ 80.01473, 15.471338 ], [ 80.014586, 15.471361 ], [ 80.014401, 15.471391 ], [ 80.0141, 15.471431 ], [ 80.014075, 15.471436 ], [ 80.013809, 15.471497 ], [ 80.013782, 15.471503 ], [ 80.013755, 15.471509 ], [ 80.013381, 15.47144 ], [ 80.013299, 15.471397 ], [ 80.013285, 15.471389 ], [ 80.01325, 15.471371 ], [ 80.013142, 15.471316 ], [ 80.013004, 15.471246 ], [ 80.012967, 15.471227 ], [ 80.012927, 15.471207 ], [ 80.012723, 15.471101 ], [ 80.012676, 15.471078 ], [ 80.01263, 15.471057 ], [ 80.012633, 15.471043 ], [ 80.01264, 15.470998 ], [ 80.012642, 15.470997 ], [ 80.012537, 15.470935 ], [ 80.012274, 15.47078 ], [ 80.012209, 15.47074 ], [ 80.011927, 15.470923 ], [ 80.011904, 15.470937 ], [ 80.011956, 15.471109 ], [ 80.011999, 15.471256 ], [ 80.012009, 15.471288 ], [ 80.012106, 15.471617 ], [ 80.012152, 15.471771 ], [ 80.012165, 15.471815 ], [ 80.012199, 15.471927 ], [ 80.01218, 15.47204 ], [ 80.012148, 15.472229 ], [ 80.013337, 15.472038 ], [ 80.014926, 15.471806 ], [ 80.016448, 15.471631 ], [ 80.016904, 15.471771 ], [ 80.017323, 15.472042 ], [ 80.018527, 15.472345 ], [ 80.021983, 15.473231 ], [ 80.026459, 15.474378 ], [ 80.026999, 15.474293 ], [ 80.037898, 15.469923 ], [ 80.038529, 15.469635 ], [ 80.040425, 15.467842 ], [ 80.043847, 15.464848 ], [ 80.044261, 15.464516 ], [ 80.047092, 15.46314 ], [ 80.04834, 15.46292 ] ] ] } },
{ "type": "Feature", "properties": { "clip": 4, "label": "Clip 04", "area_km2": 4.49, "town": "ONGOLE" }, "geometry": { "type": "Polygon", "coordinates": [ [ [ 80.023221, 15.491041 ], [ 80.023563, 15.490569 ], [ 80.023892, 15.489471 ], [ 80.024079, 15.489113 ], [ 80.024419, 15.488838 ], [ 80.024883, 15.488624 ], [ 80.025647, 15.488455 ], [ 80.026257, 15.488181 ], [ 80.026868, 15.487653 ], [ 80.027024, 15.487422 ], [ 80.027125, 15.487123 ], [ 80.027266, 15.486676 ], [ 80.027352, 15.486362 ], [ 80.027448, 15.485719 ], [ 80.027557, 15.485339 ], [ 80.027939, 15.484451 ], [ 80.028353, 15.483466 ], [ 80.028617, 15.483018 ], [ 80.028787, 15.48284 ], [ 80.029435, 15.482663 ], [ 80.030183, 15.482667 ], [ 80.030754, 15.482497 ], [ 80.031032, 15.482461 ], [ 80.032127, 15.482413 ], [ 80.032413, 15.482288 ], [ 80.032722, 15.482005 ], [ 80.032894, 15.481602 ], [ 80.032957, 15.481213 ], [ 80.032295, 15.481106 ], [ 80.031571, 15.481073 ], [ 80.030923, 15.481085 ], [ 80.030461, 15.480859 ], [ 80.0298, 15.480542 ], [ 80.029184, 15.480434 ], [ 80.028629, 15.480342 ], [ 80.028306, 15.480236 ], [ 80.028108, 15.479622 ], [ 80.027834, 15.478993 ], [ 80.027604, 15.478618 ], [ 80.02722, 15.478467 ], [ 80.026942, 15.478406 ], [ 80.02682, 15.478196 ], [ 80.026821, 15.478017 ], [ 80.026807, 15.477643 ], [ 80.026793, 15.477464 ], [ 80.026563, 15.477059 ], [ 80.025994, 15.476772 ], [ 80.025471, 15.476456 ], [ 80.025148, 15.47629 ], [ 80.024841, 15.47608 ], [ 80.024625, 15.476034 ], [ 80.02404, 15.475927 ], [ 80.023686, 15.47591 ], [ 80.023532, 15.475745 ], [ 80.023456, 15.475535 ], [ 80.023335, 15.475086 ], [ 80.02309, 15.474741 ], [ 80.022998, 15.474636 ], [ 80.022691, 15.474381 ], [ 80.022246, 15.47387 ], [ 80.022063, 15.473436 ], [ 80.021983, 15.473231 ], [ 80.018527, 15.472345 ], [ 80.017323, 15.472042 ], [ 80.016904, 15.471771 ], [ 80.016448, 15.471631 ], [ 80.014926, 15.471806 ], [ 80.013337, 15.472038 ], [ 80.012148, 15.472229 ], [ 80.012139, 15.472283 ], [ 80.012135, 15.472308 ], [ 80.01213, 15.472343 ], [ 80.012117, 15.472418 ], [ 80.012018, 15.472493 ], [ 80.011974, 15.472526 ], [ 80.011846, 15.472623 ], [ 80.011816, 15.472656 ], [ 80.011795, 15.472662 ], [ 80.011785, 15.472669 ], [ 80.011478, 15.472753 ], [ 80.011402, 15.472774 ], [ 80.011251, 15.472815 ], [ 80.01122, 15.472823 ], [ 80.011167, 15.472838 ], [ 80.011096, 15.47285 ], [ 80.011006, 15.472869 ], [ 80.010945, 15.472881 ], [ 80.010921, 15.472886 ], [ 80.010888, 15.472893 ], [ 80.010687, 15.472934 ], [ 80.010455, 15.472963 ], [ 80.010451, 15.472963 ], [ 80.010308, 15.472981 ], [ 80.01022, 15.472992 ], [ 80.01006, 15.473012 ], [ 80.009997, 15.473019 ], [ 80.009809, 15.473078 ], [ 80.00977, 15.473091 ], [ 80.009748, 15.473099 ], [ 80.009714, 15.47311 ], [ 80.009714, 15.47311 ], [ 80.009445, 15.473257 ], [ 80.009356, 15.473306 ], [ 80.009322, 15.473325 ], [ 80.00916, 15.473413 ], [ 80.009099, 15.473455 ], [ 80.008949, 15.473559 ], [ 80.008922, 15.473578 ], [ 80.008883, 15.473605 ], [ 80.008772, 15.473683 ], [ 80.008692, 15.473738 ], [ 80.008635, 15.473822 ], [ 80.008625, 15.473837 ], [ 80.008564, 15.473925 ], [ 80.00852, 15.47399 ], [ 80.008453, 15.474087 ], [ 80.008429, 15.474099 ], [ 80.00841, 15.474108 ], [ 80.00807, 15.474272 ], [ 80.007826, 15.47439 ], [ 80.007657, 15.474471 ], [ 80.007329, 15.47463 ], [ 80.006791, 15.473939 ], [ 80.006757, 15.473955 ], [ 80.006261, 15.474187 ], [ 80.006012, 15.474304 ], [ 80.005919, 15.47434 ], [ 80.005811, 15.474374 ], [ 80.005762, 15.47439 ], [ 80.00499, 15.474635 ], [ 80.004967, 15.474642 ], [ 80.004832, 15.474444 ], [ 80.004816, 15.47442 ], [ 80.004128, 15.474706 ], [ 80.004104, 15.474716 ], [ 80.003875, 15.474812 ], [ 80.003798, 15.474843 ], [ 80.003546, 15.47487 ], [ 80.003481, 15.47459 ], [ 80.003415, 15.47431 ], [ 80.003415, 15.474307 ], [ 80.003379, 15.474152 ], [ 80.00326, 15.474184 ], [ 80.003236, 15.47419 ], [ 80.003063, 15.47424 ], [ 80.002932, 15.474277 ], [ 80.002814, 15.474373 ], [ 80.002784, 15.474397 ], [ 80.002183, 15.474889 ], [ 80.002128, 15.47492 ], [ 80.001963, 15.475012 ], [ 80.00192, 15.475037 ], [ 80.001814, 15.475096 ], [ 80.001687, 15.475087 ], [ 80.001622, 15.475082 ], [ 80.001494, 15.475073 ], [ 80.001303, 15.47523 ], [ 80.001179, 15.475332 ], [ 80.00108, 15.475413 ], [ 80.001115, 15.475527 ], [ 80.00016, 15.475814 ], [ 80.00023, 15.475977 ], [ 80.000253, 15.476033 ], [ 80.000319, 15.476187 ], [ 80.000425, 15.476468 ], [ 80.000573, 15.476862 ], [ 80.000647, 15.477057 ], [ 80.00066, 15.477091 ], [ 80.000703, 15.477207 ], [ 80.000731, 15.477386 ], [ 80.000747, 15.477483 ], [ 80.000673, 15.47757 ], [ 80.000582, 15.477678 ], [ 80.00048, 15.477745 ], [ 80.00037, 15.477813 ], [ 80.000342, 15.477836 ], [ 80.000084, 15.478004 ], [ 79.99964, 15.478295 ], [ 79.999636, 15.478579 ], [ 79.999636, 15.478631 ], [ 79.99963, 15.479142 ], [ 79.999629, 15.47919 ], [ 79.999628, 15.479302 ], [ 79.999626, 15.479358 ], [ 79.999623, 15.479422 ], [ 79.9996, 15.480016 ], [ 79.999597, 15.480086 ], [ 79.999593, 15.480211 ], [ 79.999583, 15.480394 ], [ 79.999552, 15.480963 ], [ 79.999587, 15.48116 ], [ 79.999601, 15.481243 ], [ 79.999697, 15.481786 ], [ 79.999668, 15.481813 ], [ 79.999624, 15.481774 ], [ 79.999619, 15.481775 ], [ 80.000162, 15.483161 ], [ 80.003474, 15.484164 ], [ 80.003593, 15.484397 ], [ 80.008781, 15.485719 ], [ 80.009338, 15.486225 ], [ 80.010977, 15.486194 ], [ 80.011613, 15.486971 ], [ 80.015534, 15.488074 ], [ 80.015472, 15.488316 ], [ 80.0166, 15.488699 ], [ 80.016901, 15.4884 ], [ 80.018496, 15.489007 ], [ 80.018725, 15.489192 ], [ 80.019173, 15.489524 ], [ 80.019731, 15.489953 ], [ 80.02007, 15.489983 ], [ 80.021267, 15.490298 ], [ 80.023221, 15.491041 ] ] ] } },
{ "type": "Feature", "properties": { "clip": 5, "label": "Clip 05", "area_km2": 4.3, "town": "ONGOLE" }, "geometry": { "type": "Polygon", "coordinates": [ [ [ 80.086767, 15.474531 ], [ 80.086614, 15.476339 ], [ 80.08661, 15.477206 ], [ 80.086345, 15.477901 ], [ 80.085847, 15.47902 ], [ 80.085478, 15.479669 ], [ 80.084939, 15.480392 ], [ 80.084349, 15.481238 ], [ 80.084287, 15.481372 ], [ 80.083869, 15.481729 ], [ 80.08291, 15.482428 ], [ 80.082693, 15.482726 ], [ 80.081401, 15.482182 ], [ 80.080536, 15.482538 ], [ 80.079564, 15.482668 ], [ 80.079068, 15.48313 ], [ 80.0788, 15.483569 ], [ 80.078556, 15.483991 ], [ 80.077812, 15.48472 ], [ 80.077857, 15.485117 ], [ 80.078096, 15.485133 ], [ 80.078142, 15.48526 ], [ 80.078583, 15.486548 ], [ 80.078896, 15.487252 ], [ 80.080081, 15.489925 ], [ 80.080127, 15.489974 ], [ 80.080399, 15.490401 ], [ 80.079661, 15.490817 ], [ 80.071214, 15.495506 ], [ 80.068523, 15.496984 ], [ 80.06958, 15.499301 ], [ 80.071713, 15.504968 ], [ 80.073399, 15.503386 ], [ 80.075044, 15.501881 ], [ 80.075729, 15.500528 ], [ 80.076731, 15.49999 ], [ 80.077888, 15.500266 ], [ 80.078762, 15.501432 ], [ 80.081968, 15.499508 ], [ 80.083288, 15.499358 ], [ 80.083493, 15.498003 ], [ 80.085423, 15.495337 ], [ 80.088339, 15.495775 ], [ 80.090225, 15.493962 ], [ 80.092146, 15.493195 ], [ 80.093943, 15.493473 ], [ 80.095195, 15.490572 ], [ 80.095342, 15.488993 ], [ 80.094792, 15.486705 ], [ 80.094604, 15.483953 ], [ 80.095889, 15.482563 ], [ 80.097207, 15.48147 ], [ 80.096802, 15.481141 ], [ 80.096724, 15.481084 ], [ 80.09663, 15.481011 ], [ 80.096512, 15.480921 ], [ 80.096361, 15.480805 ], [ 80.095877, 15.480435 ], [ 80.095828, 15.480398 ], [ 80.095604, 15.480226 ], [ 80.095445, 15.480104 ], [ 80.09518, 15.479902 ], [ 80.094917, 15.479749 ], [ 80.094766, 15.479662 ], [ 80.094654, 15.479597 ], [ 80.094643, 15.479587 ], [ 80.094629, 15.479583 ], [ 80.094565, 15.47951 ], [ 80.094551, 15.479497 ], [ 80.094198, 15.479153 ], [ 80.094075, 15.479033 ], [ 80.094007, 15.478956 ], [ 80.093897, 15.478833 ], [ 80.093844, 15.478774 ], [ 80.0937, 15.478613 ], [ 80.093552, 15.478438 ], [ 80.093552, 15.478438 ], [ 80.093136, 15.477942 ], [ 80.09312, 15.477922 ], [ 80.092971, 15.477733 ], [ 80.092773, 15.477483 ], [ 80.092553, 15.477205 ], [ 80.09252, 15.477164 ], [ 80.092328, 15.476923 ], [ 80.0914, 15.475762 ], [ 80.091334, 15.47566 ], [ 80.091269, 15.475559 ], [ 80.09126, 15.475545 ], [ 80.091093, 15.475286 ], [ 80.091014, 15.475163 ], [ 80.090781, 15.474801 ], [ 80.090721, 15.474723 ], [ 80.090689, 15.474662 ], [ 80.090662, 15.474613 ], [ 80.0904, 15.474127 ], [ 80.090065, 15.474296 ], [ 80.087727, 15.474374 ], [ 80.086767, 15.474531 ] ] ] } },
{ "type": "Feature", "properties": { "clip": 6, "label": "Clip 06", "area_km2": 2.62, "town": "ONGOLE" }, "geometry": { "type": "Polygon", "coordinates": [ [ [ 80.049498, 15.501163 ], [ 80.048388, 15.501249 ], [ 80.048069, 15.501295 ], [ 80.047892, 15.50144 ], [ 80.047741, 15.501651 ], [ 80.047669, 15.501814 ], [ 80.046993, 15.501978 ], [ 80.046744, 15.502108 ], [ 80.046202, 15.502615 ], [ 80.045833, 15.50289 ], [ 80.045205, 15.503208 ], [ 80.043932, 15.503628 ], [ 80.043331, 15.503773 ], [ 80.042826, 15.503918 ], [ 80.042045, 15.503871 ], [ 80.041663, 15.503811 ], [ 80.041116, 15.503692 ], [ 80.039564, 15.503213 ], [ 80.038931, 15.502999 ], [ 80.03862, 15.502885 ], [ 80.038201, 15.50261 ], [ 80.037681, 15.502215 ], [ 80.03718, 15.501841 ], [ 80.036949, 15.501615 ], [ 80.036441, 15.501048 ], [ 80.036307, 15.500855 ], [ 80.036043, 15.500326 ], [ 80.035607, 15.49956 ], [ 80.035479, 15.499334 ], [ 80.035364, 15.499037 ], [ 80.03505, 15.49863 ], [ 80.034842, 15.498271 ], [ 80.03456, 15.497938 ], [ 80.034376, 15.497681 ], [ 80.029865, 15.496046 ], [ 80.025955, 15.495326 ], [ 80.025727, 15.495763 ], [ 80.025504, 15.496604 ], [ 80.025561, 15.497099 ], [ 80.025649, 15.497506 ], [ 80.025817, 15.497885 ], [ 80.027323, 15.500565 ], [ 80.036474, 15.515252 ], [ 80.044069, 15.511176 ], [ 80.046373, 15.50983 ], [ 80.047377, 15.508865 ], [ 80.049107, 15.508015 ], [ 80.049533, 15.506656 ], [ 80.049573, 15.506472 ], [ 80.049739, 15.50625 ], [ 80.04995, 15.505999 ], [ 80.04999, 15.505918 ], [ 80.049669, 15.50523 ], [ 80.049567, 15.504908 ], [ 80.049523, 15.50464 ], [ 80.049503, 15.504334 ], [ 80.049505, 15.503874 ], [ 80.049522, 15.503565 ], [ 80.049562, 15.503247 ], [ 80.049612, 15.502738 ], [ 80.049571, 15.501933 ], [ 80.049498, 15.501163 ] ] ] } },
{ "type": "Feature", "properties": { "clip": 7, "label": "Clip 07", "area_km2": 2.5, "town": "ONGOLE" }, "geometry": { "type": "Polygon", "coordinates": [ [ [ 80.032957, 15.481213 ], [ 80.034441, 15.480408 ], [ 80.035141, 15.479898 ], [ 80.035537, 15.479518 ], [ 80.035707, 15.479136 ], [ 80.035744, 15.478569 ], [ 80.036003, 15.478548 ], [ 80.03634, 15.478757 ], [ 80.037182, 15.479252 ], [ 80.037418, 15.47922 ], [ 80.037642, 15.479472 ], [ 80.037992, 15.479343 ], [ 80.038252, 15.479027 ], [ 80.038445, 15.478646 ], [ 80.038258, 15.477794 ], [ 80.038057, 15.477444 ], [ 80.038013, 15.477127 ], [ 80.038229, 15.476789 ], [ 80.038466, 15.47655 ], [ 80.03903, 15.476323 ], [ 80.039177, 15.476051 ], [ 80.039371, 15.475561 ], [ 80.039486, 15.475059 ], [ 80.039543, 15.474797 ], [ 80.039838, 15.47446 ], [ 80.040278, 15.474146 ], [ 80.040695, 15.474027 ], [ 80.04101, 15.474029 ], [ 80.041236, 15.473997 ], [ 80.041507, 15.473791 ], [ 80.041655, 15.473377 ], [ 80.041815, 15.47282 ], [ 80.042009, 15.472308 ], [ 80.042517, 15.471994 ], [ 80.042597, 15.471787 ], [ 80.042576, 15.47147 ], [ 80.04251, 15.47099 ], [ 80.042556, 15.470793 ], [ 80.042884, 15.470522 ], [ 80.043865, 15.470209 ], [ 80.04428, 15.470408 ], [ 80.044583, 15.470704 ], [ 80.044796, 15.47077 ], [ 80.045134, 15.470695 ], [ 80.045327, 15.470467 ], [ 80.045554, 15.470064 ], [ 80.045623, 15.469595 ], [ 80.045591, 15.46918 ], [ 80.04557, 15.468929 ], [ 80.04565, 15.468602 ], [ 80.045741, 15.468427 ], [ 80.046035, 15.468134 ], [ 80.046317, 15.468091 ], [ 80.04644, 15.468136 ], [ 80.046812, 15.468083 ], [ 80.047015, 15.468051 ], [ 80.046827, 15.467275 ], [ 80.046592, 15.467001 ], [ 80.046391, 15.466629 ], [ 80.046404, 15.466367 ], [ 80.046426, 15.466334 ], [ 80.04654, 15.466138 ], [ 80.046878, 15.466009 ], [ 80.047181, 15.46613 ], [ 80.047598, 15.466132 ], [ 80.048015, 15.466046 ], [ 80.048285, 15.465982 ], [ 80.048375, 15.46607 ], [ 80.048264, 15.46822 ], [ 80.048317, 15.468755 ], [ 80.048326, 15.46941 ], [ 80.048457, 15.469886 ], [ 80.048644, 15.47041 ], [ 80.048862, 15.470896 ], [ 80.04913, 15.471275 ], [ 80.049537, 15.471741 ], [ 80.050473, 15.472462 ], [ 80.051869, 15.47305 ], [ 80.053512, 15.47358 ], [ 80.054026, 15.46176 ], [ 80.053507, 15.461718 ], [ 80.052641, 15.461991 ], [ 80.052281, 15.462 ], [ 80.051997, 15.462013 ], [ 80.051891, 15.462086 ], [ 80.05167, 15.462204 ], [ 80.051347, 15.462272 ], [ 80.051148, 15.462333 ], [ 80.050597, 15.46244 ], [ 80.049367, 15.46274 ], [ 80.04834, 15.46292 ], [ 80.047092, 15.46314 ], [ 80.044261, 15.464516 ], [ 80.043847, 15.464848 ], [ 80.040425, 15.467842 ], [ 80.038529, 15.469635 ], [ 80.037898, 15.469923 ], [ 80.026999, 15.474293 ], [ 80.026459, 15.474378 ], [ 80.021983, 15.473231 ], [ 80.022063, 15.473436 ], [ 80.022246, 15.47387 ], [ 80.022691, 15.474381 ], [ 80.022998, 15.474636 ], [ 80.02309, 15.474741 ], [ 80.023335, 15.475086 ], [ 80.023456, 15.475535 ], [ 80.023532, 15.475745 ], [ 80.023686, 15.47591 ], [ 80.02404, 15.475927 ], [ 80.024625, 15.476034 ], [ 80.024841, 15.47608 ], [ 80.025148, 15.47629 ], [ 80.025471, 15.476456 ], [ 80.025994, 15.476772 ], [ 80.026563, 15.477059 ], [ 80.026793, 15.477464 ], [ 80.026807, 15.477643 ], [ 80.026821, 15.478017 ], [ 80.02682, 15.478196 ], [ 80.026942, 15.478406 ], [ 80.02722, 15.478467 ], [ 80.027604, 15.478618 ], [ 80.027834, 15.478993 ], [ 80.028108, 15.479622 ], [ 80.028306, 15.480236 ], [ 80.028629, 15.480342 ], [ 80.029184, 15.480434 ], [ 80.0298, 15.480542 ], [ 80.030461, 15.480859 ], [ 80.030923, 15.481085 ], [ 80.031571, 15.481073 ], [ 80.032295, 15.481106 ], [ 80.032957, 15.481213 ] ] ] } },
{ "type": "Feature", "properties": { "clip": 8, "label": "Clip 08", "area_km2": 7.9, "town": "ONGOLE" }, "geometry": { "type": "Polygon", "coordinates": [ [ [ 80.015975, 15.453161 ], [ 80.016103, 15.453229 ], [ 80.018046, 15.452917 ], [ 80.022653, 15.454927 ], [ 80.023506, 15.45542 ], [ 80.023706, 15.455542 ], [ 80.024725, 15.455789 ], [ 80.025495, 15.455924 ], [ 80.026144, 15.456247 ], [ 80.026493, 15.456375 ], [ 80.026888, 15.456478 ], [ 80.027272, 15.456625 ], [ 80.027442, 15.456811 ], [ 80.027941, 15.457094 ], [ 80.02804, 15.457143 ], [ 80.02812, 15.457313 ], [ 80.029139, 15.457463 ], [ 80.029939, 15.457627 ], [ 80.031134, 15.457782 ], [ 80.031379, 15.457851 ], [ 80.031629, 15.457853 ], [ 80.032074, 15.457913 ], [ 80.033254, 15.458025 ], [ 80.033468, 15.458098 ], [ 80.033773, 15.458138 ], [ 80.034118, 15.458237 ], [ 80.034998, 15.458241 ], [ 80.035353, 15.458359 ], [ 80.036211, 15.45894 ], [ 80.036205, 15.4591 ], [ 80.0363, 15.459595 ], [ 80.036391, 15.459909 ], [ 80.036438, 15.46004 ], [ 80.036419, 15.460408 ], [ 80.03717, 15.460368 ], [ 80.037345, 15.460364 ], [ 80.038329, 15.460582 ], [ 80.03845, 15.460524 ], [ 80.038605, 15.460486 ], [ 80.03869, 15.460469 ], [ 80.038795, 15.460484 ], [ 80.038892, 15.460533 ], [ 80.039313, 15.460842 ], [ 80.039414, 15.460939 ], [ 80.039456, 15.461072 ], [ 80.039779, 15.462172 ], [ 80.039813, 15.462279 ], [ 80.039878, 15.462369 ], [ 80.040005, 15.462462 ], [ 80.0401, 15.462501 ], [ 80.04025, 15.462555 ], [ 80.040375, 15.462548 ], [ 80.041292, 15.462471 ], [ 80.045106, 15.46192 ], [ 80.046173, 15.461769 ], [ 80.046858, 15.461685 ], [ 80.047174, 15.461633 ], [ 80.047444, 15.461546 ], [ 80.048269, 15.461594 ], [ 80.04834, 15.46292 ], [ 80.049367, 15.46274 ], [ 80.050597, 15.46244 ], [ 80.051148, 15.462333 ], [ 80.051347, 15.462272 ], [ 80.05167, 15.462204 ], [ 80.051891, 15.462086 ], [ 80.051997, 15.462013 ], [ 80.052281, 15.462 ], [ 80.052641, 15.461991 ], [ 80.053507, 15.461718 ], [ 80.054026, 15.46176 ], [ 80.054225, 15.457182 ], [ 80.054226, 15.457152 ], [ 80.051408, 15.439945 ], [ 80.050844, 15.43663 ], [ 80.050762, 15.436654 ], [ 80.050728, 15.436664 ], [ 80.050573, 15.43671 ], [ 80.050482, 15.436737 ], [ 80.050399, 15.436761 ], [ 80.050021, 15.436871 ], [ 80.048974, 15.437177 ], [ 80.048909, 15.437196 ], [ 80.048765, 15.437238 ], [ 80.048647, 15.437272 ], [ 80.048533, 15.437304 ], [ 80.04746, 15.437609 ], [ 80.047445, 15.437613 ], [ 80.047006, 15.437742 ], [ 80.046491, 15.437866 ], [ 80.046062, 15.437968 ], [ 80.045998, 15.437983 ], [ 80.045687, 15.438057 ], [ 80.045281, 15.438172 ], [ 80.045222, 15.438191 ], [ 80.045069, 15.438239 ], [ 80.044717, 15.438165 ], [ 80.043245, 15.437856 ], [ 80.043115, 15.437828 ], [ 80.042765, 15.437755 ], [ 80.041632, 15.438312 ], [ 80.041441, 15.438406 ], [ 80.041024, 15.438611 ], [ 80.040459, 15.438736 ], [ 80.040351, 15.43876 ], [ 80.039456, 15.438958 ], [ 80.039257, 15.439002 ], [ 80.038459, 15.439128 ], [ 80.03804, 15.439195 ], [ 80.037737, 15.439275 ], [ 80.037307, 15.439389 ], [ 80.037166, 15.439427 ], [ 80.036695, 15.439423 ], [ 80.036508, 15.439422 ], [ 80.036432, 15.43944 ], [ 80.036401, 15.439448 ], [ 80.036149, 15.439509 ], [ 80.035932, 15.439562 ], [ 80.035728, 15.439618 ], [ 80.034908, 15.439701 ], [ 80.034895, 15.439702 ], [ 80.034821, 15.439648 ], [ 80.034378, 15.439742 ], [ 80.034353, 15.439748 ], [ 80.033617, 15.439904 ], [ 80.033511, 15.439927 ], [ 80.033381, 15.439954 ], [ 80.033206, 15.440001 ], [ 80.032669, 15.440063 ], [ 80.03245, 15.440054 ], [ 80.032616, 15.440499 ], [ 80.032119, 15.440817 ], [ 80.030823, 15.441181 ], [ 80.03069, 15.441218 ], [ 80.030496, 15.441273 ], [ 80.029446, 15.441159 ], [ 80.02944, 15.441161 ], [ 80.028192, 15.441465 ], [ 80.027881, 15.441541 ], [ 80.027598, 15.441651 ], [ 80.027495, 15.441692 ], [ 80.027453, 15.441708 ], [ 80.027366, 15.441742 ], [ 80.027125, 15.441836 ], [ 80.026794, 15.441966 ], [ 80.026087, 15.442242 ], [ 80.026042, 15.442571 ], [ 80.026024, 15.4427 ], [ 80.02526, 15.443033 ], [ 80.025135, 15.443088 ], [ 80.024951, 15.443168 ], [ 80.023164, 15.444078 ], [ 80.02311, 15.444106 ], [ 80.022867, 15.44423 ], [ 80.022663, 15.444333 ], [ 80.02252, 15.444405 ], [ 80.022496, 15.444417 ], [ 80.022223, 15.444555 ], [ 80.021804, 15.444683 ], [ 80.020796, 15.444846 ], [ 80.02058, 15.444881 ], [ 80.020565, 15.444882 ], [ 80.020342, 15.444903 ], [ 80.020033, 15.445005 ], [ 80.019967, 15.445027 ], [ 80.018903, 15.44538 ], [ 80.018855, 15.445395 ], [ 80.018705, 15.445375 ], [ 80.018603, 15.44536 ], [ 80.018423, 15.445335 ], [ 80.018404, 15.445333 ], [ 80.018392, 15.445331 ], [ 80.01841, 15.445372 ], [ 80.018445, 15.445453 ], [ 80.018453, 15.44547 ], [ 80.01848, 15.445532 ], [ 80.018429, 15.44572 ], [ 80.018417, 15.445764 ], [ 80.01834, 15.446047 ], [ 80.018244, 15.4464 ], [ 80.018201, 15.446557 ], [ 80.018161, 15.446702 ], [ 80.018149, 15.446748 ], [ 80.018144, 15.446766 ], [ 80.017993, 15.446874 ], [ 80.017927, 15.446921 ], [ 80.017742, 15.447053 ], [ 80.017421, 15.447102 ], [ 80.017335, 15.447116 ], [ 80.017048, 15.447238 ], [ 80.016585, 15.447437 ], [ 80.016448, 15.447495 ], [ 80.016301, 15.447558 ], [ 80.016183, 15.447612 ], [ 80.015374, 15.447984 ], [ 80.015032, 15.448065 ], [ 80.014777, 15.448125 ], [ 80.014684, 15.448147 ], [ 80.014725, 15.448319 ], [ 80.014734, 15.44836 ], [ 80.014771, 15.448515 ], [ 80.014785, 15.448571 ], [ 80.014967, 15.449332 ], [ 80.014967, 15.449334 ], [ 80.015091, 15.449855 ], [ 80.0152, 15.450093 ], [ 80.015261, 15.450226 ], [ 80.015272, 15.450252 ], [ 80.015302, 15.450318 ], [ 80.015336, 15.450404 ], [ 80.015579, 15.451019 ], [ 80.015675, 15.45122 ], [ 80.015706, 15.451283 ], [ 80.015742, 15.451357 ], [ 80.015639, 15.451421 ], [ 80.015448, 15.45154 ], [ 80.015478, 15.451634 ], [ 80.015581, 15.45195 ], [ 80.0157, 15.452316 ], [ 80.015744, 15.452449 ], [ 80.015975, 15.453161 ] ] ] } },
{ "type": "Feature", "properties": { "clip": 9, "label": "Clip 09", "area_km2": 8.54, "town": "ONGOLE" }, "geometry": { "type": "Polygon", "coordinates": [ [ [ 79.999776, 15.500781 ], [ 79.99989, 15.500717 ], [ 80.000389, 15.500647 ], [ 80.000644, 15.500504 ], [ 80.000921, 15.500217 ], [ 80.001219, 15.500105 ], [ 80.00175, 15.500036 ], [ 80.002121, 15.500058 ], [ 80.002482, 15.500173 ], [ 80.002545, 15.500307 ], [ 80.002253, 15.501458 ], [ 80.002058, 15.502136 ], [ 80.001946, 15.503432 ], [ 80.001832, 15.503972 ], [ 80.001645, 15.504316 ], [ 80.001243, 15.50504 ], [ 80.001008, 15.505471 ], [ 80.000794, 15.50582 ], [ 80.000629, 15.506982 ], [ 80.000259, 15.508936 ], [ 79.999779, 15.511568 ], [ 80.000195, 15.513278 ], [ 80.00015, 15.513813 ], [ 80.000233, 15.514328 ], [ 80.000485, 15.514782 ], [ 80.00048, 15.515893 ], [ 80.000453, 15.516964 ], [ 80.000234, 15.518383 ], [ 80.000477, 15.519764 ], [ 80.000627, 15.51979 ], [ 80.002245, 15.520037 ], [ 80.002455, 15.520067 ], [ 80.002657, 15.52006 ], [ 80.002792, 15.52001 ], [ 80.011055, 15.515114 ], [ 80.011378, 15.514999 ], [ 80.018107, 15.513387 ], [ 80.020703, 15.512737 ], [ 80.020891, 15.512644 ], [ 80.021026, 15.512543 ], [ 80.021101, 15.512438 ], [ 80.021102, 15.512361 ], [ 80.020703, 15.507906 ], [ 80.020141, 15.502719 ], [ 80.020157, 15.502552 ], [ 80.020278, 15.502371 ], [ 80.024539, 15.497217 ], [ 80.024645, 15.497075 ], [ 80.02557, 15.497138 ], [ 80.025561, 15.497099 ], [ 80.025504, 15.496604 ], [ 80.025727, 15.495763 ], [ 80.025955, 15.495326 ], [ 80.026151, 15.494951 ], [ 80.029758, 15.492777 ], [ 80.027581, 15.492496 ], [ 80.026992, 15.492474 ], [ 80.023221, 15.491041 ], [ 80.021267, 15.490298 ], [ 80.02007, 15.489983 ], [ 80.019731, 15.489953 ], [ 80.019173, 15.489524 ], [ 80.018725, 15.489192 ], [ 80.018496, 15.489007 ], [ 80.016901, 15.4884 ], [ 80.0166, 15.488699 ], [ 80.015472, 15.488316 ], [ 80.015534, 15.488074 ], [ 80.011613, 15.486971 ], [ 80.010977, 15.486194 ], [ 80.009338, 15.486225 ], [ 80.008781, 15.485719 ], [ 80.003593, 15.484397 ], [ 80.003474, 15.484164 ], [ 80.000162, 15.483161 ], [ 79.999619, 15.481775 ], [ 79.999534, 15.481805 ], [ 79.999272, 15.481897 ], [ 79.999149, 15.481941 ], [ 79.999093, 15.48196 ], [ 79.999015, 15.481988 ], [ 79.998701, 15.482123 ], [ 79.998568, 15.48216 ], [ 79.998532, 15.482169 ], [ 79.998475, 15.482185 ], [ 79.998336, 15.482221 ], [ 79.998305, 15.482229 ], [ 79.998042, 15.482297 ], [ 79.99787, 15.482295 ], [ 79.997645, 15.482293 ], [ 79.997556, 15.482268 ], [ 79.997536, 15.482263 ], [ 79.997241, 15.482183 ], [ 79.99698, 15.482151 ], [ 79.996779, 15.48215 ], [ 79.996753, 15.482149 ], [ 79.996601, 15.482098 ], [ 79.996358, 15.482025 ], [ 79.996288, 15.481992 ], [ 79.996132, 15.481919 ], [ 79.995895, 15.481798 ], [ 79.995846, 15.481767 ], [ 79.995668, 15.481653 ], [ 79.995586, 15.4816 ], [ 79.995546, 15.481575 ], [ 79.995533, 15.481567 ], [ 79.995502, 15.481549 ], [ 79.995218, 15.481389 ], [ 79.994972, 15.481304 ], [ 79.99489, 15.481286 ], [ 79.994739, 15.481296 ], [ 79.994309, 15.481347 ], [ 79.994253, 15.481358 ], [ 79.994211, 15.481366 ], [ 79.994103, 15.481386 ], [ 79.993981, 15.481409 ], [ 79.993858, 15.481389 ], [ 79.993597, 15.481348 ], [ 79.993589, 15.481346 ], [ 79.993391, 15.481401 ], [ 79.993282, 15.481385 ], [ 79.993203, 15.481344 ], [ 79.993156, 15.48132 ], [ 79.993142, 15.481313 ], [ 79.99292, 15.481318 ], [ 79.992886, 15.481319 ], [ 79.992779, 15.481322 ], [ 79.992601, 15.481375 ], [ 79.992353, 15.481422 ], [ 79.991846, 15.481582 ], [ 79.991531, 15.481669 ], [ 79.991429, 15.481697 ], [ 79.991382, 15.48171 ], [ 79.990941, 15.48189 ], [ 79.990902, 15.481906 ], [ 79.990987, 15.482247 ], [ 79.991007, 15.482327 ], [ 79.991025, 15.482398 ], [ 79.991044, 15.482476 ], [ 79.99108, 15.482573 ], [ 79.991112, 15.482659 ], [ 79.991118, 15.482675 ], [ 79.991129, 15.482705 ], [ 79.991183, 15.482688 ], [ 79.991226, 15.48284 ], [ 79.99131, 15.482994 ], [ 79.991338, 15.483046 ], [ 79.991391, 15.483145 ], [ 79.991418, 15.483194 ], [ 79.991636, 15.483597 ], [ 79.991768, 15.483857 ], [ 79.991769, 15.48386 ], [ 79.991918, 15.484156 ], [ 79.992196, 15.484572 ], [ 79.992203, 15.484582 ], [ 79.992276, 15.484692 ], [ 79.992654, 15.485259 ], [ 79.992672, 15.485286 ], [ 79.992741, 15.485389 ], [ 79.992837, 15.485459 ], [ 79.993166, 15.485333 ], [ 79.99321, 15.485316 ], [ 79.993324, 15.485273 ], [ 79.993449, 15.485225 ], [ 79.993594, 15.48517 ], [ 79.993766, 15.485498 ], [ 79.993789, 15.485542 ], [ 79.994215, 15.486356 ], [ 79.994221, 15.486367 ], [ 79.99433, 15.486576 ], [ 79.994677, 15.487123 ], [ 79.994704, 15.487165 ], [ 79.99473, 15.487215 ], [ 79.994827, 15.487404 ], [ 79.994874, 15.487496 ], [ 79.995196, 15.488122 ], [ 79.995514, 15.488739 ], [ 79.995862, 15.489417 ], [ 79.99587, 15.489433 ], [ 79.996095, 15.489871 ], [ 79.996361, 15.490374 ], [ 79.996376, 15.490406 ], [ 79.996512, 15.490726 ], [ 79.996517, 15.490739 ], [ 79.996806, 15.491423 ], [ 79.996818, 15.49145 ], [ 79.997093, 15.492101 ], [ 79.997095, 15.492105 ], [ 79.997273, 15.492526 ], [ 79.99765, 15.493535 ], [ 79.997664, 15.493571 ], [ 79.99804, 15.494578 ], [ 79.998078, 15.49474 ], [ 79.998158, 15.495077 ], [ 79.998232, 15.49539 ], [ 79.998243, 15.495438 ], [ 79.998323, 15.495778 ], [ 79.998459, 15.496352 ], [ 79.998469, 15.496396 ], [ 79.998665, 15.497225 ], [ 79.998754, 15.497513 ], [ 79.998851, 15.497829 ], [ 79.998876, 15.497908 ], [ 79.99902, 15.498376 ], [ 79.999105, 15.49865 ], [ 79.9993, 15.499285 ], [ 79.999315, 15.499331 ], [ 79.999399, 15.499606 ], [ 79.999549, 15.500093 ], [ 79.999624, 15.500319 ], [ 79.999688, 15.500515 ], [ 79.999738, 15.500665 ], [ 79.999754, 15.500715 ], [ 79.999776, 15.500781 ] ] ] } },
{ "type": "Feature", "properties": { "clip": 10, "label": "Clip 10", "area_km2": 5.19, "town": "ONGOLE" }, "geometry": { "type": "Polygon", "coordinates": [ [ [ 80.040356, 15.518893 ], [ 80.039602, 15.519754 ], [ 80.039, 15.520043 ], [ 80.038238, 15.520447 ], [ 80.037776, 15.520736 ], [ 80.037133, 15.521179 ], [ 80.03645, 15.521778 ], [ 80.035968, 15.522183 ], [ 80.035184, 15.522956 ], [ 80.033998, 15.523902 ], [ 80.032592, 15.525021 ], [ 80.031368, 15.525734 ], [ 80.030363, 15.526467 ], [ 80.02972, 15.527143 ], [ 80.028957, 15.527683 ], [ 80.028595, 15.527934 ], [ 80.027573, 15.528279 ], [ 80.026811, 15.52845 ], [ 80.026329, 15.528836 ], [ 80.026088, 15.529107 ], [ 80.025946, 15.529494 ], [ 80.025784, 15.52994 ], [ 80.0253, 15.530539 ], [ 80.024836, 15.531314 ], [ 80.024413, 15.53201 ], [ 80.02413, 15.53263 ], [ 80.023989, 15.532785 ], [ 80.023587, 15.533093 ], [ 80.023465, 15.533384 ], [ 80.023525, 15.53352 ], [ 80.023673, 15.533899 ], [ 80.023652, 15.534108 ], [ 80.023637, 15.534146 ], [ 80.023547, 15.534228 ], [ 80.022564, 15.534588 ], [ 80.022434, 15.53465 ], [ 80.022178, 15.534746 ], [ 80.022088, 15.53477 ], [ 80.021953, 15.534784 ], [ 80.021853, 15.534784 ], [ 80.021772, 15.534798 ], [ 80.021662, 15.534836 ], [ 80.019687, 15.535636 ], [ 80.021502, 15.539256 ], [ 80.021565, 15.539338 ], [ 80.02165, 15.539359 ], [ 80.021881, 15.539947 ], [ 80.023625, 15.543539 ], [ 80.024059, 15.543198 ], [ 80.024371, 15.542952 ], [ 80.024782, 15.542629 ], [ 80.024831, 15.54259 ], [ 80.025031, 15.542434 ], [ 80.025253, 15.54252 ], [ 80.025826, 15.542744 ], [ 80.026748, 15.542317 ], [ 80.02733, 15.542583 ], [ 80.027665, 15.542736 ], [ 80.02769, 15.542748 ], [ 80.027764, 15.542781 ], [ 80.027775, 15.542786 ], [ 80.028182, 15.542973 ], [ 80.02828, 15.543 ], [ 80.029332, 15.543292 ], [ 80.030195, 15.543502 ], [ 80.030197, 15.543506 ], [ 80.030249, 15.543611 ], [ 80.030268, 15.54365 ], [ 80.030077, 15.543707 ], [ 80.030062, 15.543711 ], [ 80.030158, 15.543893 ], [ 80.030409, 15.544368 ], [ 80.030453, 15.544456 ], [ 80.030465, 15.54448 ], [ 80.030481, 15.544511 ], [ 80.030487, 15.544509 ], [ 80.03082, 15.544382 ], [ 80.031271, 15.544211 ], [ 80.031271, 15.544211 ], [ 80.031567, 15.544094 ], [ 80.031549, 15.54403 ], [ 80.031426, 15.543656 ], [ 80.031447, 15.543663 ], [ 80.031572, 15.5437 ], [ 80.03207, 15.543849 ], [ 80.032191, 15.543885 ], [ 80.032301, 15.543875 ], [ 80.032344, 15.543882 ], [ 80.032369, 15.543886 ], [ 80.032388, 15.54389 ], [ 80.033661, 15.544103 ], [ 80.033777, 15.544239 ], [ 80.033826, 15.544297 ], [ 80.033927, 15.544415 ], [ 80.034021, 15.544526 ], [ 80.034086, 15.544602 ], [ 80.034118, 15.54464 ], [ 80.034185, 15.544719 ], [ 80.034196, 15.544732 ], [ 80.0342, 15.544736 ], [ 80.034727, 15.544733 ], [ 80.034818, 15.544733 ], [ 80.034861, 15.544668 ], [ 80.034936, 15.544534 ], [ 80.034953, 15.544503 ], [ 80.035105, 15.544227 ], [ 80.035371, 15.543749 ], [ 80.035399, 15.543698 ], [ 80.035653, 15.543239 ], [ 80.035689, 15.543175 ], [ 80.035764, 15.543039 ], [ 80.035894, 15.542805 ], [ 80.035971, 15.542608 ], [ 80.036006, 15.542521 ], [ 80.03631, 15.542343 ], [ 80.036333, 15.542344 ], [ 80.036341, 15.542344 ], [ 80.036376, 15.542354 ], [ 80.036957, 15.542617 ], [ 80.036976, 15.542618 ], [ 80.037006, 15.542618 ], [ 80.03701, 15.542616 ], [ 80.037194, 15.542559 ], [ 80.037316, 15.542531 ], [ 80.037605, 15.542467 ], [ 80.037635, 15.542463 ], [ 80.037771, 15.54247 ], [ 80.037982, 15.54248 ], [ 80.038152, 15.542526 ], [ 80.038674, 15.542584 ], [ 80.038753, 15.54257 ], [ 80.039163, 15.542488 ], [ 80.039615, 15.54233 ], [ 80.039795, 15.542254 ], [ 80.040021, 15.542139 ], [ 80.040169, 15.542022 ], [ 80.040196, 15.542026 ], [ 80.040231, 15.542053 ], [ 80.040245, 15.542074 ], [ 80.040333, 15.542135 ], [ 80.04043, 15.542094 ], [ 80.040549, 15.542042 ], [ 80.040626, 15.541899 ], [ 80.040631, 15.541868 ], [ 80.040507, 15.541588 ], [ 80.040463, 15.541487 ], [ 80.040402, 15.541355 ], [ 80.040426, 15.541217 ], [ 80.040438, 15.541146 ], [ 80.040429, 15.541009 ], [ 80.040375, 15.540976 ], [ 80.040242, 15.540941 ], [ 80.040122, 15.540909 ], [ 80.040113, 15.540888 ], [ 80.040071, 15.540737 ], [ 80.040074, 15.54071 ], [ 80.040094, 15.540675 ], [ 80.040411, 15.540372 ], [ 80.040424, 15.540341 ], [ 80.040421, 15.540296 ], [ 80.040299, 15.540032 ], [ 80.040364, 15.539992 ], [ 80.040571, 15.539926 ], [ 80.040613, 15.539933 ], [ 80.040697, 15.53996 ], [ 80.040756, 15.539986 ], [ 80.0408, 15.540015 ], [ 80.04094, 15.540262 ], [ 80.040957, 15.540277 ], [ 80.040999, 15.540272 ], [ 80.041345, 15.540137 ], [ 80.041742, 15.539931 ], [ 80.041797, 15.539902 ], [ 80.041797, 15.539876 ], [ 80.041795, 15.539424 ], [ 80.041675, 15.539472 ], [ 80.041425, 15.539371 ], [ 80.04135, 15.539339 ], [ 80.041375, 15.539243 ], [ 80.041425, 15.5391 ], [ 80.041686, 15.539006 ], [ 80.04182, 15.538958 ], [ 80.042215, 15.538864 ], [ 80.042251, 15.538855 ], [ 80.042272, 15.53885 ], [ 80.042314, 15.538839 ], [ 80.042316, 15.538839 ], [ 80.042481, 15.538797 ], [ 80.042519, 15.538787 ], [ 80.042586, 15.53877 ], [ 80.04318, 15.538247 ], [ 80.043345, 15.538323 ], [ 80.043412, 15.538354 ], [ 80.043551, 15.538418 ], [ 80.043599, 15.53844 ], [ 80.043772, 15.538393 ], [ 80.043629, 15.538036 ], [ 80.043503, 15.537722 ], [ 80.043653, 15.537632 ], [ 80.043701, 15.537603 ], [ 80.043743, 15.537636 ], [ 80.043839, 15.537714 ], [ 80.043873, 15.53774 ], [ 80.043972, 15.53782 ], [ 80.04417, 15.537677 ], [ 80.04425, 15.537662 ], [ 80.044333, 15.537646 ], [ 80.04454, 15.537607 ], [ 80.044639, 15.537488 ], [ 80.044678, 15.53735 ], [ 80.04469, 15.537307 ], [ 80.04474, 15.53713 ], [ 80.044745, 15.537112 ], [ 80.044807, 15.536893 ], [ 80.04488, 15.536632 ], [ 80.045016, 15.53615 ], [ 80.04523, 15.53596 ], [ 80.045338, 15.535864 ], [ 80.04555, 15.535929 ], [ 80.045658, 15.535961 ], [ 80.045787, 15.535998 ], [ 80.046003, 15.536058 ], [ 80.046059, 15.536093 ], [ 80.046273, 15.536227 ], [ 80.046619, 15.536133 ], [ 80.046619, 15.536096 ], [ 80.04662, 15.536065 ], [ 80.04662, 15.536047 ], [ 80.046618, 15.535982 ], [ 80.046613, 15.535918 ], [ 80.046606, 15.535833 ], [ 80.046601, 15.535775 ], [ 80.04649, 15.535088 ], [ 80.046624, 15.535165 ], [ 80.046642, 15.535175 ], [ 80.046805, 15.535269 ], [ 80.046814, 15.535274 ], [ 80.046827, 15.535281 ], [ 80.046862, 15.535275 ], [ 80.046973, 15.535181 ], [ 80.047029, 15.535135 ], [ 80.047031, 15.535125 ], [ 80.047033, 15.535117 ], [ 80.047029, 15.535107 ], [ 80.047026, 15.535099 ], [ 80.047043, 15.535082 ], [ 80.046925, 15.534804 ], [ 80.046921, 15.534795 ], [ 80.047083, 15.534639 ], [ 80.047095, 15.534628 ], [ 80.047047, 15.534389 ], [ 80.047047, 15.534269 ], [ 80.047089, 15.534199 ], [ 80.047147, 15.534102 ], [ 80.047283, 15.534103 ], [ 80.047344, 15.534103 ], [ 80.048059, 15.533373 ], [ 80.048307, 15.533424 ], [ 80.048389, 15.533601 ], [ 80.04848, 15.533797 ], [ 80.04875, 15.534205 ], [ 80.049019, 15.534494 ], [ 80.049224, 15.534654 ], [ 80.049254, 15.534679 ], [ 80.049312, 15.534726 ], [ 80.049366, 15.534812 ], [ 80.049514, 15.534811 ], [ 80.049515, 15.534811 ], [ 80.04846, 15.529853 ], [ 80.04756, 15.525606 ], [ 80.046847, 15.524247 ], [ 80.040356, 15.518893 ] ] ] } },
{ "type": "Feature", "properties": { "clip": 11, "label": "Clip 11", "area_km2": 5.41, "town": "ONGOLE" }, "geometry": { "type": "Polygon", "coordinates": [ [ [ 80.069443, 15.452515 ], [ 80.069416, 15.452485 ], [ 80.069235, 15.452468 ], [ 80.068882, 15.452392 ], [ 80.068671, 15.452415 ], [ 80.068321, 15.452491 ], [ 80.06759, 15.452716 ], [ 80.066182, 15.453195 ], [ 80.065491, 15.453372 ], [ 80.063933, 15.45387 ], [ 80.062748, 15.454336 ], [ 80.06252, 15.454458 ], [ 80.061485, 15.455366 ], [ 80.060823, 15.455722 ], [ 80.060061, 15.456204 ], [ 80.059378, 15.456803 ], [ 80.059146, 15.457044 ], [ 80.058635, 15.457188 ], [ 80.057825, 15.457223 ], [ 80.056014, 15.457148 ], [ 80.054225, 15.457182 ], [ 80.053512, 15.47358 ], [ 80.056944, 15.474524 ], [ 80.0583, 15.475266 ], [ 80.059094, 15.476316 ], [ 80.059311, 15.476792 ], [ 80.060364, 15.476388 ], [ 80.061654, 15.475936 ], [ 80.06179, 15.475813 ], [ 80.061813, 15.475573 ], [ 80.061859, 15.475421 ], [ 80.06195, 15.475261 ], [ 80.062362, 15.475103 ], [ 80.064051, 15.474449 ], [ 80.066122, 15.473819 ], [ 80.067352, 15.473388 ], [ 80.068525, 15.472521 ], [ 80.070328, 15.471337 ], [ 80.071522, 15.472504 ], [ 80.072328, 15.473147 ], [ 80.073825, 15.473618 ], [ 80.074934, 15.473536 ], [ 80.077694, 15.472792 ], [ 80.079739, 15.471318 ], [ 80.080818, 15.471235 ], [ 80.081805, 15.471675 ], [ 80.081891, 15.47246 ], [ 80.082188, 15.47313 ], [ 80.082785, 15.473656 ], [ 80.083653, 15.474037 ], [ 80.084488, 15.474883 ], [ 80.084877, 15.475059 ], [ 80.085717, 15.474772 ], [ 80.086347, 15.4746 ], [ 80.086767, 15.474531 ], [ 80.087727, 15.474374 ], [ 80.090065, 15.474296 ], [ 80.0904, 15.474127 ], [ 80.090333, 15.474002 ], [ 80.090217, 15.473803 ], [ 80.090163, 15.473713 ], [ 80.090157, 15.473704 ], [ 80.090098, 15.473604 ], [ 80.090045, 15.473516 ], [ 80.090031, 15.473493 ], [ 80.089997, 15.473451 ], [ 80.08961, 15.472979 ], [ 80.089067, 15.472315 ], [ 80.089022, 15.472261 ], [ 80.088965, 15.472191 ], [ 80.08867, 15.47183 ], [ 80.088493, 15.471606 ], [ 80.088473, 15.47158 ], [ 80.088437, 15.471534 ], [ 80.088428, 15.471523 ], [ 80.088103, 15.47111 ], [ 80.087707, 15.470638 ], [ 80.087595, 15.470506 ], [ 80.087557, 15.470449 ], [ 80.087448, 15.47029 ], [ 80.087355, 15.470128 ], [ 80.087266, 15.469976 ], [ 80.08702, 15.469552 ], [ 80.086898, 15.46934 ], [ 80.086888, 15.469324 ], [ 80.086867, 15.469289 ], [ 80.086847, 15.469255 ], [ 80.086846, 15.469254 ], [ 80.08677, 15.469125 ], [ 80.086492, 15.468658 ], [ 80.086363, 15.468442 ], [ 80.086251, 15.468253 ], [ 80.086171, 15.468117 ], [ 80.086133, 15.468033 ], [ 80.086105, 15.46797 ], [ 80.086046, 15.467837 ], [ 80.08602, 15.467736 ], [ 80.085931, 15.467388 ], [ 80.0859, 15.46727 ], [ 80.085793, 15.467158 ], [ 80.08467, 15.465993 ], [ 80.084638, 15.465993 ], [ 80.08444, 15.465995 ], [ 80.084256, 15.466001 ], [ 80.083834, 15.466016 ], [ 80.082586, 15.466061 ], [ 80.08231, 15.466081 ], [ 80.082251, 15.466085 ], [ 80.081946, 15.466107 ], [ 80.081794, 15.466118 ], [ 80.081515, 15.466139 ], [ 80.080914, 15.46621 ], [ 80.080513, 15.466257 ], [ 80.079762, 15.466447 ], [ 80.079051, 15.466676 ], [ 80.078948, 15.466709 ], [ 80.078737, 15.466777 ], [ 80.078715, 15.466785 ], [ 80.078647, 15.466808 ], [ 80.078589, 15.466828 ], [ 80.077234, 15.467434 ], [ 80.076693, 15.467662 ], [ 80.076661, 15.467676 ], [ 80.076447, 15.467781 ], [ 80.076222, 15.467883 ], [ 80.076183, 15.467903 ], [ 80.075828, 15.468079 ], [ 80.075556, 15.468214 ], [ 80.075539, 15.468185 ], [ 80.075523, 15.468159 ], [ 80.075465, 15.468065 ], [ 80.075433, 15.467989 ], [ 80.075409, 15.467932 ], [ 80.075233, 15.467512 ], [ 80.074973, 15.466891 ], [ 80.074961, 15.466862 ], [ 80.074856, 15.466608 ], [ 80.07473, 15.466303 ], [ 80.074604, 15.46598 ], [ 80.074438, 15.465531 ], [ 80.074364, 15.465309 ], [ 80.074334, 15.465218 ], [ 80.0743, 15.46512 ], [ 80.074079, 15.464537 ], [ 80.074066, 15.464504 ], [ 80.073962, 15.46423 ], [ 80.073912, 15.46411 ], [ 80.07389, 15.464054 ], [ 80.073871, 15.464005 ], [ 80.07377, 15.463742 ], [ 80.0737, 15.463558 ], [ 80.073669, 15.463478 ], [ 80.073339, 15.462617 ], [ 80.073203, 15.462202 ], [ 80.073118, 15.461993 ], [ 80.073088, 15.46192 ], [ 80.073087, 15.461916 ], [ 80.073074, 15.461886 ], [ 80.072915, 15.461497 ], [ 80.072568, 15.460685 ], [ 80.072493, 15.460507 ], [ 80.072233, 15.459899 ], [ 80.072173, 15.459795 ], [ 80.072163, 15.459775 ], [ 80.07201, 15.459476 ], [ 80.071773, 15.459014 ], [ 80.071682, 15.458836 ], [ 80.0716, 15.458676 ], [ 80.071281, 15.458059 ], [ 80.071073, 15.457674 ], [ 80.071073, 15.457673 ], [ 80.071071, 15.45767 ], [ 80.070959, 15.457445 ], [ 80.070949, 15.457432 ], [ 80.070841, 15.457298 ], [ 80.070809, 15.457224 ], [ 80.070807, 15.457219 ], [ 80.070741, 15.45707 ], [ 80.070704, 15.456991 ], [ 80.070588, 15.456748 ], [ 80.07037, 15.456172 ], [ 80.070292, 15.455905 ], [ 80.070279, 15.455856 ], [ 80.070223, 15.455656 ], [ 80.070196, 15.455557 ], [ 80.070155, 15.455413 ], [ 80.070056, 15.455055 ], [ 80.070022, 15.454934 ], [ 80.069982, 15.454799 ], [ 80.069787, 15.454153 ], [ 80.069781, 15.454122 ], [ 80.069708, 15.453775 ], [ 80.069666, 15.453576 ], [ 80.069622, 15.453366 ], [ 80.069606, 15.453307 ], [ 80.069474, 15.452729 ], [ 80.069467, 15.452683 ], [ 80.069464, 15.452672 ], [ 80.069475, 15.452667 ], [ 80.069454, 15.452565 ], [ 80.069443, 15.452515 ] ] ] } },
{ "type": "Feature", "properties": { "clip": 12, "label": "Clip 12", "area_km2": 5.62, "town": "ONGOLE" }, "geometry": { "type": "Polygon", "coordinates": [ [ [ 80.05534, 15.547952 ], [ 80.057138, 15.546121 ], [ 80.058373, 15.545365 ], [ 80.060008, 15.545125 ], [ 80.060839, 15.544614 ], [ 80.063417, 15.542504 ], [ 80.065118, 15.541956 ], [ 80.065736, 15.541588 ], [ 80.065739, 15.540806 ], [ 80.065763, 15.540127 ], [ 80.065978, 15.539696 ], [ 80.066489, 15.539183 ], [ 80.06732, 15.538693 ], [ 80.068992, 15.534974 ], [ 80.069527, 15.534133 ], [ 80.07042, 15.533828 ], [ 80.072158, 15.53437 ], [ 80.072753, 15.534393 ], [ 80.073093, 15.534271 ], [ 80.073562, 15.533779 ], [ 80.075069, 15.533888 ], [ 80.075772, 15.533356 ], [ 80.076474, 15.532989 ], [ 80.076962, 15.533073 ], [ 80.077449, 15.533425 ], [ 80.077998, 15.533983 ], [ 80.078294, 15.534355 ], [ 80.079653, 15.534216 ], [ 80.080628, 15.535079 ], [ 80.080615, 15.53501 ], [ 80.08051, 15.534467 ], [ 80.080449, 15.534299 ], [ 80.080374, 15.534075 ], [ 80.080249, 15.533678 ], [ 80.080187, 15.533481 ], [ 80.080125, 15.533286 ], [ 80.080057, 15.533068 ], [ 80.080034, 15.532995 ], [ 80.079952, 15.532735 ], [ 80.079884, 15.532518 ], [ 80.079864, 15.532472 ], [ 80.079826, 15.532368 ], [ 80.07977, 15.532212 ], [ 80.079758, 15.532186 ], [ 80.079718, 15.53208 ], [ 80.079713, 15.532066 ], [ 80.079525, 15.53156 ], [ 80.079471, 15.531416 ], [ 80.079462, 15.531391 ], [ 80.079409, 15.531249 ], [ 80.079351, 15.531093 ], [ 80.079292, 15.530944 ], [ 80.079168, 15.530629 ], [ 80.079132, 15.530538 ], [ 80.079119, 15.530505 ], [ 80.079071, 15.530383 ], [ 80.079039, 15.530292 ], [ 80.079022, 15.530246 ], [ 80.079013, 15.530223 ], [ 80.078937, 15.530012 ], [ 80.078924, 15.529977 ], [ 80.078789, 15.529602 ], [ 80.078789, 15.529602 ], [ 80.078717, 15.529403 ], [ 80.078569, 15.529075 ], [ 80.078478, 15.528875 ], [ 80.078477, 15.528871 ], [ 80.078417, 15.528728 ], [ 80.078387, 15.528658 ], [ 80.078367, 15.528609 ], [ 80.078308, 15.528467 ], [ 80.078247, 15.528323 ], [ 80.078026, 15.527793 ], [ 80.078004, 15.52774 ], [ 80.077964, 15.527646 ], [ 80.077957, 15.52763 ], [ 80.077912, 15.527522 ], [ 80.077848, 15.527369 ], [ 80.077804, 15.527264 ], [ 80.077772, 15.527187 ], [ 80.077716, 15.527049 ], [ 80.077671, 15.526939 ], [ 80.077619, 15.526812 ], [ 80.077514, 15.526555 ], [ 80.077346, 15.526145 ], [ 80.077302, 15.526037 ], [ 80.07722, 15.525837 ], [ 80.077085, 15.525507 ], [ 80.077077, 15.525488 ], [ 80.077503, 15.525294 ], [ 80.077765, 15.525174 ], [ 80.078048, 15.525045 ], [ 80.078152, 15.524994 ], [ 80.079569, 15.524383 ], [ 80.080289, 15.524066 ], [ 80.080649, 15.523908 ], [ 80.080775, 15.523849 ], [ 80.080859, 15.523811 ], [ 80.081023, 15.523737 ], [ 80.081094, 15.523706 ], [ 80.073915, 15.518957 ], [ 80.070333, 15.516147 ], [ 80.070256, 15.516219 ], [ 80.065802, 15.520307 ], [ 80.052959, 15.531994 ], [ 80.05059, 15.534348 ], [ 80.049966, 15.536215 ], [ 80.050363, 15.537568 ], [ 80.050477, 15.537965 ], [ 80.051016, 15.539856 ], [ 80.051179, 15.540427 ], [ 80.051222, 15.540569 ], [ 80.051764, 15.542376 ], [ 80.052025, 15.543244 ], [ 80.052187, 15.543737 ], [ 80.052191, 15.543749 ], [ 80.0522, 15.543775 ], [ 80.05222, 15.543832 ], [ 80.052279, 15.543993 ], [ 80.052279, 15.543995 ], [ 80.052307, 15.544065 ], [ 80.052363, 15.544209 ], [ 80.052364, 15.544212 ], [ 80.052399, 15.544295 ], [ 80.052448, 15.544409 ], [ 80.052454, 15.544423 ], [ 80.052495, 15.544514 ], [ 80.052501, 15.544527 ], [ 80.05255, 15.544634 ], [ 80.052553, 15.54464 ], [ 80.052595, 15.544727 ], [ 80.052652, 15.544843 ], [ 80.052656, 15.54485 ], [ 80.052676, 15.544888 ], [ 80.052701, 15.544937 ], [ 80.05276, 15.545049 ], [ 80.052765, 15.545058 ], [ 80.052813, 15.545143 ], [ 80.052874, 15.545252 ], [ 80.05288, 15.545262 ], [ 80.052912, 15.545317 ], [ 80.05292, 15.54533 ], [ 80.052929, 15.545345 ], [ 80.052986, 15.545441 ], [ 80.052987, 15.545442 ], [ 80.052993, 15.545452 ], [ 80.053, 15.545463 ], [ 80.053016, 15.545488 ], [ 80.053066, 15.545567 ], [ 80.0531, 15.54562 ], [ 80.053102, 15.545625 ], [ 80.05312, 15.545653 ], [ 80.053126, 15.545662 ], [ 80.0532, 15.545772 ], [ 80.053218, 15.545798 ], [ 80.053233, 15.54582 ], [ 80.053253, 15.545851 ], [ 80.053257, 15.545856 ], [ 80.05334, 15.545972 ], [ 80.053346, 15.54598 ], [ 80.053347, 15.545982 ], [ 80.053367, 15.54601 ], [ 80.053374, 15.546019 ], [ 80.053382, 15.54603 ], [ 80.053392, 15.546045 ], [ 80.053405, 15.546062 ], [ 80.05341, 15.546068 ], [ 80.05342, 15.546082 ], [ 80.053434, 15.5461 ], [ 80.053438, 15.546106 ], [ 80.053441, 15.54611 ], [ 80.053443, 15.546112 ], [ 80.053454, 15.546127 ], [ 80.053454, 15.546127 ], [ 80.053466, 15.546143 ], [ 80.053466, 15.546143 ], [ 80.053477, 15.546157 ], [ 80.053478, 15.546158 ], [ 80.05348, 15.54616 ], [ 80.053488, 15.546172 ], [ 80.053489, 15.546173 ], [ 80.0535, 15.546188 ], [ 80.053501, 15.546189 ], [ 80.053506, 15.546195 ], [ 80.053511, 15.546202 ], [ 80.053512, 15.546203 ], [ 80.053522, 15.546216 ], [ 80.053523, 15.546218 ], [ 80.05353, 15.546227 ], [ 80.05353, 15.546227 ], [ 80.053531, 15.546228 ], [ 80.053531, 15.546229 ], [ 80.053536, 15.546235 ], [ 80.053584, 15.546295 ], [ 80.053947, 15.546748 ], [ 80.053978, 15.546787 ], [ 80.053999, 15.546813 ], [ 80.054032, 15.546854 ], [ 80.054208, 15.547027 ], [ 80.054553, 15.547224 ], [ 80.054778, 15.547579 ], [ 80.054981, 15.547714 ], [ 80.05534, 15.547952 ] ] ] } },
{ "type": "Feature", "properties": { "clip": 13, "label": "Clip 13", "area_km2": 3.18, "town": "ONGOLE" }, "geometry": { "type": "Polygon", "coordinates": [ [ [ 80.025955, 15.495326 ], [ 80.029865, 15.496046 ], [ 80.034376, 15.497681 ], [ 80.03456, 15.497938 ], [ 80.034842, 15.498271 ], [ 80.03505, 15.49863 ], [ 80.035364, 15.499037 ], [ 80.035479, 15.499334 ], [ 80.035607, 15.49956 ], [ 80.036043, 15.500326 ], [ 80.036307, 15.500855 ], [ 80.036441, 15.501048 ], [ 80.036949, 15.501615 ], [ 80.03718, 15.501841 ], [ 80.037681, 15.502215 ], [ 80.038201, 15.50261 ], [ 80.03862, 15.502885 ], [ 80.038931, 15.502999 ], [ 80.039564, 15.503213 ], [ 80.041116, 15.503692 ], [ 80.041663, 15.503811 ], [ 80.042045, 15.503871 ], [ 80.042826, 15.503918 ], [ 80.043331, 15.503773 ], [ 80.043932, 15.503628 ], [ 80.045205, 15.503208 ], [ 80.045833, 15.50289 ], [ 80.046202, 15.502615 ], [ 80.046744, 15.502108 ], [ 80.046993, 15.501978 ], [ 80.047669, 15.501814 ], [ 80.047741, 15.501651 ], [ 80.047892, 15.50144 ], [ 80.048069, 15.501295 ], [ 80.048388, 15.501249 ], [ 80.049498, 15.501163 ], [ 80.049186, 15.497866 ], [ 80.048973, 15.495755 ], [ 80.048799, 15.494283 ], [ 80.048716, 15.493902 ], [ 80.048677, 15.49314 ], [ 80.048624, 15.492018 ], [ 80.04858, 15.491061 ], [ 80.048509, 15.490439 ], [ 80.048465, 15.490007 ], [ 80.04844, 15.489796 ], [ 80.048415, 15.489482 ], [ 80.048347, 15.487673 ], [ 80.048225, 15.485015 ], [ 80.048117, 15.482992 ], [ 80.04799, 15.48188 ], [ 80.047927, 15.481741 ], [ 80.04772, 15.481616 ], [ 80.047494, 15.481575 ], [ 80.047122, 15.482242 ], [ 80.046389, 15.482907 ], [ 80.045728, 15.48335 ], [ 80.031022, 15.492063 ], [ 80.029758, 15.492777 ], [ 80.026151, 15.494951 ], [ 80.025955, 15.495326 ] ] ] } },
{ "type": "Feature", "properties": { "clip": 14, "label": "Clip 14", "area_km2": 4.87, "town": "ONGOLE" }, "geometry": { "type": "Polygon", "coordinates": [ [ [ 80.071713, 15.504968 ], [ 80.0708, 15.505265 ], [ 80.070039, 15.505553 ], [ 80.069827, 15.505833 ], [ 80.069696, 15.506056 ], [ 80.069413, 15.506715 ], [ 80.069011, 15.506985 ], [ 80.068771, 15.5071 ], [ 80.067972, 15.506786 ], [ 80.067251, 15.506783 ], [ 80.06617, 15.506856 ], [ 80.061963, 15.507847 ], [ 80.060479, 15.508346 ], [ 80.058913, 15.509465 ], [ 80.057061, 15.511785 ], [ 80.056536, 15.512754 ], [ 80.055773, 15.513449 ], [ 80.054799, 15.514182 ], [ 80.053855, 15.514857 ], [ 80.053444, 15.515001 ], [ 80.052984, 15.51497 ], [ 80.052754, 15.514843 ], [ 80.052525, 15.51459 ], [ 80.052186, 15.514316 ], [ 80.051896, 15.514315 ], [ 80.050995, 15.51435 ], [ 80.049993, 15.514559 ], [ 80.049132, 15.514827 ], [ 80.047329, 15.515188 ], [ 80.046787, 15.515361 ], [ 80.045783, 15.51621 ], [ 80.045119, 15.516964 ], [ 80.044898, 15.51708 ], [ 80.043333, 15.517965 ], [ 80.042771, 15.518274 ], [ 80.04227, 15.518446 ], [ 80.041769, 15.518444 ], [ 80.041249, 15.518422 ], [ 80.040909, 15.51844 ], [ 80.040568, 15.518652 ], [ 80.040356, 15.518893 ], [ 80.046847, 15.524247 ], [ 80.04756, 15.525606 ], [ 80.04846, 15.529853 ], [ 80.049515, 15.534811 ], [ 80.049543, 15.534889 ], [ 80.049552, 15.534916 ], [ 80.049751, 15.535484 ], [ 80.049966, 15.536215 ], [ 80.05059, 15.534348 ], [ 80.052959, 15.531994 ], [ 80.065802, 15.520307 ], [ 80.070256, 15.516219 ], [ 80.0713, 15.515235 ], [ 80.072486, 15.513593 ], [ 80.072971, 15.512413 ], [ 80.073216, 15.511252 ], [ 80.073241, 15.510264 ], [ 80.073166, 15.508965 ], [ 80.071713, 15.504968 ] ] ] } },
{ "type": "Feature", "properties": { "clip": 15, "label": "Clip 15", "area_km2": 7.34, "town": "ONGOLE" }, "geometry": { "type": "Polygon", "coordinates": [ [ [ 80.006129, 15.532559 ], [ 80.006211, 15.531384 ], [ 80.006205, 15.530623 ], [ 80.006085, 15.529017 ], [ 80.005982, 15.528368 ], [ 80.005847, 15.527657 ], [ 80.005522, 15.52676 ], [ 80.005291, 15.526245 ], [ 80.005028, 15.52577 ], [ 80.004807, 15.525471 ], [ 80.00432, 15.525098 ], [ 80.00396, 15.524932 ], [ 80.003474, 15.52459 ], [ 80.003188, 15.524383 ], [ 80.002956, 15.524186 ], [ 80.002744, 15.524062 ], [ 80.002341, 15.523937 ], [ 80.001939, 15.52378 ], [ 80.001267, 15.52209 ], [ 80.000477, 15.519764 ], [ 79.997999, 15.519334 ], [ 79.996928, 15.519192 ], [ 79.995315, 15.518944 ], [ 79.992425, 15.518459 ], [ 79.990006, 15.518107 ], [ 79.986561, 15.517539 ], [ 79.983694, 15.517082 ], [ 79.98138, 15.516708 ], [ 79.980989, 15.516881 ], [ 79.979224, 15.517715 ], [ 79.977354, 15.5186 ], [ 79.974928, 15.51973 ], [ 79.972006, 15.521119 ], [ 79.969227, 15.522413 ], [ 79.968354, 15.522713 ], [ 79.967569, 15.52298 ], [ 79.967631, 15.523418 ], [ 79.967706, 15.523947 ], [ 79.967816, 15.524729 ], [ 79.96788, 15.525002 ], [ 79.967982, 15.525438 ], [ 79.968009, 15.525551 ], [ 79.968025, 15.525634 ], [ 79.96809, 15.525825 ], [ 79.968232, 15.526249 ], [ 79.968569, 15.527252 ], [ 79.968597, 15.527337 ], [ 79.968787, 15.527903 ], [ 79.968891, 15.528127 ], [ 79.969169, 15.529284 ], [ 79.969191, 15.529401 ], [ 79.969215, 15.529529 ], [ 79.969242, 15.529675 ], [ 79.969248, 15.529707 ], [ 79.96946, 15.530833 ], [ 79.969506, 15.530996 ], [ 79.969712, 15.531776 ], [ 79.969713, 15.531778 ], [ 79.969842, 15.532268 ], [ 79.969861, 15.532336 ], [ 79.970007, 15.532889 ], [ 79.970254, 15.533779 ], [ 79.970259, 15.533795 ], [ 79.970519, 15.534732 ], [ 79.970724, 15.535295 ], [ 79.970777, 15.53544 ], [ 79.970791, 15.53548 ], [ 79.970801, 15.535507 ], [ 79.970855, 15.535794 ], [ 79.970895, 15.53597 ], [ 79.971082, 15.536797 ], [ 79.971208, 15.537433 ], [ 79.971299, 15.537893 ], [ 79.971337, 15.538084 ], [ 79.973043, 15.538446 ], [ 79.973341, 15.53851 ], [ 79.973486, 15.538925 ], [ 79.973625, 15.539325 ], [ 79.974824, 15.539348 ], [ 79.974972, 15.539507 ], [ 79.975025, 15.539564 ], [ 79.97562, 15.539401 ], [ 79.979972, 15.538269 ], [ 79.985289, 15.537088 ], [ 79.987029, 15.536835 ], [ 79.998729, 15.533966 ], [ 79.999238, 15.533959 ], [ 80.001106, 15.534083 ], [ 80.001706, 15.53397 ], [ 80.003155, 15.534034 ], [ 80.003775, 15.53395 ], [ 80.004494, 15.533594 ], [ 80.006129, 15.532559 ] ] ] } },
{ "type": "Feature", "properties": { "clip": 16, "label": "Clip 16", "area_km2": 2.93, "town": "ONGOLE" }, "geometry": { "type": "Polygon", "coordinates": [ [ [ 80.048457, 15.469886 ], [ 80.048326, 15.46941 ], [ 80.048317, 15.468755 ], [ 80.048264, 15.46822 ], [ 80.048375, 15.46607 ], [ 80.048285, 15.465982 ], [ 80.048015, 15.466046 ], [ 80.047598, 15.466132 ], [ 80.047181, 15.46613 ], [ 80.046878, 15.466009 ], [ 80.04654, 15.466138 ], [ 80.046426, 15.466334 ], [ 80.046404, 15.466367 ], [ 80.046391, 15.466629 ], [ 80.046592, 15.467001 ], [ 80.046827, 15.467275 ], [ 80.047015, 15.468051 ], [ 80.046812, 15.468083 ], [ 80.04644, 15.468136 ], [ 80.046317, 15.468091 ], [ 80.046035, 15.468134 ], [ 80.045741, 15.468427 ], [ 80.04565, 15.468602 ], [ 80.04557, 15.468929 ], [ 80.045591, 15.46918 ], [ 80.045623, 15.469595 ], [ 80.045554, 15.470064 ], [ 80.045327, 15.470467 ], [ 80.045134, 15.470695 ], [ 80.044796, 15.47077 ], [ 80.044583, 15.470704 ], [ 80.04428, 15.470408 ], [ 80.043865, 15.470209 ], [ 80.042884, 15.470522 ], [ 80.042556, 15.470793 ], [ 80.04251, 15.47099 ], [ 80.042576, 15.47147 ], [ 80.042597, 15.471787 ], [ 80.042517, 15.471994 ], [ 80.042009, 15.472308 ], [ 80.041815, 15.47282 ], [ 80.041655, 15.473377 ], [ 80.041507, 15.473791 ], [ 80.041236, 15.473997 ], [ 80.04101, 15.474029 ], [ 80.040695, 15.474027 ], [ 80.040278, 15.474146 ], [ 80.039838, 15.47446 ], [ 80.039543, 15.474797 ], [ 80.039486, 15.475059 ], [ 80.039371, 15.475561 ], [ 80.039177, 15.476051 ], [ 80.03903, 15.476323 ], [ 80.038466, 15.47655 ], [ 80.038229, 15.476789 ], [ 80.038013, 15.477127 ], [ 80.038057, 15.477444 ], [ 80.038258, 15.477794 ], [ 80.038445, 15.478646 ], [ 80.038252, 15.479027 ], [ 80.037992, 15.479343 ], [ 80.037642, 15.479472 ], [ 80.037418, 15.47922 ], [ 80.037182, 15.479252 ], [ 80.03634, 15.478757 ], [ 80.036003, 15.478548 ], [ 80.035744, 15.478569 ], [ 80.035707, 15.479136 ], [ 80.035537, 15.479518 ], [ 80.035141, 15.479898 ], [ 80.034441, 15.480408 ], [ 80.032957, 15.481213 ], [ 80.032894, 15.481602 ], [ 80.032722, 15.482005 ], [ 80.032413, 15.482288 ], [ 80.032127, 15.482413 ], [ 80.031032, 15.482461 ], [ 80.030754, 15.482497 ], [ 80.030183, 15.482667 ], [ 80.029435, 15.482663 ], [ 80.028787, 15.48284 ], [ 80.028617, 15.483018 ], [ 80.028353, 15.483466 ], [ 80.027939, 15.484451 ], [ 80.027557, 15.485339 ], [ 80.027448, 15.485719 ], [ 80.027352, 15.486362 ], [ 80.027266, 15.486676 ], [ 80.027125, 15.487123 ], [ 80.027024, 15.487422 ], [ 80.026868, 15.487653 ], [ 80.026257, 15.488181 ], [ 80.025647, 15.488455 ], [ 80.024883, 15.488624 ], [ 80.024419, 15.488838 ], [ 80.024079, 15.489113 ], [ 80.023892, 15.489471 ], [ 80.023563, 15.490569 ], [ 80.023221, 15.491041 ], [ 80.026992, 15.492474 ], [ 80.027581, 15.492496 ], [ 80.029758, 15.492777 ], [ 80.031022, 15.492063 ], [ 80.045728, 15.48335 ], [ 80.046389, 15.482907 ], [ 80.047122, 15.482242 ], [ 80.047494, 15.481575 ], [ 80.048167, 15.470011 ], [ 80.048457, 15.469886 ] ] ] } },
{ "type": "Feature", "properties": { "clip": 17, "label": "Clip 17", "area_km2": 9.44, "town": "ONGOLE" }, "geometry": { "type": "Polygon", "coordinates": [ [ [ 80.070333, 15.516147 ], [ 80.073915, 15.518957 ], [ 80.081094, 15.523706 ], [ 80.081292, 15.523617 ], [ 80.081809, 15.523437 ], [ 80.082243, 15.523286 ], [ 80.08233, 15.523252 ], [ 80.082547, 15.523171 ], [ 80.084176, 15.522503 ], [ 80.084207, 15.522491 ], [ 80.084216, 15.522487 ], [ 80.084332, 15.52244 ], [ 80.084423, 15.522402 ], [ 80.084555, 15.522361 ], [ 80.085222, 15.522089 ], [ 80.085557, 15.521953 ], [ 80.085874, 15.521824 ], [ 80.086061, 15.521743 ], [ 80.086288, 15.521646 ], [ 80.086704, 15.521515 ], [ 80.087538, 15.521253 ], [ 80.087544, 15.521252 ], [ 80.088288, 15.521017 ], [ 80.088349, 15.520995 ], [ 80.088478, 15.520949 ], [ 80.088602, 15.520906 ], [ 80.088515, 15.520666 ], [ 80.088475, 15.520555 ], [ 80.088297, 15.520064 ], [ 80.088276, 15.520007 ], [ 80.088267, 15.520021 ], [ 80.088257, 15.520037 ], [ 80.088222, 15.519866 ], [ 80.088212, 15.519818 ], [ 80.088157, 15.519543 ], [ 80.08807, 15.519108 ], [ 80.088059, 15.519061 ], [ 80.088014, 15.518834 ], [ 80.087797, 15.517754 ], [ 80.08763, 15.517311 ], [ 80.087624, 15.517295 ], [ 80.087579, 15.517175 ], [ 80.087308, 15.516456 ], [ 80.087249, 15.516299 ], [ 80.087521, 15.516188 ], [ 80.088064, 15.515966 ], [ 80.088348, 15.51585 ], [ 80.089305, 15.515459 ], [ 80.089644, 15.515321 ], [ 80.089722, 15.515289 ], [ 80.089997, 15.515176 ], [ 80.090372, 15.515024 ], [ 80.090636, 15.514916 ], [ 80.090778, 15.514857 ], [ 80.090868, 15.51482 ], [ 80.091688, 15.514485 ], [ 80.092077, 15.514329 ], [ 80.092305, 15.514237 ], [ 80.092462, 15.514173 ], [ 80.092615, 15.514111 ], [ 80.0928, 15.514037 ], [ 80.093059, 15.513932 ], [ 80.093065, 15.51395 ], [ 80.093383, 15.51478 ], [ 80.093469, 15.515004 ], [ 80.093628, 15.515419 ], [ 80.093683, 15.515574 ], [ 80.093709, 15.515645 ], [ 80.093803, 15.515911 ], [ 80.093836, 15.516008 ], [ 80.093963, 15.516387 ], [ 80.094001, 15.516526 ], [ 80.094012, 15.516565 ], [ 80.094031, 15.516652 ], [ 80.094158, 15.517188 ], [ 80.094162, 15.517265 ], [ 80.094177, 15.517591 ], [ 80.09418, 15.51765 ], [ 80.094186, 15.517767 ], [ 80.094189, 15.517885 ], [ 80.094207, 15.518764 ], [ 80.094211, 15.518975 ], [ 80.094207, 15.519239 ], [ 80.094204, 15.51948 ], [ 80.094196, 15.520022 ], [ 80.094194, 15.520124 ], [ 80.094194, 15.520153 ], [ 80.094194, 15.520158 ], [ 80.094195, 15.520209 ], [ 80.094197, 15.520283 ], [ 80.094203, 15.520513 ], [ 80.094209, 15.520774 ], [ 80.094197, 15.520989 ], [ 80.094196, 15.52101 ], [ 80.094195, 15.521028 ], [ 80.0942, 15.521322 ], [ 80.094201, 15.52142 ], [ 80.094202, 15.521511 ], [ 80.094706, 15.522878 ], [ 80.095235, 15.522631 ], [ 80.095288, 15.522606 ], [ 80.095884, 15.522329 ], [ 80.096565, 15.522012 ], [ 80.096878, 15.521637 ], [ 80.096973, 15.521524 ], [ 80.097046, 15.521436 ], [ 80.097523, 15.520868 ], [ 80.09759, 15.520788 ], [ 80.09763, 15.520739 ], [ 80.097922, 15.520395 ], [ 80.098862, 15.519284 ], [ 80.098929, 15.519205 ], [ 80.099058, 15.519053 ], [ 80.099135, 15.518896 ], [ 80.099142, 15.518915 ], [ 80.099433, 15.518804 ], [ 80.099475, 15.518788 ], [ 80.101246, 15.518108 ], [ 80.101258, 15.518118 ], [ 80.101768, 15.518555 ], [ 80.101793, 15.518577 ], [ 80.102009, 15.518761 ], [ 80.102425, 15.519117 ], [ 80.10253, 15.519207 ], [ 80.103278, 15.519848 ], [ 80.104795, 15.519908 ], [ 80.104823, 15.519909 ], [ 80.105589, 15.51994 ], [ 80.106491, 15.519975 ], [ 80.106663, 15.519989 ], [ 80.106513, 15.519338 ], [ 80.10649, 15.519235 ], [ 80.106418, 15.518924 ], [ 80.106307, 15.51844 ], [ 80.106141, 15.518143 ], [ 80.106122, 15.518109 ], [ 80.106015, 15.517918 ], [ 80.105892, 15.517698 ], [ 80.105782, 15.517501 ], [ 80.105779, 15.517497 ], [ 80.105702, 15.517347 ], [ 80.105624, 15.517196 ], [ 80.105559, 15.517071 ], [ 80.105456, 15.516872 ], [ 80.105353, 15.516673 ], [ 80.105254, 15.516481 ], [ 80.105239, 15.516449 ], [ 80.105025, 15.515983 ], [ 80.10498, 15.515884 ], [ 80.104921, 15.515755 ], [ 80.104693, 15.515259 ], [ 80.104368, 15.51455 ], [ 80.104335, 15.51445 ], [ 80.104126, 15.513815 ], [ 80.104091, 15.513709 ], [ 80.104014, 15.513474 ], [ 80.103935, 15.513235 ], [ 80.103909, 15.513151 ], [ 80.103832, 15.512922 ], [ 80.103807, 15.512842 ], [ 80.103576, 15.512101 ], [ 80.103538, 15.511977 ], [ 80.103232, 15.510993 ], [ 80.10318, 15.510825 ], [ 80.10312, 15.510635 ], [ 80.10286, 15.509797 ], [ 80.102856, 15.509787 ], [ 80.102814, 15.50965 ], [ 80.1026, 15.508867 ], [ 80.102566, 15.508744 ], [ 80.102563, 15.50873 ], [ 80.102447, 15.508238 ], [ 80.102417, 15.50811 ], [ 80.102385, 15.507973 ], [ 80.102323, 15.50771 ], [ 80.102299, 15.507607 ], [ 80.102236, 15.507293 ], [ 80.102217, 15.507195 ], [ 80.102206, 15.507144 ], [ 80.102007, 15.50614 ], [ 80.101983, 15.506023 ], [ 80.101961, 15.50591 ], [ 80.101943, 15.50582 ], [ 80.101841, 15.505314 ], [ 80.101793, 15.505076 ], [ 80.101751, 15.504869 ], [ 80.101751, 15.504866 ], [ 80.101699, 15.504611 ], [ 80.10169, 15.504563 ], [ 80.101659, 15.50441 ], [ 80.101619, 15.504209 ], [ 80.10161, 15.504166 ], [ 80.101569, 15.503964 ], [ 80.101561, 15.503921 ], [ 80.101512, 15.503679 ], [ 80.101512, 15.503678 ], [ 80.101494, 15.50359 ], [ 80.101487, 15.503553 ], [ 80.101415, 15.503197 ], [ 80.101385, 15.503047 ], [ 80.101378, 15.503012 ], [ 80.101312, 15.502686 ], [ 80.101272, 15.502484 ], [ 80.101263, 15.50244 ], [ 80.101258, 15.502417 ], [ 80.101208, 15.502178 ], [ 80.10117, 15.501998 ], [ 80.101142, 15.501868 ], [ 80.101076, 15.501554 ], [ 80.101021, 15.501293 ], [ 80.100954, 15.500978 ], [ 80.100934, 15.500882 ], [ 80.100858, 15.500523 ], [ 80.100839, 15.500433 ], [ 80.100766, 15.500089 ], [ 80.100702, 15.499788 ], [ 80.100688, 15.49972 ], [ 80.100674, 15.499653 ], [ 80.100622, 15.499407 ], [ 80.100544, 15.499044 ], [ 80.100413, 15.498422 ], [ 80.100405, 15.498374 ], [ 80.100399, 15.498333 ], [ 80.100324, 15.497869 ], [ 80.100312, 15.497795 ], [ 80.100456, 15.497705 ], [ 80.100524, 15.497663 ], [ 80.100537, 15.49766 ], [ 80.100592, 15.497645 ], [ 80.100652, 15.497625 ], [ 80.100935, 15.497541 ], [ 80.101251, 15.497448 ], [ 80.101634, 15.496837 ], [ 80.101793, 15.496583 ], [ 80.1021, 15.496093 ], [ 80.102201, 15.495944 ], [ 80.102242, 15.495884 ], [ 80.10259, 15.495374 ], [ 80.102633, 15.495312 ], [ 80.102793, 15.495077 ], [ 80.103046, 15.494708 ], [ 80.10308, 15.49469 ], [ 80.103492, 15.494481 ], [ 80.103835, 15.494307 ], [ 80.104002, 15.494222 ], [ 80.10426, 15.494091 ], [ 80.104402, 15.494019 ], [ 80.104563, 15.493937 ], [ 80.104614, 15.493916 ], [ 80.105286, 15.493634 ], [ 80.105312, 15.493572 ], [ 80.105318, 15.493557 ], [ 80.105145, 15.492933 ], [ 80.105143, 15.492928 ], [ 80.105102, 15.49278 ], [ 80.105042, 15.492564 ], [ 80.105003, 15.492422 ], [ 80.104929, 15.492158 ], [ 80.104884, 15.491994 ], [ 80.104805, 15.491712 ], [ 80.104715, 15.491386 ], [ 80.104624, 15.491057 ], [ 80.104523, 15.490746 ], [ 80.104431, 15.49046 ], [ 80.104398, 15.490356 ], [ 80.104365, 15.490255 ], [ 80.104333, 15.490156 ], [ 80.104294, 15.490036 ], [ 80.104232, 15.489843 ], [ 80.104164, 15.489632 ], [ 80.104142, 15.489563 ], [ 80.104075, 15.489356 ], [ 80.104028, 15.489211 ], [ 80.103974, 15.489044 ], [ 80.103929, 15.488903 ], [ 80.103708, 15.48822 ], [ 80.103647, 15.488029 ], [ 80.103561, 15.487764 ], [ 80.103435, 15.487538 ], [ 80.103201, 15.487118 ], [ 80.103056, 15.486858 ], [ 80.102813, 15.486422 ], [ 80.10276, 15.486366 ], [ 80.102234, 15.485816 ], [ 80.102156, 15.485734 ], [ 80.099928, 15.484097 ], [ 80.099656, 15.483893 ], [ 80.099561, 15.483822 ], [ 80.099405, 15.483688 ], [ 80.099234, 15.48354 ], [ 80.098625, 15.483014 ], [ 80.098181, 15.482535 ], [ 80.09763, 15.481813 ], [ 80.097207, 15.48147 ], [ 80.095889, 15.482563 ], [ 80.094604, 15.483953 ], [ 80.094792, 15.486705 ], [ 80.095342, 15.488993 ], [ 80.095195, 15.490572 ], [ 80.093943, 15.493473 ], [ 80.092146, 15.493195 ], [ 80.090225, 15.493962 ], [ 80.088339, 15.495775 ], [ 80.085423, 15.495337 ], [ 80.083493, 15.498003 ], [ 80.083288, 15.499358 ], [ 80.081968, 15.499508 ], [ 80.078762, 15.501432 ], [ 80.077888, 15.500266 ], [ 80.076731, 15.49999 ], [ 80.075729, 15.500528 ], [ 80.075044, 15.501881 ], [ 80.073399, 15.503386 ], [ 80.071713, 15.504968 ], [ 80.073166, 15.508965 ], [ 80.073241, 15.510264 ], [ 80.073216, 15.511252 ], [ 80.072971, 15.512413 ], [ 80.072486, 15.513593 ], [ 80.0713, 15.515235 ], [ 80.070333, 15.516147 ] ] ] } },
{ "type": "Feature", "properties": { "clip": 18, "label": "Clip 18", "area_km2": 4.74, "town": "ONGOLE" }, "geometry": { "type": "Polygon", "coordinates": [ [ [ 80.068523, 15.496984 ], [ 80.071214, 15.495506 ], [ 80.079661, 15.490817 ], [ 80.080399, 15.490401 ], [ 80.080127, 15.489974 ], [ 80.080081, 15.489925 ], [ 80.078896, 15.487252 ], [ 80.078583, 15.486548 ], [ 80.078142, 15.48526 ], [ 80.078096, 15.485133 ], [ 80.077857, 15.485117 ], [ 80.077812, 15.48472 ], [ 80.078556, 15.483991 ], [ 80.0788, 15.483569 ], [ 80.079068, 15.48313 ], [ 80.079564, 15.482668 ], [ 80.080536, 15.482538 ], [ 80.081401, 15.482182 ], [ 80.082693, 15.482726 ], [ 80.08291, 15.482428 ], [ 80.083869, 15.481729 ], [ 80.084287, 15.481372 ], [ 80.084349, 15.481238 ], [ 80.084939, 15.480392 ], [ 80.085478, 15.479669 ], [ 80.085847, 15.47902 ], [ 80.086345, 15.477901 ], [ 80.08661, 15.477206 ], [ 80.086614, 15.476339 ], [ 80.086767, 15.474531 ], [ 80.086347, 15.4746 ], [ 80.085717, 15.474772 ], [ 80.084877, 15.475059 ], [ 80.084488, 15.474883 ], [ 80.083653, 15.474037 ], [ 80.082785, 15.473656 ], [ 80.082188, 15.47313 ], [ 80.081891, 15.47246 ], [ 80.081805, 15.471675 ], [ 80.080818, 15.471235 ], [ 80.079739, 15.471318 ], [ 80.077694, 15.472792 ], [ 80.074934, 15.473536 ], [ 80.073825, 15.473618 ], [ 80.072328, 15.473147 ], [ 80.071522, 15.472504 ], [ 80.070328, 15.471337 ], [ 80.068525, 15.472521 ], [ 80.067352, 15.473388 ], [ 80.066122, 15.473819 ], [ 80.064051, 15.474449 ], [ 80.062362, 15.475103 ], [ 80.06195, 15.475261 ], [ 80.061859, 15.475421 ], [ 80.061813, 15.475573 ], [ 80.06179, 15.475813 ], [ 80.061654, 15.475936 ], [ 80.060364, 15.476388 ], [ 80.059311, 15.476792 ], [ 80.068523, 15.496984 ] ] ] } },
{ "type": "Feature", "properties": { "clip": 19, "label": "Clip 19", "area_km2": 5.71, "town": "ONGOLE" }, "geometry": { "type": "Polygon", "coordinates": [ [ [ 80.000477, 15.519764 ], [ 80.000234, 15.518383 ], [ 80.000453, 15.516964 ], [ 80.00048, 15.515893 ], [ 80.000485, 15.514782 ], [ 80.000233, 15.514328 ], [ 80.00015, 15.513813 ], [ 80.000195, 15.513278 ], [ 79.999779, 15.511568 ], [ 80.000259, 15.508936 ], [ 80.000629, 15.506982 ], [ 80.000794, 15.50582 ], [ 80.001008, 15.505471 ], [ 80.001243, 15.50504 ], [ 80.001645, 15.504316 ], [ 80.001832, 15.503972 ], [ 80.001946, 15.503432 ], [ 80.002058, 15.502136 ], [ 80.002253, 15.501458 ], [ 80.002545, 15.500307 ], [ 80.002482, 15.500173 ], [ 80.002121, 15.500058 ], [ 80.00175, 15.500036 ], [ 80.001219, 15.500105 ], [ 80.000921, 15.500217 ], [ 80.000644, 15.500504 ], [ 80.000389, 15.500647 ], [ 79.99989, 15.500717 ], [ 79.999776, 15.500781 ], [ 79.999839, 15.500973 ], [ 80.00001, 15.501469 ], [ 80.000105, 15.501747 ], [ 80.000119, 15.501787 ], [ 80.000131, 15.501822 ], [ 80.000151, 15.50188 ], [ 80.000168, 15.501949 ], [ 79.997966, 15.502306 ], [ 79.997814, 15.502331 ], [ 79.997776, 15.502337 ], [ 79.99737, 15.502403 ], [ 79.996651, 15.50252 ], [ 79.994209, 15.5029 ], [ 79.993986, 15.502935 ], [ 79.993908, 15.502947 ], [ 79.993872, 15.502952 ], [ 79.993772, 15.50297 ], [ 79.99093, 15.503555 ], [ 79.990579, 15.503627 ], [ 79.990167, 15.503879 ], [ 79.989888, 15.50405 ], [ 79.989883, 15.504053 ], [ 79.989791, 15.504109 ], [ 79.989656, 15.504223 ], [ 79.989619, 15.504255 ], [ 79.989183, 15.504624 ], [ 79.988183, 15.504871 ], [ 79.987819, 15.504936 ], [ 79.987609, 15.50478 ], [ 79.987489, 15.504691 ], [ 79.98734, 15.50458 ], [ 79.985784, 15.504918 ], [ 79.985678, 15.504941 ], [ 79.984408, 15.505217 ], [ 79.98406, 15.505199 ], [ 79.983323, 15.505162 ], [ 79.981871, 15.505088 ], [ 79.981811, 15.505085 ], [ 79.98122, 15.505055 ], [ 79.980872, 15.505037 ], [ 79.980637, 15.505025 ], [ 79.979942, 15.505133 ], [ 79.979823, 15.505151 ], [ 79.97845, 15.505364 ], [ 79.978257, 15.505435 ], [ 79.978223, 15.505448 ], [ 79.977306, 15.505785 ], [ 79.977178, 15.505832 ], [ 79.976724, 15.505999 ], [ 79.974899, 15.506333 ], [ 79.974378, 15.506428 ], [ 79.974324, 15.506438 ], [ 79.974247, 15.506452 ], [ 79.97405, 15.506488 ], [ 79.972151, 15.505561 ], [ 79.972112, 15.505542 ], [ 79.971832, 15.505763 ], [ 79.971664, 15.505895 ], [ 79.971454, 15.505968 ], [ 79.971171, 15.506066 ], [ 79.970969, 15.506137 ], [ 79.970749, 15.506213 ], [ 79.970401, 15.506565 ], [ 79.970337, 15.506629 ], [ 79.970173, 15.506795 ], [ 79.969856, 15.507116 ], [ 79.969649, 15.507325 ], [ 79.969529, 15.507447 ], [ 79.969391, 15.507587 ], [ 79.968698, 15.508101 ], [ 79.968404, 15.508319 ], [ 79.968237, 15.508443 ], [ 79.968061, 15.508574 ], [ 79.967888, 15.508702 ], [ 79.967612, 15.509243 ], [ 79.967607, 15.509253 ], [ 79.967247, 15.50996 ], [ 79.967211, 15.510029 ], [ 79.967185, 15.51019 ], [ 79.96717, 15.510284 ], [ 79.967129, 15.510539 ], [ 79.967126, 15.510557 ], [ 79.96705, 15.511028 ], [ 79.966993, 15.511384 ], [ 79.96699, 15.511403 ], [ 79.966983, 15.511444 ], [ 79.966937, 15.511728 ], [ 79.967033, 15.511867 ], [ 79.96708, 15.511935 ], [ 79.966985, 15.51285 ], [ 79.966972, 15.512968 ], [ 79.96686, 15.513419 ], [ 79.966848, 15.513467 ], [ 79.966587, 15.514514 ], [ 79.966583, 15.514538 ], [ 79.966567, 15.514774 ], [ 79.966502, 15.515732 ], [ 79.966497, 15.51581 ], [ 79.966496, 15.515828 ], [ 79.966436, 15.516719 ], [ 79.966407, 15.517142 ], [ 79.966399, 15.517259 ], [ 79.966426, 15.517381 ], [ 79.96656, 15.518153 ], [ 79.966576, 15.518245 ], [ 79.966658, 15.518712 ], [ 79.96666, 15.518727 ], [ 79.966722, 15.519082 ], [ 79.966822, 15.519447 ], [ 79.96702, 15.520173 ], [ 79.967035, 15.520224 ], [ 79.96719, 15.520787 ], [ 79.96721, 15.520859 ], [ 79.967267, 15.521062 ], [ 79.967275, 15.521092 ], [ 79.967331, 15.521295 ], [ 79.967564, 15.522944 ], [ 79.967569, 15.522977 ], [ 79.967569, 15.52298 ], [ 79.968354, 15.522713 ], [ 79.969227, 15.522413 ], [ 79.972006, 15.521119 ], [ 79.974928, 15.51973 ], [ 79.977354, 15.5186 ], [ 79.979224, 15.517715 ], [ 79.980989, 15.516881 ], [ 79.98138, 15.516708 ], [ 79.983694, 15.517082 ], [ 79.986561, 15.517539 ], [ 79.990006, 15.518107 ], [ 79.992425, 15.518459 ], [ 79.995315, 15.518944 ], [ 79.996928, 15.519192 ], [ 79.997999, 15.519334 ], [ 80.000477, 15.519764 ] ] ] } },
{ "type": "Feature", "properties": { "clip": 20, "label": "Clip 20", "area_km2": 6.26, "town": "ONGOLE" }, "geometry": { "type": "Polygon", "coordinates": [ [ [ 80.023625, 15.543539 ], [ 80.021881, 15.539947 ], [ 80.02165, 15.539359 ], [ 80.021565, 15.539338 ], [ 80.021502, 15.539256 ], [ 80.019687, 15.535636 ], [ 80.019294, 15.534852 ], [ 80.018316, 15.532769 ], [ 80.015643, 15.530287 ], [ 80.014168, 15.527821 ], [ 80.014072, 15.527738 ], [ 80.011021, 15.529381 ], [ 80.008297, 15.531188 ], [ 80.006129, 15.532559 ], [ 80.004494, 15.533594 ], [ 80.003775, 15.53395 ], [ 80.003155, 15.534034 ], [ 80.001706, 15.53397 ], [ 80.001106, 15.534083 ], [ 79.999238, 15.533959 ], [ 79.998729, 15.533966 ], [ 79.987029, 15.536835 ], [ 79.985289, 15.537088 ], [ 79.979972, 15.538269 ], [ 79.97562, 15.539401 ], [ 79.975025, 15.539564 ], [ 79.97508, 15.539624 ], [ 79.975094, 15.539633 ], [ 79.976737, 15.540711 ], [ 79.976985, 15.540873 ], [ 79.97749, 15.541204 ], [ 79.977735, 15.541365 ], [ 79.97879, 15.542057 ], [ 79.978806, 15.542068 ], [ 79.979293, 15.542387 ], [ 79.97959, 15.543086 ], [ 79.980687, 15.543033 ], [ 79.980756, 15.54303 ], [ 79.980903, 15.543022 ], [ 79.980968, 15.543041 ], [ 79.981049, 15.543064 ], [ 79.981524, 15.543199 ], [ 79.982144, 15.543356 ], [ 79.982811, 15.543688 ], [ 79.982928, 15.543755 ], [ 79.982957, 15.543771 ], [ 79.984129, 15.544437 ], [ 79.98417, 15.544461 ], [ 79.984356, 15.544567 ], [ 79.984802, 15.544821 ], [ 79.985145, 15.544934 ], [ 79.985832, 15.545162 ], [ 79.985945, 15.545199 ], [ 79.986259, 15.545303 ], [ 79.986683, 15.545288 ], [ 79.986867, 15.54537 ], [ 79.986925, 15.545396 ], [ 79.987309, 15.545568 ], [ 79.987394, 15.54556 ], [ 79.9874, 15.545559 ], [ 79.987596, 15.54554 ], [ 79.988494, 15.545806 ], [ 79.988552, 15.545823 ], [ 79.988842, 15.54591 ], [ 79.988903, 15.545929 ], [ 79.988996, 15.545956 ], [ 79.989023, 15.545964 ], [ 79.989202, 15.546018 ], [ 79.989652, 15.5463 ], [ 79.989722, 15.546344 ], [ 79.9897, 15.546442 ], [ 79.98969, 15.54649 ], [ 79.98961, 15.546848 ], [ 79.989534, 15.54691 ], [ 79.989383, 15.547032 ], [ 79.989343, 15.547125 ], [ 79.989311, 15.547196 ], [ 79.989696, 15.547406 ], [ 79.989838, 15.547308 ], [ 79.989819, 15.547169 ], [ 79.990055, 15.547065 ], [ 79.990103, 15.547091 ], [ 79.990109, 15.547094 ], [ 79.990253, 15.547172 ], [ 79.990302, 15.547286 ], [ 79.990347, 15.54739 ], [ 79.990524, 15.547333 ], [ 79.990707, 15.547521 ], [ 79.990838, 15.547524 ], [ 79.990893, 15.547705 ], [ 79.990936, 15.547847 ], [ 79.990892, 15.547857 ], [ 79.990753, 15.547891 ], [ 79.990619, 15.547923 ], [ 79.990399, 15.547976 ], [ 79.990474, 15.548349 ], [ 79.99052, 15.548358 ], [ 79.99068, 15.54839 ], [ 79.990685, 15.548401 ], [ 79.990757, 15.548566 ], [ 79.990789, 15.548639 ], [ 79.99069, 15.548898 ], [ 79.990683, 15.548912 ], [ 79.990685, 15.548912 ], [ 79.990683, 15.548918 ], [ 79.991045, 15.549147 ], [ 79.991123, 15.549017 ], [ 79.991205, 15.548881 ], [ 79.991248, 15.54886 ], [ 79.991332, 15.548819 ], [ 79.991456, 15.549001 ], [ 79.99146, 15.549009 ], [ 79.991509, 15.549081 ], [ 79.991588, 15.549197 ], [ 79.991643, 15.549279 ], [ 79.991644, 15.549281 ], [ 79.991477, 15.549493 ], [ 79.991466, 15.549508 ], [ 79.991541, 15.549623 ], [ 79.991683, 15.549619 ], [ 79.991739, 15.549683 ], [ 79.991758, 15.549704 ], [ 79.991807, 15.549759 ], [ 79.991934, 15.549771 ], [ 79.991992, 15.549885 ], [ 79.992037, 15.549973 ], [ 79.991785, 15.550033 ], [ 79.991516, 15.550096 ], [ 79.991495, 15.550101 ], [ 79.991543, 15.55019 ], [ 79.991602, 15.5503 ], [ 79.991867, 15.550413 ], [ 79.991885, 15.55042 ], [ 79.991998, 15.550393 ], [ 79.992133, 15.550361 ], [ 79.992265, 15.55033 ], [ 79.992854, 15.55019 ], [ 79.992868, 15.550186 ], [ 79.992918, 15.550174 ], [ 79.992937, 15.55017 ], [ 79.99313, 15.550128 ], [ 79.993776, 15.550008 ], [ 79.993987, 15.549959 ], [ 79.994022, 15.549896 ], [ 79.994074, 15.549761 ], [ 79.994086, 15.54973 ], [ 79.99431, 15.549145 ], [ 79.994328, 15.548903 ], [ 79.994332, 15.548853 ], [ 79.994333, 15.548837 ], [ 79.994353, 15.548577 ], [ 79.994592, 15.548411 ], [ 79.994654, 15.548495 ], [ 79.994848, 15.548756 ], [ 79.994867, 15.548782 ], [ 79.995267, 15.549319 ], [ 79.995277, 15.549315 ], [ 79.995346, 15.549288 ], [ 79.995667, 15.549163 ], [ 79.995862, 15.549087 ], [ 79.995835, 15.548914 ], [ 79.995938, 15.548886 ], [ 79.995993, 15.548882 ], [ 79.995999, 15.548881 ], [ 79.996671, 15.548828 ], [ 79.996925, 15.548808 ], [ 79.997072, 15.548618 ], [ 79.997086, 15.548601 ], [ 79.99711, 15.548569 ], [ 79.997229, 15.548416 ], [ 79.997259, 15.548425 ], [ 79.997269, 15.548428 ], [ 79.997685, 15.548562 ], [ 79.997749, 15.548552 ], [ 79.997773, 15.548619 ], [ 79.997803, 15.548702 ], [ 79.997918, 15.548682 ], [ 79.997985, 15.548671 ], [ 79.998015, 15.548459 ], [ 79.998031, 15.548341 ], [ 79.998041, 15.548266 ], [ 79.998042, 15.548263 ], [ 79.998032, 15.548163 ], [ 79.998029, 15.548134 ], [ 79.998024, 15.548084 ], [ 79.998007, 15.547896 ], [ 79.998003, 15.547849 ], [ 79.998133, 15.547721 ], [ 79.998383, 15.54771 ], [ 79.998403, 15.547721 ], [ 79.998518, 15.547778 ], [ 79.99853, 15.547792 ], [ 79.998607, 15.547885 ], [ 79.998616, 15.547895 ], [ 79.998958, 15.548306 ], [ 79.999531, 15.548185 ], [ 79.999561, 15.548179 ], [ 79.999644, 15.548161 ], [ 79.999911, 15.548105 ], [ 80.000101, 15.548065 ], [ 80.000332, 15.548242 ], [ 80.000581, 15.548138 ], [ 80.000581, 15.548132 ], [ 80.000582, 15.548099 ], [ 80.000586, 15.54781 ], [ 80.00061, 15.547807 ], [ 80.00064, 15.547803 ], [ 80.001001, 15.54776 ], [ 80.001046, 15.547755 ], [ 80.001441, 15.547707 ], [ 80.001434, 15.54766 ], [ 80.0014, 15.547438 ], [ 80.001383, 15.547362 ], [ 80.001388, 15.54736 ], [ 80.001531, 15.547317 ], [ 80.001571, 15.547305 ], [ 80.001821, 15.547226 ], [ 80.00188, 15.547207 ], [ 80.001854, 15.547535 ], [ 80.001831, 15.547816 ], [ 80.001911, 15.548121 ], [ 80.001943, 15.548244 ], [ 80.002053, 15.548225 ], [ 80.002536, 15.548144 ], [ 80.002597, 15.548287 ], [ 80.002647, 15.548405 ], [ 80.002698, 15.548525 ], [ 80.002699, 15.548529 ], [ 80.002751, 15.54865 ], [ 80.003056, 15.549007 ], [ 80.003591, 15.550478 ], [ 80.003634, 15.550586 ], [ 80.003665, 15.550662 ], [ 80.003666, 15.550666 ], [ 80.003678, 15.550661 ], [ 80.003849, 15.550586 ], [ 80.004007, 15.550525 ], [ 80.00443, 15.550359 ], [ 80.004929, 15.550164 ], [ 80.004958, 15.550153 ], [ 80.005012, 15.550131 ], [ 80.004941, 15.549919 ], [ 80.004647, 15.549051 ], [ 80.004638, 15.549023 ], [ 80.004608, 15.548933 ], [ 80.004785, 15.548811 ], [ 80.004839, 15.548774 ], [ 80.00488, 15.548746 ], [ 80.005059, 15.548623 ], [ 80.005142, 15.548525 ], [ 80.005319, 15.548314 ], [ 80.005492, 15.547924 ], [ 80.005516, 15.547871 ], [ 80.005549, 15.547796 ], [ 80.005626, 15.547702 ], [ 80.00599, 15.547371 ], [ 80.005995, 15.547367 ], [ 80.005883, 15.547145 ], [ 80.00584, 15.547062 ], [ 80.005716, 15.546817 ], [ 80.005663, 15.546713 ], [ 80.005659, 15.546705 ], [ 80.00567, 15.546692 ], [ 80.005719, 15.546635 ], [ 80.005774, 15.546571 ], [ 80.005783, 15.546561 ], [ 80.005931, 15.546499 ], [ 80.005959, 15.546487 ], [ 80.006015, 15.546464 ], [ 80.006103, 15.546427 ], [ 80.006162, 15.546122 ], [ 80.006209, 15.545876 ], [ 80.006299, 15.545814 ], [ 80.0066, 15.545605 ], [ 80.006737, 15.54551 ], [ 80.007521, 15.544852 ], [ 80.007456, 15.544716 ], [ 80.007452, 15.544592 ], [ 80.007448, 15.544418 ], [ 80.00744, 15.544155 ], [ 80.007511, 15.544021 ], [ 80.007539, 15.543968 ], [ 80.007842, 15.543401 ], [ 80.008389, 15.543303 ], [ 80.008425, 15.543669 ], [ 80.008749, 15.543722 ], [ 80.008873, 15.543742 ], [ 80.009224, 15.5438 ], [ 80.009407, 15.54383 ], [ 80.009577, 15.543771 ], [ 80.010129, 15.54358 ], [ 80.010777, 15.54397 ], [ 80.010692, 15.544175 ], [ 80.010655, 15.544229 ], [ 80.010591, 15.544322 ], [ 80.010534, 15.544404 ], [ 80.01052, 15.544424 ], [ 80.010549, 15.544424 ], [ 80.011165, 15.544429 ], [ 80.01135, 15.54443 ], [ 80.011576, 15.544432 ], [ 80.012416, 15.544438 ], [ 80.012453, 15.544494 ], [ 80.012568, 15.544442 ], [ 80.012805, 15.544333 ], [ 80.01375, 15.543901 ], [ 80.01382, 15.54387 ], [ 80.013794, 15.543768 ], [ 80.013729, 15.543515 ], [ 80.013723, 15.543492 ], [ 80.013692, 15.543438 ], [ 80.013619, 15.543315 ], [ 80.013512, 15.543134 ], [ 80.013478, 15.543076 ], [ 80.014172, 15.542967 ], [ 80.014294, 15.542948 ], [ 80.014859, 15.542859 ], [ 80.014944, 15.542846 ], [ 80.015315, 15.543219 ], [ 80.015504, 15.54341 ], [ 80.0156, 15.543514 ], [ 80.01594, 15.543884 ], [ 80.016223, 15.544193 ], [ 80.016385, 15.54437 ], [ 80.016111, 15.544483 ], [ 80.015838, 15.544596 ], [ 80.015697, 15.544654 ], [ 80.01578, 15.544825 ], [ 80.015909, 15.54509 ], [ 80.015926, 15.545123 ], [ 80.01606, 15.545399 ], [ 80.015956, 15.545503 ], [ 80.0156, 15.545857 ], [ 80.015713, 15.545967 ], [ 80.015834, 15.546085 ], [ 80.016248, 15.546189 ], [ 80.01634, 15.546164 ], [ 80.016414, 15.546144 ], [ 80.016511, 15.546118 ], [ 80.017073, 15.545967 ], [ 80.018106, 15.546537 ], [ 80.018157, 15.546566 ], [ 80.019214, 15.546982 ], [ 80.019596, 15.546993 ], [ 80.019611, 15.546993 ], [ 80.019712, 15.546996 ], [ 80.01981, 15.546998 ], [ 80.019922, 15.546898 ], [ 80.020289, 15.546569 ], [ 80.020302, 15.546548 ], [ 80.020312, 15.546541 ], [ 80.020327, 15.546512 ], [ 80.020349, 15.546467 ], [ 80.020464, 15.546271 ], [ 80.020513, 15.546188 ], [ 80.020566, 15.546097 ], [ 80.020692, 15.545727 ], [ 80.02073, 15.545592 ], [ 80.020787, 15.545446 ], [ 80.02105, 15.544674 ], [ 80.021069, 15.544616 ], [ 80.021024, 15.54452 ], [ 80.02099, 15.54445 ], [ 80.020768, 15.543984 ], [ 80.020754, 15.543956 ], [ 80.021, 15.543755 ], [ 80.021329, 15.543483 ], [ 80.021502, 15.543632 ], [ 80.021748, 15.543844 ], [ 80.022014, 15.543887 ], [ 80.022289, 15.543931 ], [ 80.022393, 15.543923 ], [ 80.022414, 15.543922 ], [ 80.023213, 15.543863 ], [ 80.023625, 15.543539 ] ] ] } },
{ "type": "Feature", "properties": { "clip": 21, "label": "Clip 21", "area_km2": 4.84, "town": "ONGOLE" }, "geometry": { "type": "Polygon", "coordinates": [ [ [ 80.080628, 15.535079 ], [ 80.079653, 15.534216 ], [ 80.078294, 15.534355 ], [ 80.077998, 15.533983 ], [ 80.077449, 15.533425 ], [ 80.076962, 15.533073 ], [ 80.076474, 15.532989 ], [ 80.075772, 15.533356 ], [ 80.075069, 15.533888 ], [ 80.073562, 15.533779 ], [ 80.073093, 15.534271 ], [ 80.072753, 15.534393 ], [ 80.072158, 15.53437 ], [ 80.07042, 15.533828 ], [ 80.069527, 15.534133 ], [ 80.068992, 15.534974 ], [ 80.06732, 15.538693 ], [ 80.066489, 15.539183 ], [ 80.065978, 15.539696 ], [ 80.065763, 15.540127 ], [ 80.065739, 15.540806 ], [ 80.065736, 15.541588 ], [ 80.065118, 15.541956 ], [ 80.063417, 15.542504 ], [ 80.060839, 15.544614 ], [ 80.060008, 15.545125 ], [ 80.058373, 15.545365 ], [ 80.057138, 15.546121 ], [ 80.05534, 15.547952 ], [ 80.055083, 15.548299 ], [ 80.054876, 15.548732 ], [ 80.054977, 15.548926 ], [ 80.055076, 15.549116 ], [ 80.055321, 15.5495 ], [ 80.055403, 15.54968 ], [ 80.05554, 15.549979 ], [ 80.055126, 15.550304 ], [ 80.0546, 15.550717 ], [ 80.054303, 15.550835 ], [ 80.054326, 15.551194 ], [ 80.05393, 15.551442 ], [ 80.053684, 15.551597 ], [ 80.053786, 15.55194 ], [ 80.054535, 15.554457 ], [ 80.054476, 15.554587 ], [ 80.054519, 15.554675 ], [ 80.054608, 15.554856 ], [ 80.054742, 15.55513 ], [ 80.054878, 15.555406 ], [ 80.055416, 15.556437 ], [ 80.055426, 15.556456 ], [ 80.055465, 15.556533 ], [ 80.055539, 15.556641 ], [ 80.055753, 15.557126 ], [ 80.056076, 15.557708 ], [ 80.056414, 15.558262 ], [ 80.056964, 15.558994 ], [ 80.057032, 15.559083 ], [ 80.058122, 15.560346 ], [ 80.05826, 15.560515 ], [ 80.059057, 15.561395 ], [ 80.059217, 15.561572 ], [ 80.059935, 15.562252 ], [ 80.060028, 15.56234 ], [ 80.060617, 15.562989 ], [ 80.060658, 15.563027 ], [ 80.060874, 15.563229 ], [ 80.061359, 15.563683 ], [ 80.061898, 15.564188 ], [ 80.062927, 15.565151 ], [ 80.064205, 15.566305 ], [ 80.064991, 15.567025 ], [ 80.065501, 15.567547 ], [ 80.065952, 15.568008 ], [ 80.066072, 15.56813 ], [ 80.066832, 15.569018 ], [ 80.066851, 15.56904 ], [ 80.067575, 15.570034 ], [ 80.068368, 15.571379 ], [ 80.06845, 15.571369 ], [ 80.069323, 15.571208 ], [ 80.069547, 15.571167 ], [ 80.071364, 15.570831 ], [ 80.07411, 15.569288 ], [ 80.074408, 15.569 ], [ 80.074139, 15.568945 ], [ 80.074, 15.568863 ], [ 80.073948, 15.568832 ], [ 80.073388, 15.568099 ], [ 80.073374, 15.568074 ], [ 80.073087, 15.567562 ], [ 80.072689, 15.566849 ], [ 80.071896, 15.565398 ], [ 80.07172, 15.565058 ], [ 80.071271, 15.564192 ], [ 80.071063, 15.563888 ], [ 80.070992, 15.563735 ], [ 80.070983, 15.563716 ], [ 80.070892, 15.563517 ], [ 80.070856, 15.563392 ], [ 80.070802, 15.563199 ], [ 80.070712, 15.563003 ], [ 80.070636, 15.562834 ], [ 80.070651, 15.562117 ], [ 80.070875, 15.561755 ], [ 80.070995, 15.561412 ], [ 80.071015, 15.561287 ], [ 80.070841, 15.561005 ], [ 80.070559, 15.560621 ], [ 80.069929, 15.559853 ], [ 80.069773, 15.559593 ], [ 80.069674, 15.559428 ], [ 80.069348, 15.558883 ], [ 80.069293, 15.558793 ], [ 80.066696, 15.554463 ], [ 80.066043, 15.553389 ], [ 80.065862, 15.552994 ], [ 80.06579, 15.552837 ], [ 80.065256, 15.551616 ], [ 80.065877, 15.551628 ], [ 80.06621, 15.551653 ], [ 80.067281, 15.551641 ], [ 80.0685, 15.551546 ], [ 80.069364, 15.551397 ], [ 80.069853, 15.551327 ], [ 80.071755, 15.551086 ], [ 80.071701, 15.550924 ], [ 80.071955, 15.550899 ], [ 80.072176, 15.550849 ], [ 80.072392, 15.5508 ], [ 80.072732, 15.550752 ], [ 80.07268, 15.550602 ], [ 80.072288, 15.549276 ], [ 80.073656, 15.548913 ], [ 80.07422, 15.548614 ], [ 80.073455, 15.547477 ], [ 80.072884, 15.546112 ], [ 80.070627, 15.547062 ], [ 80.068258, 15.54806 ], [ 80.069296, 15.547081 ], [ 80.070174, 15.546559 ], [ 80.070297, 15.546471 ], [ 80.071028, 15.545952 ], [ 80.071969, 15.545227 ], [ 80.07298, 15.544457 ], [ 80.073578, 15.544002 ], [ 80.073437, 15.543856 ], [ 80.073572, 15.543758 ], [ 80.07304, 15.542728 ], [ 80.072971, 15.542595 ], [ 80.072947, 15.542548 ], [ 80.073039, 15.542449 ], [ 80.073111, 15.542373 ], [ 80.073594, 15.541854 ], [ 80.074027, 15.541062 ], [ 80.074042, 15.541034 ], [ 80.074114, 15.540902 ], [ 80.074335, 15.540496 ], [ 80.075288, 15.539815 ], [ 80.075353, 15.539768 ], [ 80.075607, 15.539586 ], [ 80.075632, 15.53956 ], [ 80.07571, 15.539482 ], [ 80.075757, 15.538932 ], [ 80.075762, 15.538868 ], [ 80.075766, 15.538821 ], [ 80.07577, 15.538778 ], [ 80.075798, 15.538459 ], [ 80.075777, 15.538369 ], [ 80.075769, 15.538333 ], [ 80.075761, 15.538299 ], [ 80.075674, 15.537932 ], [ 80.075686, 15.537497 ], [ 80.075688, 15.537422 ], [ 80.075705, 15.53681 ], [ 80.075697, 15.536478 ], [ 80.075586, 15.536155 ], [ 80.075571, 15.536111 ], [ 80.075499, 15.535903 ], [ 80.075468, 15.535811 ], [ 80.075397, 15.535605 ], [ 80.07542, 15.535012 ], [ 80.075421, 15.534865 ], [ 80.075421, 15.534784 ], [ 80.075422, 15.534712 ], [ 80.075477, 15.534612 ], [ 80.075478, 15.534605 ], [ 80.075554, 15.534471 ], [ 80.075626, 15.534346 ], [ 80.075634, 15.534332 ], [ 80.0762, 15.534009 ], [ 80.076545, 15.534163 ], [ 80.076562, 15.534171 ], [ 80.076547, 15.534439 ], [ 80.076545, 15.534474 ], [ 80.07654, 15.534566 ], [ 80.076536, 15.534627 ], [ 80.076536, 15.534641 ], [ 80.076526, 15.534801 ], [ 80.076655, 15.535134 ], [ 80.077036, 15.535362 ], [ 80.077077, 15.535373 ], [ 80.077109, 15.535381 ], [ 80.077288, 15.535426 ], [ 80.077365, 15.535445 ], [ 80.077365, 15.535444 ], [ 80.077367, 15.535445 ], [ 80.077476, 15.535472 ], [ 80.07755, 15.535491 ], [ 80.077648, 15.535516 ], [ 80.077693, 15.535527 ], [ 80.077791, 15.535551 ], [ 80.077915, 15.535582 ], [ 80.077971, 15.535564 ], [ 80.078044, 15.53554 ], [ 80.078063, 15.535533 ], [ 80.078197, 15.535489 ], [ 80.078272, 15.535463 ], [ 80.078369, 15.535431 ], [ 80.078461, 15.5354 ], [ 80.078552, 15.53537 ], [ 80.078578, 15.535361 ], [ 80.07862, 15.535343 ], [ 80.078657, 15.535328 ], [ 80.078762, 15.535283 ], [ 80.07885, 15.535245 ], [ 80.079006, 15.535179 ], [ 80.079133, 15.535125 ], [ 80.079215, 15.535098 ], [ 80.079476, 15.535014 ], [ 80.079593, 15.534977 ], [ 80.079699, 15.534943 ], [ 80.079818, 15.534904 ], [ 80.08016, 15.535017 ], [ 80.080647, 15.535177 ], [ 80.080628, 15.535079 ] ] ] } },
{ "type": "Feature", "properties": { "clip": 22, "label": "Clip 22", "area_km2": 5.18, "town": "ONGOLE" }, "geometry": { "type": "Polygon", "coordinates": [ [ [ 80.047494, 15.481575 ], [ 80.04772, 15.481616 ], [ 80.047927, 15.481741 ], [ 80.04799, 15.48188 ], [ 80.048117, 15.482992 ], [ 80.048225, 15.485015 ], [ 80.048347, 15.487673 ], [ 80.048415, 15.489482 ], [ 80.04844, 15.489796 ], [ 80.048465, 15.490007 ], [ 80.048509, 15.490439 ], [ 80.04858, 15.491061 ], [ 80.048624, 15.492018 ], [ 80.048677, 15.49314 ], [ 80.048716, 15.493902 ], [ 80.048799, 15.494283 ], [ 80.048973, 15.495755 ], [ 80.049186, 15.497866 ], [ 80.049498, 15.501163 ], [ 80.049571, 15.501933 ], [ 80.049612, 15.502738 ], [ 80.049562, 15.503247 ], [ 80.049522, 15.503565 ], [ 80.049505, 15.503874 ], [ 80.049503, 15.504334 ], [ 80.049523, 15.50464 ], [ 80.049567, 15.504908 ], [ 80.049669, 15.50523 ], [ 80.04999, 15.505918 ], [ 80.050016, 15.505864 ], [ 80.050091, 15.505796 ], [ 80.050411, 15.505647 ], [ 80.051062, 15.505408 ], [ 80.051413, 15.505138 ], [ 80.051574, 15.50496 ], [ 80.051864, 15.504753 ], [ 80.052475, 15.50445 ], [ 80.053422, 15.503844 ], [ 80.054013, 15.503449 ], [ 80.054489, 15.503156 ], [ 80.055451, 15.502661 ], [ 80.055931, 15.502474 ], [ 80.066221, 15.498066 ], [ 80.068523, 15.496984 ], [ 80.059094, 15.476316 ], [ 80.0583, 15.475266 ], [ 80.056944, 15.474524 ], [ 80.053512, 15.47358 ], [ 80.051869, 15.47305 ], [ 80.050473, 15.472462 ], [ 80.049537, 15.471741 ], [ 80.04913, 15.471275 ], [ 80.048862, 15.470896 ], [ 80.048644, 15.47041 ], [ 80.048457, 15.469886 ], [ 80.048167, 15.470011 ], [ 80.047494, 15.481575 ] ] ] } },
{ "type": "Feature", "properties": { "clip": 23, "label": "Clip 23", "area_km2": 5.55, "town": "ONGOLE" }, "geometry": { "type": "Polygon", "coordinates": [ [ [ 80.000477, 15.519764 ], [ 80.001267, 15.52209 ], [ 80.001939, 15.52378 ], [ 80.002341, 15.523937 ], [ 80.002744, 15.524062 ], [ 80.002956, 15.524186 ], [ 80.003188, 15.524383 ], [ 80.003474, 15.52459 ], [ 80.00396, 15.524932 ], [ 80.00432, 15.525098 ], [ 80.004807, 15.525471 ], [ 80.005028, 15.52577 ], [ 80.005291, 15.526245 ], [ 80.005522, 15.52676 ], [ 80.005847, 15.527657 ], [ 80.005982, 15.528368 ], [ 80.006085, 15.529017 ], [ 80.006205, 15.530623 ], [ 80.006211, 15.531384 ], [ 80.006129, 15.532559 ], [ 80.008297, 15.531188 ], [ 80.011021, 15.529381 ], [ 80.014072, 15.527738 ], [ 80.015409, 15.527018 ], [ 80.036474, 15.515252 ], [ 80.027323, 15.500565 ], [ 80.025817, 15.497885 ], [ 80.025649, 15.497506 ], [ 80.02557, 15.497138 ], [ 80.024645, 15.497075 ], [ 80.024539, 15.497217 ], [ 80.020278, 15.502371 ], [ 80.020157, 15.502552 ], [ 80.020141, 15.502719 ], [ 80.020703, 15.507906 ], [ 80.021102, 15.512361 ], [ 80.021101, 15.512438 ], [ 80.021026, 15.512543 ], [ 80.020891, 15.512644 ], [ 80.020703, 15.512737 ], [ 80.018107, 15.513387 ], [ 80.011378, 15.514999 ], [ 80.011055, 15.515114 ], [ 80.002792, 15.52001 ], [ 80.002657, 15.52006 ], [ 80.002455, 15.520067 ], [ 80.002245, 15.520037 ], [ 80.000627, 15.51979 ], [ 80.000477, 15.519764 ] ] ] } },
{ "type": "Feature", "properties": { "clip": 24, "label": "Clip 24", "area_km2": 4.78, "town": "ONGOLE" }, "geometry": { "type": "Polygon", "coordinates": [ [ [ 80.054225, 15.457182 ], [ 80.056014, 15.457148 ], [ 80.057825, 15.457223 ], [ 80.058635, 15.457188 ], [ 80.059146, 15.457044 ], [ 80.059378, 15.456803 ], [ 80.060061, 15.456204 ], [ 80.060823, 15.455722 ], [ 80.061485, 15.455366 ], [ 80.06252, 15.454458 ], [ 80.062748, 15.454336 ], [ 80.063933, 15.45387 ], [ 80.065491, 15.453372 ], [ 80.066182, 15.453195 ], [ 80.06759, 15.452716 ], [ 80.068321, 15.452491 ], [ 80.068671, 15.452415 ], [ 80.068882, 15.452392 ], [ 80.069235, 15.452468 ], [ 80.069416, 15.452485 ], [ 80.069443, 15.452515 ], [ 80.069871, 15.452434 ], [ 80.070093, 15.452392 ], [ 80.070138, 15.452383 ], [ 80.0703, 15.452353 ], [ 80.070365, 15.45234 ], [ 80.070725, 15.45221 ], [ 80.070934, 15.452134 ], [ 80.071212, 15.452034 ], [ 80.0713, 15.452002 ], [ 80.071655, 15.451873 ], [ 80.071973, 15.451758 ], [ 80.072185, 15.451687 ], [ 80.072241, 15.451668 ], [ 80.072995, 15.451414 ], [ 80.07307, 15.451388 ], [ 80.07336, 15.451286 ], [ 80.073487, 15.451241 ], [ 80.073688, 15.45117 ], [ 80.074397, 15.450921 ], [ 80.074965, 15.45072 ], [ 80.075331, 15.45059 ], [ 80.075404, 15.450564 ], [ 80.075682, 15.450466 ], [ 80.075725, 15.45056 ], [ 80.075752, 15.450618 ], [ 80.07589, 15.450915 ], [ 80.075965, 15.450962 ], [ 80.076054, 15.451049 ], [ 80.076247, 15.451062 ], [ 80.076536, 15.45109 ], [ 80.076938, 15.451094 ], [ 80.077108, 15.450911 ], [ 80.077222, 15.450826 ], [ 80.07726, 15.450797 ], [ 80.07765, 15.450519 ], [ 80.077569, 15.45043 ], [ 80.077537, 15.450398 ], [ 80.077508, 15.450369 ], [ 80.077479, 15.45034 ], [ 80.077419, 15.450279 ], [ 80.07706, 15.449915 ], [ 80.07685, 15.449677 ], [ 80.076836, 15.44966 ], [ 80.076812, 15.449634 ], [ 80.076795, 15.449615 ], [ 80.07675, 15.449564 ], [ 80.076748, 15.449561 ], [ 80.07673, 15.449526 ], [ 80.076653, 15.449369 ], [ 80.076622, 15.449298 ], [ 80.076455, 15.44892 ], [ 80.076339, 15.448767 ], [ 80.07615, 15.448517 ], [ 80.076113, 15.44846 ], [ 80.07599, 15.448271 ], [ 80.075851, 15.44806 ], [ 80.075834, 15.448033 ], [ 80.075517, 15.447549 ], [ 80.075365, 15.447302 ], [ 80.075304, 15.447204 ], [ 80.075299, 15.447196 ], [ 80.075224, 15.447076 ], [ 80.075187, 15.447002 ], [ 80.075137, 15.446903 ], [ 80.074997, 15.446596 ], [ 80.074924, 15.446437 ], [ 80.074924, 15.446437 ], [ 80.074894, 15.446373 ], [ 80.07485, 15.446277 ], [ 80.074848, 15.446273 ], [ 80.074795, 15.446159 ], [ 80.074635, 15.445814 ], [ 80.074582, 15.445703 ], [ 80.074526, 15.445587 ], [ 80.074403, 15.445305 ], [ 80.074388, 15.445271 ], [ 80.074219, 15.444914 ], [ 80.074212, 15.444899 ], [ 80.074212, 15.444898 ], [ 80.073939, 15.444322 ], [ 80.073925, 15.444236 ], [ 80.073923, 15.444227 ], [ 80.073921, 15.44422 ], [ 80.073864, 15.443987 ], [ 80.073789, 15.443493 ], [ 80.07377, 15.443367 ], [ 80.073678, 15.442809 ], [ 80.073665, 15.442729 ], [ 80.073592, 15.442287 ], [ 80.073563, 15.442104 ], [ 80.073548, 15.442016 ], [ 80.073542, 15.441985 ], [ 80.073532, 15.441925 ], [ 80.073498, 15.441723 ], [ 80.073381, 15.441036 ], [ 80.073353, 15.44087 ], [ 80.07331, 15.440617 ], [ 80.073293, 15.440518 ], [ 80.073218, 15.440074 ], [ 80.073208, 15.440018 ], [ 80.073202, 15.43998 ], [ 80.073198, 15.439959 ], [ 80.073184, 15.439875 ], [ 80.073173, 15.439812 ], [ 80.073124, 15.439782 ], [ 80.073056, 15.439742 ], [ 80.072915, 15.439657 ], [ 80.072825, 15.439604 ], [ 80.072691, 15.439524 ], [ 80.07192, 15.439065 ], [ 80.071326, 15.438784 ], [ 80.070963, 15.438617 ], [ 80.07073, 15.438509 ], [ 80.070541, 15.438422 ], [ 80.070208, 15.438267 ], [ 80.06856, 15.4375 ], [ 80.068412, 15.437431 ], [ 80.066401, 15.436495 ], [ 80.066118, 15.436364 ], [ 80.064953, 15.435822 ], [ 80.064703, 15.435705 ], [ 80.064247, 15.435494 ], [ 80.064077, 15.435414 ], [ 80.063832, 15.4353 ], [ 80.063247, 15.435028 ], [ 80.062082, 15.434486 ], [ 80.061868, 15.434386 ], [ 80.061861, 15.434383 ], [ 80.060963, 15.433965 ], [ 80.060874, 15.433924 ], [ 80.060808, 15.433927 ], [ 80.060523, 15.433941 ], [ 80.060515, 15.433943 ], [ 80.060495, 15.433934 ], [ 80.059843, 15.434053 ], [ 80.059574, 15.434102 ], [ 80.059489, 15.434118 ], [ 80.059474, 15.434121 ], [ 80.059082, 15.434316 ], [ 80.058956, 15.434408 ], [ 80.058938, 15.434422 ], [ 80.058817, 15.43451 ], [ 80.058283, 15.434625 ], [ 80.058185, 15.434646 ], [ 80.057802, 15.434728 ], [ 80.057729, 15.434689 ], [ 80.057644, 15.43472 ], [ 80.057607, 15.434733 ], [ 80.056829, 15.435015 ], [ 80.056826, 15.435035 ], [ 80.056825, 15.435047 ], [ 80.056235, 15.435204 ], [ 80.055824, 15.435314 ], [ 80.055824, 15.435314 ], [ 80.055381, 15.435432 ], [ 80.055299, 15.435454 ], [ 80.054394, 15.435694 ], [ 80.054384, 15.435697 ], [ 80.054016, 15.435794 ], [ 80.053917, 15.435821 ], [ 80.05294, 15.43608 ], [ 80.052866, 15.436098 ], [ 80.052812, 15.436111 ], [ 80.052812, 15.436111 ], [ 80.052741, 15.436129 ], [ 80.052504, 15.436129 ], [ 80.052227, 15.436207 ], [ 80.052182, 15.436219 ], [ 80.051313, 15.436463 ], [ 80.051018, 15.436579 ], [ 80.050935, 15.436603 ], [ 80.050929, 15.436605 ], [ 80.050844, 15.43663 ], [ 80.051408, 15.439945 ], [ 80.054226, 15.457152 ], [ 80.054225, 15.457182 ] ] ] } }
]
}
