{
"type": "FeatureCollection",
"name": "guntur_detections",
"crs": { "type": "name", "properties": { "name": "urn:ogc:def:crs:OGC:1.3:CRS84" } },
"xy_coordinate_resolution": 1e-07,
"features": [
{ "type": "Feature", "properties": { "label": "Pothole", "confidence": 0.73, "on_road": 0, "size_m": 4.8, "gt_road_overlap": 0.0, "gt_roof_overlap": 1.0 }, "geometry": { "type": "Polygon", "coordinates": [ [ [ 80.429678, 16.3139476 ], [ 80.4297233, 16.3139477 ], [ 80.4297234, 16.3139267 ], [ 80.4296781, 16.3139266 ], [ 80.429678, 16.3139476 ] ] ] } },
{ "type": "Feature", "properties": { "label": "Pothole", "confidence": 0.42, "on_road": 0, "size_m": 4.7, "gt_road_overlap": 1.0, "gt_roof_overlap": 0.0 }, "geometry": { "type": "Polygon", "coordinates": [ [ [ 80.429973, 16.3140253 ], [ 80.4300171, 16.3140254 ], [ 80.4300171, 16.3140072 ], [ 80.429973, 16.3140071 ], [ 80.429973, 16.3140253 ] ] ] } },
{ "type": "Feature", "properties": { "label": "Pothole", "confidence": 0.47, "on_road": 0, "size_m": 3.0, "gt_road_overlap": 0.0, "gt_roof_overlap": 1.0 }, "geometry": { "type": "Polygon", "coordinates": [ [ [ 80.4308741, 16.3136776 ], [ 80.4308958, 16.3136777 ], [ 80.4308959, 16.3136509 ], [ 80.4308742, 16.3136509 ], [ 80.4308741, 16.3136776 ] ] ] } },
{ "type": "Feature", "properties": { "label": "Pothole", "confidence": 0.33, "on_road": 0, "size_m": 7.8, "gt_road_overlap": 1.0, "gt_roof_overlap": 0.0 }, "geometry": { "type": "Polygon", "coordinates": [ [ [ 80.4309852, 16.3138492 ], [ 80.4310579, 16.3138494 ], [ 80.431058, 16.3138025 ], [ 80.4309854, 16.3138023 ], [ 80.4309852, 16.3138492 ] ] ] } },
{ "type": "Feature", "properties": { "label": "Pothole", "confidence": 0.32, "on_road": 1, "size_m": 2.2, "gt_road_overlap": 1.0, "gt_roof_overlap": 0.0 }, "geometry": { "type": "Polygon", "coordinates": [ [ [ 80.4310038, 16.313763 ], [ 80.4310248, 16.313763 ], [ 80.4310248, 16.3137453 ], [ 80.4310039, 16.3137452 ], [ 80.4310038, 16.313763 ] ] ] } },
{ "type": "Feature", "properties": { "label": "Pothole", "confidence": 0.75, "on_road": 0, "size_m": 0.8, "gt_road_overlap": 1.0, "gt_roof_overlap": 0.976 }, "geometry": { "type": "Polygon", "coordinates": [ [ [ 80.4361206, 16.3148199 ], [ 80.4361274, 16.3148199 ], [ 80.4361274, 16.3148127 ], [ 80.4361207, 16.3148126 ], [ 80.4361206, 16.3148199 ] ] ] } },
{ "type": "Feature", "properties": { "label": "Pothole", "confidence": 0.7, "on_road": 1, "size_m": 0.8, "gt_road_overlap": 1.0, "gt_roof_overlap": 0.0 }, "geometry": { "type": "Polygon", "coordinates": [ [ [ 80.435781, 16.3140167 ], [ 80.4357877, 16.3140167 ], [ 80.4357877, 16.3140098 ], [ 80.435781, 16.3140098 ], [ 80.435781, 16.3140167 ] ] ] } },
{ "type": "Feature", "properties": { "label": "Pothole", "confidence": 0.6, "on_road": 0, "size_m": 6.4, "gt_road_overlap": 0.0, "gt_roof_overlap": 0.053 }, "geometry": { "type": "Polygon", "coordinates": [ [ [ 80.4359168, 16.3144138 ], [ 80.4359767, 16.3144139 ], [ 80.4359768, 16.3143954 ], [ 80.4359168, 16.3143953 ], [ 80.4359168, 16.3144138 ] ] ] } },
{ "type": "Feature", "properties": { "label": "Pothole", "confidence": 0.58, "on_road": 0, "size_m": 0.7, "gt_road_overlap": 0.0, "gt_roof_overlap": 0.0 }, "geometry": { "type": "Polygon", "coordinates": [ [ [ 80.4359332, 16.3143665 ], [ 80.4359394, 16.3143665 ], [ 80.4359394, 16.3143604 ], [ 80.4359332, 16.3143603 ], [ 80.4359332, 16.3143665 ] ] ] } },
{ "type": "Feature", "properties": { "label": "Pothole", "confidence": 0.53, "on_road": 0, "size_m": 0.8, "gt_road_overlap": 1.0, "gt_roof_overlap": 1.0 }, "geometry": { "type": "Polygon", "coordinates": [ [ [ 80.4358102, 16.3137198 ], [ 80.4358177, 16.3137198 ], [ 80.4358177, 16.3137126 ], [ 80.4358102, 16.3137126 ], [ 80.4358102, 16.3137198 ] ] ] } },
{ "type": "Feature", "properties": { "label": "Pothole", "confidence": 0.5, "on_road": 0, "size_m": 0.9, "gt_road_overlap": 1.0, "gt_roof_overlap": 1.0 }, "geometry": { "type": "Polygon", "coordinates": [ [ [ 80.4361152, 16.3148141 ], [ 80.4361235, 16.3148141 ], [ 80.4361235, 16.3148069 ], [ 80.4361152, 16.3148068 ], [ 80.4361152, 16.3148141 ] ] ] } },
{ "type": "Feature", "properties": { "label": "Pothole", "confidence": 0.48, "on_road": 1, "size_m": 0.9, "gt_road_overlap": 1.0, "gt_roof_overlap": 0.0 }, "geometry": { "type": "Polygon", "coordinates": [ [ [ 80.4357756, 16.3139585 ], [ 80.4357827, 16.3139586 ], [ 80.4357828, 16.3139508 ], [ 80.4357756, 16.3139508 ], [ 80.4357756, 16.3139585 ] ] ] } },
{ "type": "Feature", "properties": { "label": "Pothole", "confidence": 0.46, "on_road": 0, "size_m": 0.6, "gt_road_overlap": 0.0, "gt_roof_overlap": 0.0 }, "geometry": { "type": "Polygon", "coordinates": [ [ [ 80.4359175, 16.3143533 ], [ 80.4359214, 16.3143533 ], [ 80.4359214, 16.3143479 ], [ 80.4359175, 16.3143479 ], [ 80.4359175, 16.3143533 ] ] ] } },
{ "type": "Feature", "properties": { "label": "Pothole", "confidence": 0.39, "on_road": 0, "size_m": 1.0, "gt_road_overlap": 1.0, "gt_roof_overlap": 0.74 }, "geometry": { "type": "Polygon", "coordinates": [ [ [ 80.4359001, 16.3142829 ], [ 80.4359042, 16.3142829 ], [ 80.4359043, 16.3142735 ], [ 80.4359002, 16.3142735 ], [ 80.4359001, 16.3142829 ] ] ] } },
{ "type": "Feature", "properties": { "label": "Pothole", "confidence": 0.35, "on_road": 0, "size_m": 2.2, "gt_road_overlap": 0.0, "gt_roof_overlap": 0.0 }, "geometry": { "type": "Polygon", "coordinates": [ [ [ 80.4358311, 16.3143837 ], [ 80.4358513, 16.3143838 ], [ 80.4358514, 16.3143704 ], [ 80.4358312, 16.3143704 ], [ 80.4358311, 16.3143837 ] ] ] } },
{ "type": "Feature", "properties": { "label": "Pothole", "confidence": 0.78, "on_road": 1, "size_m": 1.4, "gt_road_overlap": 1.0, "gt_roof_overlap": 0.067 }, "geometry": { "type": "Polygon", "coordinates": [ [ [ 80.4363396, 16.3147669 ], [ 80.4363527, 16.314767 ], [ 80.4363528, 16.3147576 ], [ 80.4363397, 16.3147575 ], [ 80.4363396, 16.3147669 ] ] ] } },
{ "type": "Feature", "properties": { "label": "Pothole", "confidence": 0.68, "on_road": 1, "size_m": 0.8, "gt_road_overlap": 1.0, "gt_roof_overlap": 0.0 }, "geometry": { "type": "Polygon", "coordinates": [ [ [ 80.4365565, 16.3144038 ], [ 80.436561, 16.3144038 ], [ 80.4365611, 16.3143967 ], [ 80.4365566, 16.3143967 ], [ 80.4365565, 16.3144038 ] ] ] } },
{ "type": "Feature", "properties": { "label": "Pothole", "confidence": 0.64, "on_road": 0, "size_m": 1.1, "gt_road_overlap": 1.0, "gt_roof_overlap": 0.619 }, "geometry": { "type": "Polygon", "coordinates": [ [ [ 80.4362553, 16.3147902 ], [ 80.4362658, 16.3147903 ], [ 80.4362658, 16.3147823 ], [ 80.4362553, 16.3147823 ], [ 80.4362553, 16.3147902 ] ] ] } },
{ "type": "Feature", "properties": { "label": "Pothole", "confidence": 0.49, "on_road": 0, "size_m": 1.3, "gt_road_overlap": 1.0, "gt_roof_overlap": 1.0 }, "geometry": { "type": "Polygon", "coordinates": [ [ [ 80.436337, 16.314757 ], [ 80.436349, 16.314757 ], [ 80.4363491, 16.3147487 ], [ 80.4363371, 16.3147487 ], [ 80.436337, 16.314757 ] ] ] } },
{ "type": "Feature", "properties": { "label": "Pothole", "confidence": 0.45, "on_road": 1, "size_m": 2.0, "gt_road_overlap": 1.0, "gt_roof_overlap": 0.0 }, "geometry": { "type": "Polygon", "coordinates": [ [ [ 80.436364, 16.3147616 ], [ 80.4363827, 16.3147616 ], [ 80.4363827, 16.3147522 ], [ 80.436364, 16.3147522 ], [ 80.436364, 16.3147616 ] ] ] } },
{ "type": "Feature", "properties": { "label": "Pothole", "confidence": 0.39, "on_road": 0, "size_m": 0.9, "gt_road_overlap": 1.0, "gt_roof_overlap": 0.509 }, "geometry": { "type": "Polygon", "coordinates": [ [ [ 80.4361527, 16.3148131 ], [ 80.4361607, 16.3148131 ], [ 80.4361607, 16.3148059 ], [ 80.4361527, 16.3148059 ], [ 80.4361527, 16.3148131 ] ] ] } },
{ "type": "Feature", "properties": { "label": "Pothole", "confidence": 0.32, "on_road": 0, "size_m": 4.2, "gt_road_overlap": 1.0, "gt_roof_overlap": 0.825 }, "geometry": { "type": "Polygon", "coordinates": [ [ [ 80.436214, 16.3148042 ], [ 80.4362538, 16.3148043 ], [ 80.4362538, 16.314783 ], [ 80.4362141, 16.3147829 ], [ 80.436214, 16.3148042 ] ] ] } },
{ "type": "Feature", "properties": { "label": "Pothole", "confidence": 0.3, "on_road": 1, "size_m": 1.4, "gt_road_overlap": 1.0, "gt_roof_overlap": 0.0 }, "geometry": { "type": "Polygon", "coordinates": [ [ [ 80.4365586, 16.3142755 ], [ 80.4365721, 16.3142755 ], [ 80.4365721, 16.3142676 ], [ 80.4365586, 16.3142675 ], [ 80.4365586, 16.3142755 ] ] ] } },
{ "type": "Feature", "properties": { "label": "Pothole", "confidence": 0.28, "on_road": 0, "size_m": 4.8, "gt_road_overlap": 1.0, "gt_roof_overlap": 0.222 }, "geometry": { "type": "Polygon", "coordinates": [ [ [ 80.4366895, 16.3146829 ], [ 80.4367344, 16.314683 ], [ 80.4367344, 16.3146541 ], [ 80.4366896, 16.314654 ], [ 80.4366895, 16.3146829 ] ] ] } },
{ "type": "Feature", "properties": { "label": "Repaired patch", "confidence": 0.54, "on_road": 0, "size_m": 9.4, "gt_road_overlap": 0.0, "gt_roof_overlap": 0.861 }, "geometry": { "type": "Polygon", "coordinates": [ [ [ 80.4378744, 16.3137011 ], [ 80.4379629, 16.3137013 ], [ 80.437963, 16.3136659 ], [ 80.4378745, 16.3136657 ], [ 80.4378744, 16.3137011 ] ] ] } },
{ "type": "Feature", "properties": { "label": "Pothole", "confidence": 0.45, "on_road": 1, "size_m": 1.9, "gt_road_overlap": 0.966, "gt_roof_overlap": 0.0 }, "geometry": { "type": "Polygon", "coordinates": [ [ [ 80.4377332, 16.3138215 ], [ 80.4377396, 16.3138215 ], [ 80.4377396, 16.3138041 ], [ 80.4377332, 16.3138041 ], [ 80.4377332, 16.3138215 ] ] ] } },
{ "type": "Feature", "properties": { "label": "Pothole", "confidence": 0.41, "on_road": 1, "size_m": 1.5, "gt_road_overlap": 1.0, "gt_roof_overlap": 0.0 }, "geometry": { "type": "Polygon", "coordinates": [ [ [ 80.4377096, 16.3138592 ], [ 80.4377171, 16.3138592 ], [ 80.4377172, 16.3138458 ], [ 80.4377097, 16.3138458 ], [ 80.4377096, 16.3138592 ] ] ] } },
{ "type": "Feature", "properties": { "label": "Pothole", "confidence": 0.37, "on_road": 0, "size_m": 1.0, "gt_road_overlap": 0.0, "gt_roof_overlap": 1.0 }, "geometry": { "type": "Polygon", "coordinates": [ [ [ 80.437487, 16.3136581 ], [ 80.4374967, 16.3136581 ], [ 80.4374968, 16.3136495 ], [ 80.437487, 16.3136494 ], [ 80.437487, 16.3136581 ] ] ] } },
{ "type": "Feature", "properties": { "label": "Pothole", "confidence": 0.75, "on_road": 1, "size_m": 0.8, "gt_road_overlap": 1.0, "gt_roof_overlap": 0.0 }, "geometry": { "type": "Polygon", "coordinates": [ [ [ 80.4302588, 16.3133356 ], [ 80.4302655, 16.3133357 ], [ 80.4302656, 16.3133281 ], [ 80.4302588, 16.313328 ], [ 80.4302588, 16.3133356 ] ] ] } },
{ "type": "Feature", "properties": { "label": "Pothole", "confidence": 0.61, "on_road": 1, "size_m": 2.5, "gt_road_overlap": 1.0, "gt_roof_overlap": 0.0 }, "geometry": { "type": "Polygon", "coordinates": [ [ [ 80.4303777, 16.3127958 ], [ 80.4304011, 16.3127959 ], [ 80.4304011, 16.312782 ], [ 80.4303777, 16.3127819 ], [ 80.4303777, 16.3127958 ] ] ] } },
{ "type": "Feature", "properties": { "label": "Pothole", "confidence": 0.51, "on_road": 0, "size_m": 1.0, "gt_road_overlap": 0.204, "gt_roof_overlap": 0.0 }, "geometry": { "type": "Polygon", "coordinates": [ [ [ 80.4307031, 16.312728 ], [ 80.4307129, 16.312728 ], [ 80.4307129, 16.3127194 ], [ 80.4307032, 16.3127193 ], [ 80.4307031, 16.312728 ] ] ] } },
{ "type": "Feature", "properties": { "label": "Pothole", "confidence": 0.47, "on_road": 0, "size_m": 4.3, "gt_road_overlap": 0.0, "gt_roof_overlap": 0.0 }, "geometry": { "type": "Polygon", "coordinates": [ [ [ 80.4299032, 16.3127615 ], [ 80.4299437, 16.3127616 ], [ 80.4299438, 16.3127265 ], [ 80.4299034, 16.3127264 ], [ 80.4299032, 16.3127615 ] ] ] } },
{ "type": "Feature", "properties": { "label": "Pothole", "confidence": 0.46, "on_road": 0, "size_m": 6.3, "gt_road_overlap": 1.0, "gt_roof_overlap": 0.0 }, "geometry": { "type": "Polygon", "coordinates": [ [ [ 80.4306234, 16.3127162 ], [ 80.430662, 16.3127163 ], [ 80.4306621, 16.3126596 ], [ 80.4306236, 16.3126594 ], [ 80.4306234, 16.3127162 ] ] ] } },
{ "type": "Feature", "properties": { "label": "Pothole", "confidence": 0.4, "on_road": 0, "size_m": 6.9, "gt_road_overlap": 1.0, "gt_roof_overlap": 0.0 }, "geometry": { "type": "Polygon", "coordinates": [ [ [ 80.4299129, 16.3129146 ], [ 80.4299773, 16.3129148 ], [ 80.4299774, 16.3128884 ], [ 80.429913, 16.3128882 ], [ 80.4299129, 16.3129146 ] ] ] } },
{ "type": "Feature", "properties": { "label": "Pothole", "confidence": 0.38, "on_road": 1, "size_m": 1.5, "gt_road_overlap": 1.0, "gt_roof_overlap": 0.0 }, "geometry": { "type": "Polygon", "coordinates": [ [ [ 80.4296272, 16.3130382 ], [ 80.4296415, 16.3130383 ], [ 80.4296415, 16.3130278 ], [ 80.4296273, 16.3130278 ], [ 80.4296272, 16.3130382 ] ] ] } },
{ "type": "Feature", "properties": { "label": "Pothole", "confidence": 0.37, "on_road": 0, "size_m": 0.9, "gt_road_overlap": 0.0, "gt_roof_overlap": 1.0 }, "geometry": { "type": "Polygon", "coordinates": [ [ [ 80.429461, 16.3133724 ], [ 80.4294683, 16.3133724 ], [ 80.4294683, 16.3133645 ], [ 80.429461, 16.3133645 ], [ 80.429461, 16.3133724 ] ] ] } },
{ "type": "Feature", "properties": { "label": "Pothole", "confidence": 0.37, "on_road": 1, "size_m": 2.9, "gt_road_overlap": 0.893, "gt_roof_overlap": 0.0 }, "geometry": { "type": "Polygon", "coordinates": [ [ [ 80.4299699, 16.3128777 ], [ 80.4299909, 16.3128778 ], [ 80.429991, 16.3128514 ], [ 80.42997, 16.3128513 ], [ 80.4299699, 16.3128777 ] ] ] } },
{ "type": "Feature", "properties": { "label": "Pothole", "confidence": 0.37, "on_road": 0, "size_m": 2.8, "gt_road_overlap": 0.0, "gt_roof_overlap": 0.994 }, "geometry": { "type": "Polygon", "coordinates": [ [ [ 80.4294265, 16.3133765 ], [ 80.4294527, 16.3133766 ], [ 80.4294528, 16.3133578 ], [ 80.4294266, 16.3133577 ], [ 80.4294265, 16.3133765 ] ] ] } },
{ "type": "Feature", "properties": { "label": "Pothole", "confidence": 0.35, "on_road": 0, "size_m": 2.4, "gt_road_overlap": 0.577, "gt_roof_overlap": 0.303 }, "geometry": { "type": "Polygon", "coordinates": [ [ [ 80.4296732, 16.3133524 ], [ 80.4296962, 16.3133525 ], [ 80.4296962, 16.313344 ], [ 80.4296733, 16.3133439 ], [ 80.4296732, 16.3133524 ] ] ] } },
{ "type": "Feature", "properties": { "label": "Pothole", "confidence": 0.33, "on_road": 0, "size_m": 2.0, "gt_road_overlap": 0.0, "gt_roof_overlap": 1.0 }, "geometry": { "type": "Polygon", "coordinates": [ [ [ 80.4303101, 16.3126416 ], [ 80.4303215, 16.3126416 ], [ 80.4303216, 16.3126239 ], [ 80.4303101, 16.3126239 ], [ 80.4303101, 16.3126416 ] ] ] } },
{ "type": "Feature", "properties": { "label": "Pothole", "confidence": 0.32, "on_road": 1, "size_m": 0.7, "gt_road_overlap": 1.0, "gt_roof_overlap": 0.0 }, "geometry": { "type": "Polygon", "coordinates": [ [ [ 80.4298914, 16.3129211 ], [ 80.4298981, 16.3129211 ], [ 80.4298981, 16.3129149 ], [ 80.4298914, 16.3129149 ], [ 80.4298914, 16.3129211 ] ] ] } },
{ "type": "Feature", "properties": { "label": "Pothole", "confidence": 0.3, "on_road": 0, "size_m": 0.6, "gt_road_overlap": 0.209, "gt_roof_overlap": 0.0 }, "geometry": { "type": "Polygon", "coordinates": [ [ [ 80.4305903, 16.3123372 ], [ 80.4305955, 16.3123372 ], [ 80.4305955, 16.3123321 ], [ 80.4305903, 16.3123321 ], [ 80.4305903, 16.3123372 ] ] ] } },
{ "type": "Feature", "properties": { "label": "Pothole", "confidence": 0.29, "on_road": 1, "size_m": 1.5, "gt_road_overlap": 1.0, "gt_roof_overlap": 0.0 }, "geometry": { "type": "Polygon", "coordinates": [ [ [ 80.429466, 16.3126692 ], [ 80.4294772, 16.3126692 ], [ 80.4294773, 16.3126558 ], [ 80.429466, 16.3126558 ], [ 80.429466, 16.3126692 ] ] ] } },
{ "type": "Feature", "properties": { "label": "Pothole", "confidence": 0.29, "on_road": 0, "size_m": 2.2, "gt_road_overlap": 0.0, "gt_roof_overlap": 1.0 }, "geometry": { "type": "Polygon", "coordinates": [ [ [ 80.4301974, 16.3129563 ], [ 80.4302176, 16.3129563 ], [ 80.4302176, 16.3129455 ], [ 80.4301974, 16.3129454 ], [ 80.4301974, 16.3129563 ] ] ] } },
{ "type": "Feature", "properties": { "label": "Pothole", "confidence": 0.84, "on_road": 0, "size_m": 2.1, "gt_road_overlap": 0.0, "gt_roof_overlap": 1.0 }, "geometry": { "type": "Polygon", "coordinates": [ [ [ 80.4311783, 16.313623 ], [ 80.4311941, 16.3136231 ], [ 80.4311941, 16.3136037 ], [ 80.4311784, 16.3136037 ], [ 80.4311783, 16.313623 ] ] ] } },
{ "type": "Feature", "properties": { "label": "Pothole", "confidence": 0.8, "on_road": 1, "size_m": 1.9, "gt_road_overlap": 1.0, "gt_roof_overlap": 0.0 }, "geometry": { "type": "Polygon", "coordinates": [ [ [ 80.4308404, 16.313273 ], [ 80.4308486, 16.313273 ], [ 80.4308487, 16.3132562 ], [ 80.4308404, 16.3132562 ], [ 80.4308404, 16.313273 ] ] ] } },
{ "type": "Feature", "properties": { "label": "Pothole", "confidence": 0.73, "on_road": 1, "size_m": 1.0, "gt_road_overlap": 1.0, "gt_roof_overlap": 0.0 }, "geometry": { "type": "Polygon", "coordinates": [ [ [ 80.4312321, 16.3130137 ], [ 80.4312411, 16.3130138 ], [ 80.4312411, 16.3130085 ], [ 80.4312321, 16.3130085 ], [ 80.4312321, 16.3130137 ] ] ] } },
{ "type": "Feature", "properties": { "label": "Pothole", "confidence": 0.68, "on_road": 1, "size_m": 0.9, "gt_road_overlap": 1.0, "gt_roof_overlap": 0.0 }, "geometry": { "type": "Polygon", "coordinates": [ [ [ 80.4320685, 16.3124677 ], [ 80.4320767, 16.3124677 ], [ 80.4320768, 16.31246 ], [ 80.4320685, 16.3124599 ], [ 80.4320685, 16.3124677 ] ] ] } },
{ "type": "Feature", "properties": { "label": "Pothole", "confidence": 0.61, "on_road": 0, "size_m": 2.2, "gt_road_overlap": 0.0, "gt_roof_overlap": 1.0 }, "geometry": { "type": "Polygon", "coordinates": [ [ [ 80.4313184, 16.3135089 ], [ 80.4313393, 16.3135089 ], [ 80.4313393, 16.3134916 ], [ 80.4313184, 16.3134915 ], [ 80.4313184, 16.3135089 ] ] ] } },
{ "type": "Feature", "properties": { "label": "Pothole", "confidence": 0.59, "on_road": 0, "size_m": 5.3, "gt_road_overlap": 0.0, "gt_roof_overlap": 1.0 }, "geometry": { "type": "Polygon", "coordinates": [ [ [ 80.4311312, 16.3135973 ], [ 80.4311805, 16.3135975 ], [ 80.4311806, 16.3135626 ], [ 80.4311313, 16.3135624 ], [ 80.4311312, 16.3135973 ] ] ] } },
{ "type": "Feature", "properties": { "label": "Pothole", "confidence": 0.57, "on_road": 1, "size_m": 0.6, "gt_road_overlap": 1.0, "gt_roof_overlap": 0.0 }, "geometry": { "type": "Polygon", "coordinates": [ [ [ 80.4318533, 16.3127524 ], [ 80.4318586, 16.3127524 ], [ 80.4318586, 16.3127466 ], [ 80.4318533, 16.3127466 ], [ 80.4318533, 16.3127524 ] ] ] } },
{ "type": "Feature", "properties": { "label": "Pothole", "confidence": 0.56, "on_road": 0, "size_m": 1.2, "gt_road_overlap": 0.0, "gt_roof_overlap": 1.0 }, "geometry": { "type": "Polygon", "coordinates": [ [ [ 80.4320827, 16.3132481 ], [ 80.4320943, 16.3132481 ], [ 80.4320944, 16.3132409 ], [ 80.4320828, 16.3132408 ], [ 80.4320827, 16.3132481 ] ] ] } },
{ "type": "Feature", "properties": { "label": "Pothole", "confidence": 0.46, "on_road": 1, "size_m": 1.7, "gt_road_overlap": 1.0, "gt_roof_overlap": 0.0 }, "geometry": { "type": "Polygon", "coordinates": [ [ [ 80.4320387, 16.3123429 ], [ 80.4320515, 16.3123429 ], [ 80.4320515, 16.3123277 ], [ 80.4320388, 16.3123277 ], [ 80.4320387, 16.3123429 ] ] ] } },
{ "type": "Feature", "properties": { "label": "Pothole", "confidence": 0.44, "on_road": 1, "size_m": 1.6, "gt_road_overlap": 1.0, "gt_roof_overlap": 0.0 }, "geometry": { "type": "Polygon", "coordinates": [ [ [ 80.431793, 16.3127637 ], [ 80.431808, 16.3127637 ], [ 80.431808, 16.3127548 ], [ 80.431793, 16.3127548 ], [ 80.431793, 16.3127637 ] ] ] } },
{ "type": "Feature", "properties": { "label": "Pothole", "confidence": 0.42, "on_road": 1, "size_m": 1.9, "gt_road_overlap": 1.0, "gt_roof_overlap": 0.0 }, "geometry": { "type": "Polygon", "coordinates": [ [ [ 80.4312757, 16.3129641 ], [ 80.4312937, 16.3129642 ], [ 80.4312937, 16.3129537 ], [ 80.4312757, 16.3129536 ], [ 80.4312757, 16.3129641 ] ] ] } },
{ "type": "Feature", "properties": { "label": "Pothole", "confidence": 0.4, "on_road": 1, "size_m": 0.9, "gt_road_overlap": 1.0, "gt_roof_overlap": 0.0 }, "geometry": { "type": "Polygon", "coordinates": [ [ [ 80.4311707, 16.3130299 ], [ 80.4311793, 16.3130299 ], [ 80.4311793, 16.3130216 ], [ 80.4311707, 16.3130216 ], [ 80.4311707, 16.3130299 ] ] ] } },
{ "type": "Feature", "properties": { "label": "Pothole", "confidence": 0.4, "on_road": 1, "size_m": 1.2, "gt_road_overlap": 1.0, "gt_roof_overlap": 0.0 }, "geometry": { "type": "Polygon", "coordinates": [ [ [ 80.4320622, 16.3123943 ], [ 80.4320734, 16.3123943 ], [ 80.4320734, 16.3123835 ], [ 80.4320622, 16.3123835 ], [ 80.4320622, 16.3123943 ] ] ] } },
{ "type": "Feature", "properties": { "label": "Pothole", "confidence": 0.39, "on_road": 1, "size_m": 2.4, "gt_road_overlap": 1.0, "gt_roof_overlap": 0.0 }, "geometry": { "type": "Polygon", "coordinates": [ [ [ 80.4311293, 16.3130361 ], [ 80.4311516, 16.3130362 ], [ 80.4311516, 16.313024 ], [ 80.4311293, 16.3130239 ], [ 80.4311293, 16.3130361 ] ] ] } },
{ "type": "Feature", "properties": { "label": "Pothole", "confidence": 0.38, "on_road": 0, "size_m": 1.7, "gt_road_overlap": 0.0, "gt_roof_overlap": 1.0 }, "geometry": { "type": "Polygon", "coordinates": [ [ [ 80.4312508, 16.3126304 ], [ 80.4312591, 16.3126304 ], [ 80.4312591, 16.3126152 ], [ 80.4312509, 16.3126152 ], [ 80.4312508, 16.3126304 ] ] ] } },
{ "type": "Feature", "properties": { "label": "Pothole", "confidence": 0.32, "on_road": 0, "size_m": 1.2, "gt_road_overlap": 0.0, "gt_roof_overlap": 1.0 }, "geometry": { "type": "Polygon", "coordinates": [ [ [ 80.430807, 16.3135332 ], [ 80.4308186, 16.3135332 ], [ 80.4308186, 16.3135227 ], [ 80.430807, 16.3135227 ], [ 80.430807, 16.3135332 ] ] ] } },
{ "type": "Feature", "properties": { "label": "Pothole", "confidence": 0.26, "on_road": 0, "size_m": 0.7, "gt_road_overlap": 0.0, "gt_roof_overlap": 0.0 }, "geometry": { "type": "Polygon", "coordinates": [ [ [ 80.4315684, 16.3127307 ], [ 80.4315752, 16.3127307 ], [ 80.4315752, 16.3127244 ], [ 80.4315685, 16.3127244 ], [ 80.4315684, 16.3127307 ] ] ] } },
{ "type": "Feature", "properties": { "label": "Pothole", "confidence": 0.26, "on_road": 1, "size_m": 0.9, "gt_road_overlap": 1.0, "gt_roof_overlap": 0.0 }, "geometry": { "type": "Polygon", "coordinates": [ [ [ 80.4312544, 16.3129614 ], [ 80.431263, 16.3129615 ], [ 80.431263, 16.3129571 ], [ 80.4312544, 16.3129571 ], [ 80.4312544, 16.3129614 ] ] ] } },
{ "type": "Feature", "properties": { "label": "Pothole", "confidence": 0.25, "on_road": 0, "size_m": 1.0, "gt_road_overlap": 0.0, "gt_roof_overlap": 1.0 }, "geometry": { "type": "Polygon", "coordinates": [ [ [ 80.4320677, 16.3132093 ], [ 80.4320767, 16.3132094 ], [ 80.4320767, 16.3132036 ], [ 80.4320677, 16.3132036 ], [ 80.4320677, 16.3132093 ] ] ] } },
{ "type": "Feature", "properties": { "label": "Pothole", "confidence": 0.25, "on_road": 1, "size_m": 0.9, "gt_road_overlap": 1.0, "gt_roof_overlap": 0.0 }, "geometry": { "type": "Polygon", "coordinates": [ [ [ 80.4317245, 16.3135904 ], [ 80.4317331, 16.3135905 ], [ 80.4317332, 16.313585 ], [ 80.4317246, 16.313585 ], [ 80.4317245, 16.3135904 ] ] ] } },
{ "type": "Feature", "properties": { "label": "Pothole", "confidence": 0.39, "on_road": 1, "size_m": 1.1, "gt_road_overlap": 1.0, "gt_roof_overlap": 0.0 }, "geometry": { "type": "Polygon", "coordinates": [ [ [ 80.4334535, 16.3128003 ], [ 80.4334595, 16.3128003 ], [ 80.4334595, 16.3127903 ], [ 80.4334535, 16.3127903 ], [ 80.4334535, 16.3128003 ] ] ] } },
{ "type": "Feature", "properties": { "label": "Pothole", "confidence": 0.36, "on_road": 1, "size_m": 1.6, "gt_road_overlap": 1.0, "gt_roof_overlap": 0.0 }, "geometry": { "type": "Polygon", "coordinates": [ [ [ 80.432327, 16.3132862 ], [ 80.4323416, 16.3132862 ], [ 80.4323416, 16.3132755 ], [ 80.4323271, 16.3132755 ], [ 80.432327, 16.3132862 ] ] ] } },
{ "type": "Feature", "properties": { "label": "Pothole", "confidence": 0.35, "on_road": 0, "size_m": 1.2, "gt_road_overlap": 0.0, "gt_roof_overlap": 0.0 }, "geometry": { "type": "Polygon", "coordinates": [ [ [ 80.4332446, 16.3128328 ], [ 80.4332557, 16.3128329 ], [ 80.4332557, 16.3128245 ], [ 80.4332447, 16.3128245 ], [ 80.4332446, 16.3128328 ] ] ] } },
{ "type": "Feature", "properties": { "label": "Pothole", "confidence": 0.32, "on_road": 0, "size_m": 3.1, "gt_road_overlap": 1.0, "gt_roof_overlap": 0.316 }, "geometry": { "type": "Polygon", "coordinates": [ [ [ 80.4325862, 16.3125989 ], [ 80.4326011, 16.312599 ], [ 80.4326012, 16.3125708 ], [ 80.4325862, 16.3125707 ], [ 80.4325862, 16.3125989 ] ] ] } },
{ "type": "Feature", "properties": { "label": "Pothole", "confidence": 0.26, "on_road": 0, "size_m": 5.4, "gt_road_overlap": 0.236, "gt_roof_overlap": 0.0 }, "geometry": { "type": "Polygon", "coordinates": [ [ [ 80.4321846, 16.3132545 ], [ 80.4322347, 16.3132546 ], [ 80.4322348, 16.3132349 ], [ 80.4321846, 16.3132348 ], [ 80.4321846, 16.3132545 ] ] ] } },
{ "type": "Feature", "properties": { "label": "Pothole", "confidence": 0.98, "on_road": 1, "size_m": 0.6, "gt_road_overlap": 1.0, "gt_roof_overlap": 0.0 }, "geometry": { "type": "Polygon", "coordinates": [ [ [ 80.4358719, 16.3125025 ], [ 80.4358777, 16.3125025 ], [ 80.4358777, 16.3124967 ], [ 80.4358719, 16.3124967 ], [ 80.4358719, 16.3125025 ] ] ] } },
{ "type": "Feature", "properties": { "label": "Pothole", "confidence": 0.48, "on_road": 0, "size_m": 3.2, "gt_road_overlap": 0.0, "gt_roof_overlap": 0.061 }, "geometry": { "type": "Polygon", "coordinates": [ [ [ 80.4359675, 16.3130649 ], [ 80.4359974, 16.313065 ], [ 80.4359974, 16.3130556 ], [ 80.4359675, 16.3130555 ], [ 80.4359675, 16.3130649 ] ] ] } },
{ "type": "Feature", "properties": { "label": "Pothole", "confidence": 0.44, "on_road": 0, "size_m": 0.5, "gt_road_overlap": 0.0, "gt_roof_overlap": 0.0 }, "geometry": { "type": "Polygon", "coordinates": [ [ [ 80.4354922, 16.3124572 ], [ 80.435497, 16.3124572 ], [ 80.435497, 16.3124527 ], [ 80.4354922, 16.3124527 ], [ 80.4354922, 16.3124572 ] ] ] } },
{ "type": "Feature", "properties": { "label": "Pothole", "confidence": 0.37, "on_road": 1, "size_m": 0.9, "gt_road_overlap": 1.0, "gt_roof_overlap": 0.039 }, "geometry": { "type": "Polygon", "coordinates": [ [ [ 80.4355671, 16.3133436 ], [ 80.4355731, 16.3133436 ], [ 80.4355732, 16.3133351 ], [ 80.4355672, 16.3133351 ], [ 80.4355671, 16.3133436 ] ] ] } },
{ "type": "Feature", "properties": { "label": "Pothole", "confidence": 0.91, "on_road": 1, "size_m": 1.2, "gt_road_overlap": 1.0, "gt_roof_overlap": 0.0 }, "geometry": { "type": "Polygon", "coordinates": [ [ [ 80.4372066, 16.3127541 ], [ 80.4372158, 16.3127541 ], [ 80.4372158, 16.3127435 ], [ 80.4372066, 16.3127434 ], [ 80.4372066, 16.3127541 ] ] ] } },
{ "type": "Feature", "properties": { "label": "Pothole", "confidence": 0.87, "on_road": 0, "size_m": 0.9, "gt_road_overlap": 0.0, "gt_roof_overlap": 1.0 }, "geometry": { "type": "Polygon", "coordinates": [ [ [ 80.4365463, 16.3135918 ], [ 80.4365542, 16.3135918 ], [ 80.4365542, 16.3135838 ], [ 80.4365463, 16.3135838 ], [ 80.4365463, 16.3135918 ] ] ] } },
{ "type": "Feature", "properties": { "label": "Pothole", "confidence": 0.63, "on_road": 0, "size_m": 0.7, "gt_road_overlap": 0.0, "gt_roof_overlap": 0.0 }, "geometry": { "type": "Polygon", "coordinates": [ [ [ 80.4366031, 16.3135223 ], [ 80.4366083, 16.3135223 ], [ 80.4366083, 16.3135158 ], [ 80.4366031, 16.3135158 ], [ 80.4366031, 16.3135223 ] ] ] } },
{ "type": "Feature", "properties": { "label": "Pothole", "confidence": 0.5, "on_road": 1, "size_m": 1.0, "gt_road_overlap": 0.497, "gt_roof_overlap": 0.0 }, "geometry": { "type": "Polygon", "coordinates": [ [ [ 80.4373356, 16.3128095 ], [ 80.4373416, 16.3128095 ], [ 80.4373416, 16.3128009 ], [ 80.4373356, 16.3128009 ], [ 80.4373356, 16.3128095 ] ] ] } },
{ "type": "Feature", "properties": { "label": "Pothole", "confidence": 0.49, "on_road": 0, "size_m": 9.4, "gt_road_overlap": 0.563, "gt_roof_overlap": 0.0 }, "geometry": { "type": "Polygon", "coordinates": [ [ [ 80.4366467, 16.3130619 ], [ 80.4367351, 16.3130621 ], [ 80.4367351, 16.3130305 ], [ 80.4366468, 16.3130302 ], [ 80.4366467, 16.3130619 ] ] ] } },
{ "type": "Feature", "properties": { "label": "Pothole", "confidence": 0.48, "on_road": 0, "size_m": 0.9, "gt_road_overlap": 0.0, "gt_roof_overlap": 0.0 }, "geometry": { "type": "Polygon", "coordinates": [ [ [ 80.4364152, 16.3128496 ], [ 80.4364235, 16.3128497 ], [ 80.4364235, 16.3128417 ], [ 80.4364153, 16.3128417 ], [ 80.4364152, 16.3128496 ] ] ] } },
{ "type": "Feature", "properties": { "label": "Pothole", "confidence": 0.43, "on_road": 1, "size_m": 0.8, "gt_road_overlap": 1.0, "gt_roof_overlap": 0.0 }, "geometry": { "type": "Polygon", "coordinates": [ [ [ 80.4373832, 16.3124795 ], [ 80.4373903, 16.3124795 ], [ 80.4373903, 16.3124736 ], [ 80.4373832, 16.3124735 ], [ 80.4373832, 16.3124795 ] ] ] } },
{ "type": "Feature", "properties": { "label": "Pothole", "confidence": 0.39, "on_road": 0, "size_m": 2.0, "gt_road_overlap": 0.0, "gt_roof_overlap": 0.0 }, "geometry": { "type": "Polygon", "coordinates": [ [ [ 80.4366433, 16.3125942 ], [ 80.4366591, 16.3125943 ], [ 80.4366591, 16.3125766 ], [ 80.4366434, 16.3125765 ], [ 80.4366433, 16.3125942 ] ] ] } },
{ "type": "Feature", "properties": { "label": "Pothole", "confidence": 0.37, "on_road": 1, "size_m": 1.4, "gt_road_overlap": 1.0, "gt_roof_overlap": 0.0 }, "geometry": { "type": "Polygon", "coordinates": [ [ [ 80.437275, 16.313527 ], [ 80.437284, 16.313527 ], [ 80.437284, 16.3135144 ], [ 80.437275, 16.3135144 ], [ 80.437275, 16.313527 ] ] ] } },
{ "type": "Feature", "properties": { "label": "Pothole", "confidence": 0.31, "on_road": 1, "size_m": 0.6, "gt_road_overlap": 1.0, "gt_roof_overlap": 0.0 }, "geometry": { "type": "Polygon", "coordinates": [ [ [ 80.437269, 16.3127843 ], [ 80.4372747, 16.3127843 ], [ 80.4372747, 16.3127796 ], [ 80.4372691, 16.3127796 ], [ 80.437269, 16.3127843 ] ] ] } },
{ "type": "Feature", "properties": { "label": "Pothole", "confidence": 0.28, "on_road": 0, "size_m": 4.1, "gt_road_overlap": 0.0, "gt_roof_overlap": 1.0 }, "geometry": { "type": "Polygon", "coordinates": [ [ [ 80.436833, 16.3126618 ], [ 80.4368712, 16.3126619 ], [ 80.4368712, 16.3126413 ], [ 80.4368331, 16.3126412 ], [ 80.436833, 16.3126618 ] ] ] } },
{ "type": "Feature", "properties": { "label": "Pothole", "confidence": 0.28, "on_road": 0, "size_m": 1.3, "gt_road_overlap": 0.118, "gt_roof_overlap": 1.0 }, "geometry": { "type": "Polygon", "coordinates": [ [ [ 80.4361957, 16.3126102 ], [ 80.4362075, 16.3126102 ], [ 80.4362075, 16.3126016 ], [ 80.4361957, 16.3126015 ], [ 80.4361957, 16.3126102 ] ] ] } },
{ "type": "Feature", "properties": { "label": "Pothole", "confidence": 0.75, "on_road": 0, "size_m": 0.6, "gt_road_overlap": 0.0, "gt_roof_overlap": 0.0 }, "geometry": { "type": "Polygon", "coordinates": [ [ [ 80.4375894, 16.3125681 ], [ 80.4375947, 16.3125681 ], [ 80.4375947, 16.3125627 ], [ 80.4375894, 16.3125627 ], [ 80.4375894, 16.3125681 ] ] ] } },
{ "type": "Feature", "properties": { "label": "Pothole", "confidence": 0.72, "on_road": 0, "size_m": 1.5, "gt_road_overlap": 0.0, "gt_roof_overlap": 1.0 }, "geometry": { "type": "Polygon", "coordinates": [ [ [ 80.4387344, 16.313106 ], [ 80.4387479, 16.3131061 ], [ 80.4387479, 16.3130923 ], [ 80.4387345, 16.3130923 ], [ 80.4387344, 16.313106 ] ] ] } },
{ "type": "Feature", "properties": { "label": "Pothole", "confidence": 0.71, "on_road": 1, "size_m": 0.8, "gt_road_overlap": 1.0, "gt_roof_overlap": 0.0 }, "geometry": { "type": "Polygon", "coordinates": [ [ [ 80.4384605, 16.3127974 ], [ 80.4384683, 16.3127974 ], [ 80.4384683, 16.3127903 ], [ 80.4384605, 16.3127903 ], [ 80.4384605, 16.3127974 ] ] ] } },
{ "type": "Feature", "properties": { "label": "Pothole", "confidence": 0.66, "on_road": 0, "size_m": 1.8, "gt_road_overlap": 0.0, "gt_roof_overlap": 0.0 }, "geometry": { "type": "Polygon", "coordinates": [ [ [ 80.4382943, 16.3126288 ], [ 80.4383055, 16.3126289 ], [ 80.4383056, 16.3126122 ], [ 80.4382944, 16.3126122 ], [ 80.4382943, 16.3126288 ] ] ] } },
{ "type": "Feature", "properties": { "label": "Pothole", "confidence": 0.66, "on_road": 0, "size_m": 0.7, "gt_road_overlap": 0.0, "gt_roof_overlap": 1.0 }, "geometry": { "type": "Polygon", "coordinates": [ [ [ 80.4375786, 16.3125726 ], [ 80.4375845, 16.3125726 ], [ 80.4375846, 16.3125659 ], [ 80.4375786, 16.3125659 ], [ 80.4375786, 16.3125726 ] ] ] } },
{ "type": "Feature", "properties": { "label": "Pothole", "confidence": 0.48, "on_road": 1, "size_m": 3.4, "gt_road_overlap": 1.0, "gt_roof_overlap": 0.0 }, "geometry": { "type": "Polygon", "coordinates": [ [ [ 80.4376978, 16.3126363 ], [ 80.4377296, 16.3126364 ], [ 80.4377296, 16.3126161 ], [ 80.4376979, 16.312616 ], [ 80.4376978, 16.3126363 ] ] ] } },
{ "type": "Feature", "properties": { "label": "Pothole", "confidence": 0.48, "on_road": 0, "size_m": 0.6, "gt_road_overlap": 0.0, "gt_roof_overlap": 1.0 }, "geometry": { "type": "Polygon", "coordinates": [ [ [ 80.4384639, 16.3131002 ], [ 80.4384695, 16.3131002 ], [ 80.4384695, 16.313095 ], [ 80.4384639, 16.313095 ], [ 80.4384639, 16.3131002 ] ] ] } },
{ "type": "Feature", "properties": { "label": "Pothole", "confidence": 0.47, "on_road": 1, "size_m": 3.8, "gt_road_overlap": 0.889, "gt_roof_overlap": 0.0 }, "geometry": { "type": "Polygon", "coordinates": [ [ [ 80.4377814, 16.3126558 ], [ 80.4378171, 16.3126559 ], [ 80.4378172, 16.3126342 ], [ 80.4377814, 16.3126341 ], [ 80.4377814, 16.3126558 ] ] ] } },
{ "type": "Feature", "properties": { "label": "Pothole", "confidence": 0.46, "on_road": 0, "size_m": 0.8, "gt_road_overlap": 0.0, "gt_roof_overlap": 0.0 }, "geometry": { "type": "Polygon", "coordinates": [ [ [ 80.4388171, 16.3124198 ], [ 80.4388242, 16.3124198 ], [ 80.4388242, 16.3124136 ], [ 80.4388171, 16.3124136 ], [ 80.4388171, 16.3124198 ] ] ] } },
{ "type": "Feature", "properties": { "label": "Pothole", "confidence": 0.44, "on_road": 0, "size_m": 6.2, "gt_road_overlap": 0.979, "gt_roof_overlap": 0.0 }, "geometry": { "type": "Polygon", "coordinates": [ [ [ 80.4382601, 16.3124002 ], [ 80.4383178, 16.3124004 ], [ 80.4383179, 16.3123613 ], [ 80.4382603, 16.3123612 ], [ 80.4382601, 16.3124002 ] ] ] } },
{ "type": "Feature", "properties": { "label": "Pothole", "confidence": 0.43, "on_road": 0, "size_m": 1.3, "gt_road_overlap": 0.0, "gt_roof_overlap": 1.0 }, "geometry": { "type": "Polygon", "coordinates": [ [ [ 80.4384806, 16.3130827 ], [ 80.438493, 16.3130827 ], [ 80.438493, 16.3130742 ], [ 80.4384806, 16.3130741 ], [ 80.4384806, 16.3130827 ] ] ] } },
{ "type": "Feature", "properties": { "label": "Pothole", "confidence": 0.38, "on_road": 1, "size_m": 0.6, "gt_road_overlap": 1.0, "gt_roof_overlap": 0.0 }, "geometry": { "type": "Polygon", "coordinates": [ [ [ 80.4378984, 16.3129939 ], [ 80.4379037, 16.3129939 ], [ 80.4379037, 16.3129888 ], [ 80.4378984, 16.3129888 ], [ 80.4378984, 16.3129939 ] ] ] } },
{ "type": "Feature", "properties": { "label": "Pothole", "confidence": 0.34, "on_road": 0, "size_m": 1.1, "gt_road_overlap": 0.0, "gt_roof_overlap": 1.0 }, "geometry": { "type": "Polygon", "coordinates": [ [ [ 80.4385743, 16.3134567 ], [ 80.438579, 16.3134567 ], [ 80.4385791, 16.3134466 ], [ 80.4385743, 16.3134466 ], [ 80.4385743, 16.3134567 ] ] ] } },
{ "type": "Feature", "properties": { "label": "Pothole", "confidence": 0.32, "on_road": 1, "size_m": 2.1, "gt_road_overlap": 1.0, "gt_roof_overlap": 0.0 }, "geometry": { "type": "Polygon", "coordinates": [ [ [ 80.4380759, 16.3133792 ], [ 80.438096, 16.3133792 ], [ 80.438096, 16.3133599 ], [ 80.438076, 16.3133598 ], [ 80.4380759, 16.3133792 ] ] ] } },
{ "type": "Feature", "properties": { "label": "Pothole", "confidence": 0.32, "on_road": 1, "size_m": 1.0, "gt_road_overlap": 0.536, "gt_roof_overlap": 0.0 }, "geometry": { "type": "Polygon", "coordinates": [ [ [ 80.4383699, 16.3128613 ], [ 80.4383788, 16.3128614 ], [ 80.4383789, 16.3128531 ], [ 80.43837, 16.312853 ], [ 80.4383699, 16.3128613 ] ] ] } },
{ "type": "Feature", "properties": { "label": "Pothole", "confidence": 0.32, "on_road": 0, "size_m": 0.8, "gt_road_overlap": 0.0, "gt_roof_overlap": 1.0 }, "geometry": { "type": "Polygon", "coordinates": [ [ [ 80.4376464, 16.3128193 ], [ 80.4376531, 16.3128193 ], [ 80.4376531, 16.3128121 ], [ 80.4376464, 16.3128121 ], [ 80.4376464, 16.3128193 ] ] ] } },
{ "type": "Feature", "properties": { "label": "Pothole", "confidence": 0.29, "on_road": 1, "size_m": 1.0, "gt_road_overlap": 1.0, "gt_roof_overlap": 0.0 }, "geometry": { "type": "Polygon", "coordinates": [ [ [ 80.4378152, 16.3126375 ], [ 80.4378242, 16.3126375 ], [ 80.4378242, 16.312631 ], [ 80.4378152, 16.312631 ], [ 80.4378152, 16.3126375 ] ] ] } },
{ "type": "Feature", "properties": { "label": "Pothole", "confidence": 0.27, "on_road": 1, "size_m": 0.5, "gt_road_overlap": 0.999, "gt_roof_overlap": 0.0 }, "geometry": { "type": "Polygon", "coordinates": [ [ [ 80.4385855, 16.3127957 ], [ 80.4385891, 16.3127958 ], [ 80.4385891, 16.3127911 ], [ 80.4385855, 16.312791 ], [ 80.4385855, 16.3127957 ] ] ] } },
{ "type": "Feature", "properties": { "label": "Pothole", "confidence": 0.26, "on_road": 0, "size_m": 1.0, "gt_road_overlap": 0.142, "gt_roof_overlap": 0.0 }, "geometry": { "type": "Polygon", "coordinates": [ [ [ 80.4379106, 16.3133833 ], [ 80.4379189, 16.3133834 ], [ 80.4379189, 16.3133747 ], [ 80.4379106, 16.3133747 ], [ 80.4379106, 16.3133833 ] ] ] } },
{ "type": "Feature", "properties": { "label": "Pothole", "confidence": 0.26, "on_road": 0, "size_m": 0.9, "gt_road_overlap": 0.032, "gt_roof_overlap": 0.0 }, "geometry": { "type": "Polygon", "coordinates": [ [ [ 80.4385327, 16.3128166 ], [ 80.4385409, 16.3128166 ], [ 80.4385409, 16.3128108 ], [ 80.4385327, 16.3128108 ], [ 80.4385327, 16.3128166 ] ] ] } },
{ "type": "Feature", "properties": { "label": "Pothole", "confidence": 0.25, "on_road": 1, "size_m": 0.6, "gt_road_overlap": 1.0, "gt_roof_overlap": 0.0 }, "geometry": { "type": "Polygon", "coordinates": [ [ [ 80.4385558, 16.3132242 ], [ 80.4385611, 16.3132242 ], [ 80.4385611, 16.3132191 ], [ 80.4385559, 16.3132191 ], [ 80.4385558, 16.3132242 ] ] ] } },
{ "type": "Feature", "properties": { "label": "Pothole", "confidence": 0.85, "on_road": 1, "size_m": 2.0, "gt_road_overlap": 1.0, "gt_roof_overlap": 0.0 }, "geometry": { "type": "Polygon", "coordinates": [ [ [ 80.4399881, 16.3128071 ], [ 80.4400053, 16.3128071 ], [ 80.4400054, 16.3127887 ], [ 80.4399882, 16.3127886 ], [ 80.4399881, 16.3128071 ] ] ] } },
{ "type": "Feature", "properties": { "label": "Pothole", "confidence": 0.8, "on_road": 1, "size_m": 2.3, "gt_road_overlap": 1.0, "gt_roof_overlap": 0.0 }, "geometry": { "type": "Polygon", "coordinates": [ [ [ 80.4398816, 16.3125916 ], [ 80.4398933, 16.3125917 ], [ 80.4398934, 16.3125707 ], [ 80.4398817, 16.3125707 ], [ 80.4398816, 16.3125916 ] ] ] } },
{ "type": "Feature", "properties": { "label": "Pothole", "confidence": 0.77, "on_road": 1, "size_m": 1.4, "gt_road_overlap": 1.0, "gt_roof_overlap": 0.0 }, "geometry": { "type": "Polygon", "coordinates": [ [ [ 80.4389114, 16.3127436 ], [ 80.4389185, 16.3127437 ], [ 80.4389186, 16.3127306 ], [ 80.4389115, 16.3127306 ], [ 80.4389114, 16.3127436 ] ] ] } },
{ "type": "Feature", "properties": { "label": "Pothole", "confidence": 0.74, "on_road": 1, "size_m": 1.0, "gt_road_overlap": 0.989, "gt_roof_overlap": 0.0 }, "geometry": { "type": "Polygon", "coordinates": [ [ [ 80.4398986, 16.3126771 ], [ 80.4399039, 16.3126771 ], [ 80.4399039, 16.3126684 ], [ 80.4398986, 16.3126684 ], [ 80.4398986, 16.3126771 ] ] ] } },
{ "type": "Feature", "properties": { "label": "Pothole", "confidence": 0.7, "on_road": 0, "size_m": 1.3, "gt_road_overlap": 0.0, "gt_roof_overlap": 1.0 }, "geometry": { "type": "Polygon", "coordinates": [ [ [ 80.4395551, 16.3126644 ], [ 80.4395671, 16.3126644 ], [ 80.4395671, 16.3126539 ], [ 80.4395551, 16.3126539 ], [ 80.4395551, 16.3126644 ] ] ] } },
{ "type": "Feature", "properties": { "label": "Pothole", "confidence": 0.68, "on_road": 1, "size_m": 0.8, "gt_road_overlap": 1.0, "gt_roof_overlap": 0.0 }, "geometry": { "type": "Polygon", "coordinates": [ [ [ 80.4398962, 16.312796 ], [ 80.4399037, 16.312796 ], [ 80.4399037, 16.3127888 ], [ 80.4398962, 16.3127887 ], [ 80.4398962, 16.312796 ] ] ] } },
{ "type": "Feature", "properties": { "label": "Pothole", "confidence": 0.65, "on_road": 1, "size_m": 0.8, "gt_road_overlap": 1.0, "gt_roof_overlap": 0.0 }, "geometry": { "type": "Polygon", "coordinates": [ [ [ 80.4399133, 16.3127834 ], [ 80.4399197, 16.3127834 ], [ 80.4399197, 16.3127766 ], [ 80.4399133, 16.3127766 ], [ 80.4399133, 16.3127834 ] ] ] } },
{ "type": "Feature", "properties": { "label": "Pothole", "confidence": 0.6, "on_road": 0, "size_m": 1.0, "gt_road_overlap": 0.0, "gt_roof_overlap": 1.0 }, "geometry": { "type": "Polygon", "coordinates": [ [ [ 80.4392074, 16.3132234 ], [ 80.4392135, 16.3132234 ], [ 80.4392136, 16.3132147 ], [ 80.4392074, 16.3132147 ], [ 80.4392074, 16.3132234 ] ] ] } },
{ "type": "Feature", "properties": { "label": "Pothole", "confidence": 0.44, "on_road": 1, "size_m": 0.8, "gt_road_overlap": 1.0, "gt_roof_overlap": 0.0 }, "geometry": { "type": "Polygon", "coordinates": [ [ [ 80.4390202, 16.3130572 ], [ 80.4390244, 16.3130573 ], [ 80.4390244, 16.3130497 ], [ 80.4390203, 16.3130497 ], [ 80.4390202, 16.3130572 ] ] ] } },
{ "type": "Feature", "properties": { "label": "Pothole", "confidence": 0.43, "on_road": 1, "size_m": 1.2, "gt_road_overlap": 1.0, "gt_roof_overlap": 0.0 }, "geometry": { "type": "Polygon", "coordinates": [ [ [ 80.439294, 16.3129918 ], [ 80.4393029, 16.3129918 ], [ 80.439303, 16.3129813 ], [ 80.439294, 16.3129813 ], [ 80.439294, 16.3129918 ] ] ] } },
{ "type": "Feature", "properties": { "label": "Pothole", "confidence": 0.37, "on_road": 1, "size_m": 1.1, "gt_road_overlap": 1.0, "gt_roof_overlap": 0.0 }, "geometry": { "type": "Polygon", "coordinates": [ [ [ 80.4399671, 16.3128236 ], [ 80.4399738, 16.3128237 ], [ 80.4399739, 16.3128135 ], [ 80.4399671, 16.3128135 ], [ 80.4399671, 16.3128236 ] ] ] } },
{ "type": "Feature", "properties": { "label": "Pothole", "confidence": 0.37, "on_road": 0, "size_m": 3.0, "gt_road_overlap": 0.0, "gt_roof_overlap": 0.0 }, "geometry": { "type": "Polygon", "coordinates": [ [ [ 80.4397262, 16.3123804 ], [ 80.4397473, 16.3123805 ], [ 80.4397473, 16.312353 ], [ 80.4397263, 16.3123529 ], [ 80.4397262, 16.3123804 ] ] ] } },
{ "type": "Feature", "properties": { "label": "Pothole", "confidence": 0.32, "on_road": 1, "size_m": 1.4, "gt_road_overlap": 1.0, "gt_roof_overlap": 0.0 }, "geometry": { "type": "Polygon", "coordinates": [ [ [ 80.4390656, 16.3130396 ], [ 80.4390791, 16.3130397 ], [ 80.4390791, 16.3130317 ], [ 80.4390656, 16.3130317 ], [ 80.4390656, 16.3130396 ] ] ] } },
{ "type": "Feature", "properties": { "label": "Pothole", "confidence": 0.31, "on_road": 1, "size_m": 2.5, "gt_road_overlap": 1.0, "gt_roof_overlap": 0.0 }, "geometry": { "type": "Polygon", "coordinates": [ [ [ 80.4398304, 16.3125023 ], [ 80.4398542, 16.3125023 ], [ 80.4398543, 16.312481 ], [ 80.4398305, 16.3124809 ], [ 80.4398304, 16.3125023 ] ] ] } },
{ "type": "Feature", "properties": { "label": "Pothole", "confidence": 0.29, "on_road": 1, "size_m": 0.6, "gt_road_overlap": 1.0, "gt_roof_overlap": 0.0 }, "geometry": { "type": "Polygon", "coordinates": [ [ [ 80.4391648, 16.3134478 ], [ 80.4391708, 16.3134478 ], [ 80.4391708, 16.3134424 ], [ 80.4391648, 16.3134424 ], [ 80.4391648, 16.3134478 ] ] ] } },
{ "type": "Feature", "properties": { "label": "Pothole", "confidence": 0.28, "on_road": 1, "size_m": 1.2, "gt_road_overlap": 1.0, "gt_roof_overlap": 0.0 }, "geometry": { "type": "Polygon", "coordinates": [ [ [ 80.4396691, 16.3124457 ], [ 80.4396801, 16.3124457 ], [ 80.4396801, 16.3124396 ], [ 80.4396691, 16.3124396 ], [ 80.4396691, 16.3124457 ] ] ] } },
{ "type": "Feature", "properties": { "label": "Pothole", "confidence": 0.27, "on_road": 1, "size_m": 2.0, "gt_road_overlap": 1.0, "gt_roof_overlap": 0.0 }, "geometry": { "type": "Polygon", "coordinates": [ [ [ 80.4394299, 16.3126067 ], [ 80.4394488, 16.3126068 ], [ 80.4394488, 16.312593 ], [ 80.43943, 16.312593 ], [ 80.4394299, 16.3126067 ] ] ] } },
{ "type": "Feature", "properties": { "label": "Pothole", "confidence": 0.57, "on_road": 1, "size_m": 2.4, "gt_road_overlap": 1.0, "gt_roof_overlap": 0.0 }, "geometry": { "type": "Polygon", "coordinates": [ [ [ 80.4291572, 16.3121203 ], [ 80.42918, 16.3121204 ], [ 80.4291801, 16.3121067 ], [ 80.4291572, 16.3121066 ], [ 80.4291572, 16.3121203 ] ] ] } },
{ "type": "Feature", "properties": { "label": "Pothole", "confidence": 0.48, "on_road": 0, "size_m": 1.0, "gt_road_overlap": 0.0, "gt_roof_overlap": 0.0 }, "geometry": { "type": "Polygon", "coordinates": [ [ [ 80.4291516, 16.3111664 ], [ 80.4291601, 16.3111665 ], [ 80.4291601, 16.3111578 ], [ 80.4291516, 16.3111578 ], [ 80.4291516, 16.3111664 ] ] ] } },
{ "type": "Feature", "properties": { "label": "Transverse crack", "confidence": 0.37, "on_road": 0, "size_m": 7.9, "gt_road_overlap": 0.0, "gt_roof_overlap": 0.817 }, "geometry": { "type": "Polygon", "coordinates": [ [ [ 80.4291004, 16.3118748 ], [ 80.4291742, 16.311875 ], [ 80.4291743, 16.3118432 ], [ 80.4291005, 16.311843 ], [ 80.4291004, 16.3118748 ] ] ] } },
{ "type": "Feature", "properties": { "label": "Pothole", "confidence": 0.37, "on_road": 0, "size_m": 1.1, "gt_road_overlap": 0.0, "gt_roof_overlap": 0.0 }, "geometry": { "type": "Polygon", "coordinates": [ [ [ 80.4291102, 16.3110732 ], [ 80.4291203, 16.3110733 ], [ 80.4291204, 16.3110635 ], [ 80.4291103, 16.3110635 ], [ 80.4291102, 16.3110732 ] ] ] } },
{ "type": "Feature", "properties": { "label": "Pothole", "confidence": 0.36, "on_road": 0, "size_m": 2.0, "gt_road_overlap": 0.0, "gt_roof_overlap": 0.0 }, "geometry": { "type": "Polygon", "coordinates": [ [ [ 80.4293396, 16.3111597 ], [ 80.4293582, 16.3111598 ], [ 80.4293583, 16.3111475 ], [ 80.4293396, 16.3111474 ], [ 80.4293396, 16.3111597 ] ] ] } },
{ "type": "Feature", "properties": { "label": "Pothole", "confidence": 0.31, "on_road": 1, "size_m": 2.4, "gt_road_overlap": 1.0, "gt_roof_overlap": 0.0 }, "geometry": { "type": "Polygon", "coordinates": [ [ [ 80.4290705, 16.3114 ], [ 80.4290932, 16.3114001 ], [ 80.4290932, 16.3113867 ], [ 80.4290706, 16.3113866 ], [ 80.4290705, 16.3114 ] ] ] } },
{ "type": "Feature", "properties": { "label": "Pothole", "confidence": 0.28, "on_road": 0, "size_m": 5.8, "gt_road_overlap": 0.97, "gt_roof_overlap": 0.0 }, "geometry": { "type": "Polygon", "coordinates": [ [ [ 80.4292551, 16.3122144 ], [ 80.4293096, 16.3122146 ], [ 80.4293097, 16.3121878 ], [ 80.4292552, 16.3121877 ], [ 80.4292551, 16.3122144 ] ] ] } },
{ "type": "Feature", "properties": { "label": "Pothole", "confidence": 0.25, "on_road": 1, "size_m": 0.8, "gt_road_overlap": 1.0, "gt_roof_overlap": 0.0 }, "geometry": { "type": "Polygon", "coordinates": [ [ [ 80.4291674, 16.3121319 ], [ 80.4291749, 16.312132 ], [ 80.4291749, 16.3121254 ], [ 80.4291675, 16.3121254 ], [ 80.4291674, 16.3121319 ] ] ] } },
{ "type": "Feature", "properties": { "label": "Pothole", "confidence": 0.93, "on_road": 1, "size_m": 1.0, "gt_road_overlap": 0.951, "gt_roof_overlap": 0.0 }, "geometry": { "type": "Polygon", "coordinates": [ [ [ 80.4304047, 16.3119885 ], [ 80.4304137, 16.3119885 ], [ 80.4304137, 16.3119802 ], [ 80.4304047, 16.3119802 ], [ 80.4304047, 16.3119885 ] ] ] } },
{ "type": "Feature", "properties": { "label": "Pothole", "confidence": 0.65, "on_road": 1, "size_m": 1.0, "gt_road_overlap": 1.0, "gt_roof_overlap": 0.0 }, "geometry": { "type": "Polygon", "coordinates": [ [ [ 80.4303385, 16.3119865 ], [ 80.4303468, 16.3119865 ], [ 80.4303468, 16.3119778 ], [ 80.4303385, 16.3119778 ], [ 80.4303385, 16.3119865 ] ] ] } },
{ "type": "Feature", "properties": { "label": "Pothole", "confidence": 0.61, "on_road": 0, "size_m": 0.9, "gt_road_overlap": 0.0, "gt_roof_overlap": 1.0 }, "geometry": { "type": "Polygon", "coordinates": [ [ [ 80.4304592, 16.311286 ], [ 80.4304679, 16.311286 ], [ 80.4304679, 16.3112785 ], [ 80.4304593, 16.3112784 ], [ 80.4304592, 16.311286 ] ] ] } },
{ "type": "Feature", "properties": { "label": "Pothole", "confidence": 0.57, "on_road": 0, "size_m": 4.3, "gt_road_overlap": 1.0, "gt_roof_overlap": 0.0 }, "geometry": { "type": "Polygon", "coordinates": [ [ [ 80.4294325, 16.3112701 ], [ 80.4294729, 16.3112702 ], [ 80.429473, 16.3112435 ], [ 80.4294326, 16.3112434 ], [ 80.4294325, 16.3112701 ] ] ] } },
{ "type": "Feature", "properties": { "label": "Pothole", "confidence": 0.57, "on_road": 0, "size_m": 0.9, "gt_road_overlap": 0.0, "gt_roof_overlap": 0.666 }, "geometry": { "type": "Polygon", "coordinates": [ [ [ 80.4303111, 16.3115697 ], [ 80.4303182, 16.3115697 ], [ 80.4303182, 16.3115614 ], [ 80.4303111, 16.3115614 ], [ 80.4303111, 16.3115697 ] ] ] } },
{ "type": "Feature", "properties": { "label": "Pothole", "confidence": 0.52, "on_road": 1, "size_m": 1.8, "gt_road_overlap": 0.301, "gt_roof_overlap": 0.0 }, "geometry": { "type": "Polygon", "coordinates": [ [ [ 80.4305171, 16.3115957 ], [ 80.4305321, 16.3115958 ], [ 80.4305322, 16.3115795 ], [ 80.4305172, 16.3115795 ], [ 80.4305171, 16.3115957 ] ] ] } },
{ "type": "Feature", "properties": { "label": "Pothole", "confidence": 0.52, "on_road": 0, "size_m": 1.8, "gt_road_overlap": 0.0, "gt_roof_overlap": 0.0 }, "geometry": { "type": "Polygon", "coordinates": [ [ [ 80.4307401, 16.3122491 ], [ 80.4307566, 16.3122491 ], [ 80.4307566, 16.3122401 ], [ 80.4307401, 16.31224 ], [ 80.4307401, 16.3122491 ] ] ] } },
{ "type": "Feature", "properties": { "label": "Pothole", "confidence": 0.45, "on_road": 0, "size_m": 5.1, "gt_road_overlap": 0.169, "gt_roof_overlap": 0.011 }, "geometry": { "type": "Polygon", "coordinates": [ [ [ 80.4305166, 16.3116015 ], [ 80.4305645, 16.3116016 ], [ 80.4305646, 16.3115742 ], [ 80.4305166, 16.311574 ], [ 80.4305166, 16.3116015 ] ] ] } },
{ "type": "Feature", "properties": { "label": "Pothole", "confidence": 0.39, "on_road": 0, "size_m": 0.7, "gt_road_overlap": 0.0, "gt_roof_overlap": 0.0 }, "geometry": { "type": "Polygon", "coordinates": [ [ [ 80.4296737, 16.3112575 ], [ 80.4296802, 16.3112575 ], [ 80.4296802, 16.311251 ], [ 80.4296737, 16.311251 ], [ 80.4296737, 16.3112575 ] ] ] } },
{ "type": "Feature", "properties": { "label": "Pothole", "confidence": 0.37, "on_road": 0, "size_m": 1.1, "gt_road_overlap": 0.0, "gt_roof_overlap": 0.0 }, "geometry": { "type": "Polygon", "coordinates": [ [ [ 80.4296716, 16.3114655 ], [ 80.429679, 16.3114655 ], [ 80.429679, 16.311456 ], [ 80.4296717, 16.3114559 ], [ 80.4296716, 16.3114655 ] ] ] } },
{ "type": "Feature", "properties": { "label": "Pothole", "confidence": 0.36, "on_road": 0, "size_m": 1.3, "gt_road_overlap": 0.0, "gt_roof_overlap": 1.0 }, "geometry": { "type": "Polygon", "coordinates": [ [ [ 80.4302189, 16.3110887 ], [ 80.4302297, 16.3110887 ], [ 80.4302298, 16.3110772 ], [ 80.4302189, 16.3110771 ], [ 80.4302189, 16.3110887 ] ] ] } },
{ "type": "Feature", "properties": { "label": "Pothole", "confidence": 0.34, "on_road": 0, "size_m": 1.6, "gt_road_overlap": 0.0, "gt_roof_overlap": 1.0 }, "geometry": { "type": "Polygon", "coordinates": [ [ [ 80.4302051, 16.3110662 ], [ 80.4302201, 16.3110663 ], [ 80.4302201, 16.3110533 ], [ 80.4302051, 16.3110532 ], [ 80.4302051, 16.3110662 ] ] ] } },
{ "type": "Feature", "properties": { "label": "Pothole", "confidence": 0.32, "on_road": 1, "size_m": 1.9, "gt_road_overlap": 0.763, "gt_roof_overlap": 0.0 }, "geometry": { "type": "Polygon", "coordinates": [ [ [ 80.4296617, 16.3118652 ], [ 80.4296767, 16.3118652 ], [ 80.4296767, 16.3118482 ], [ 80.4296618, 16.3118482 ], [ 80.4296617, 16.3118652 ] ] ] } },
{ "type": "Feature", "properties": { "label": "Pothole", "confidence": 0.29, "on_road": 0, "size_m": 0.9, "gt_road_overlap": 0.0, "gt_roof_overlap": 1.0 }, "geometry": { "type": "Polygon", "coordinates": [ [ [ 80.430309, 16.3115049 ], [ 80.4303173, 16.311505 ], [ 80.4303173, 16.3114999 ], [ 80.430309, 16.3114999 ], [ 80.430309, 16.3115049 ] ] ] } },
{ "type": "Feature", "properties": { "label": "Pothole", "confidence": 0.28, "on_road": 1, "size_m": 1.0, "gt_road_overlap": 1.0, "gt_roof_overlap": 0.0 }, "geometry": { "type": "Polygon", "coordinates": [ [ [ 80.4301107, 16.3113896 ], [ 80.4301199, 16.3113896 ], [ 80.4301199, 16.311382 ], [ 80.4301107, 16.311382 ], [ 80.4301107, 16.3113896 ] ] ] } },
{ "type": "Feature", "properties": { "label": "Pothole", "confidence": 0.28, "on_road": 0, "size_m": 1.3, "gt_road_overlap": 0.0, "gt_roof_overlap": 1.0 }, "geometry": { "type": "Polygon", "coordinates": [ [ [ 80.4299852, 16.3114972 ], [ 80.4299961, 16.3114972 ], [ 80.4299961, 16.3114857 ], [ 80.4299852, 16.3114856 ], [ 80.4299852, 16.3114972 ] ] ] } },
{ "type": "Feature", "properties": { "label": "Pothole", "confidence": 0.27, "on_road": 1, "size_m": 1.2, "gt_road_overlap": 1.0, "gt_roof_overlap": 0.0 }, "geometry": { "type": "Polygon", "coordinates": [ [ [ 80.4304365, 16.3122158 ], [ 80.4304481, 16.3122158 ], [ 80.4304482, 16.3122054 ], [ 80.4304366, 16.3122053 ], [ 80.4304365, 16.3122158 ] ] ] } },
{ "type": "Feature", "properties": { "label": "Pothole", "confidence": 0.27, "on_road": 1, "size_m": 1.5, "gt_road_overlap": 1.0, "gt_roof_overlap": 0.0 }, "geometry": { "type": "Polygon", "coordinates": [ [ [ 80.4300953, 16.3113539 ], [ 80.4301091, 16.311354 ], [ 80.4301092, 16.3113413 ], [ 80.4300953, 16.3113413 ], [ 80.4300953, 16.3113539 ] ] ] } },
{ "type": "Feature", "properties": { "label": "Pothole", "confidence": 0.83, "on_road": 0, "size_m": 1.9, "gt_road_overlap": 0.0, "gt_roof_overlap": 0.0 }, "geometry": { "type": "Polygon", "coordinates": [ [ [ 80.4319458, 16.3114505 ], [ 80.4319638, 16.3114506 ], [ 80.4319638, 16.3114337 ], [ 80.4319459, 16.3114337 ], [ 80.4319458, 16.3114505 ] ] ] } },
{ "type": "Feature", "properties": { "label": "Pothole", "confidence": 0.72, "on_road": 1, "size_m": 1.2, "gt_road_overlap": 1.0, "gt_roof_overlap": 0.0 }, "geometry": { "type": "Polygon", "coordinates": [ [ [ 80.4315331, 16.3113524 ], [ 80.4315398, 16.3113524 ], [ 80.4315399, 16.3113419 ], [ 80.4315331, 16.3113419 ], [ 80.4315331, 16.3113524 ] ] ] } },
{ "type": "Feature", "properties": { "label": "Pothole", "confidence": 0.69, "on_road": 0, "size_m": 1.1, "gt_road_overlap": 0.0, "gt_roof_overlap": 0.0 }, "geometry": { "type": "Polygon", "coordinates": [ [ [ 80.4314494, 16.3119951 ], [ 80.4314597, 16.3119951 ], [ 80.4314598, 16.3119864 ], [ 80.4314495, 16.3119864 ], [ 80.4314494, 16.3119951 ] ] ] } },
{ "type": "Feature", "properties": { "label": "Pothole", "confidence": 0.67, "on_road": 0, "size_m": 2.1, "gt_road_overlap": 0.0, "gt_roof_overlap": 0.0 }, "geometry": { "type": "Polygon", "coordinates": [ [ [ 80.4319621, 16.3114684 ], [ 80.4319756, 16.3114685 ], [ 80.4319757, 16.3114493 ], [ 80.4319622, 16.3114493 ], [ 80.4319621, 16.3114684 ] ] ] } },
{ "type": "Feature", "properties": { "label": "Pothole", "confidence": 0.64, "on_road": 1, "size_m": 3.3, "gt_road_overlap": 1.0, "gt_roof_overlap": 0.0 }, "geometry": { "type": "Polygon", "coordinates": [ [ [ 80.4318336, 16.3119327 ], [ 80.4318643, 16.3119327 ], [ 80.4318643, 16.3119179 ], [ 80.4318336, 16.3119178 ], [ 80.4318336, 16.3119327 ] ] ] } },
{ "type": "Feature", "properties": { "label": "Pothole", "confidence": 0.6, "on_road": 1, "size_m": 1.0, "gt_road_overlap": 1.0, "gt_roof_overlap": 0.0 }, "geometry": { "type": "Polygon", "coordinates": [ [ [ 80.4318471, 16.3114044 ], [ 80.4318545, 16.3114044 ], [ 80.4318546, 16.311395 ], [ 80.4318471, 16.311395 ], [ 80.4318471, 16.3114044 ] ] ] } },
{ "type": "Feature", "properties": { "label": "Pothole", "confidence": 0.53, "on_road": 1, "size_m": 0.6, "gt_road_overlap": 1.0, "gt_roof_overlap": 0.0 }, "geometry": { "type": "Polygon", "coordinates": [ [ [ 80.4318276, 16.3119247 ], [ 80.4318336, 16.3119247 ], [ 80.4318336, 16.3119189 ], [ 80.4318276, 16.3119189 ], [ 80.4318276, 16.3119247 ] ] ] } },
{ "type": "Feature", "properties": { "label": "Pothole", "confidence": 0.48, "on_road": 0, "size_m": 1.4, "gt_road_overlap": 0.0, "gt_roof_overlap": 0.0 }, "geometry": { "type": "Polygon", "coordinates": [ [ [ 80.4309828, 16.3117812 ], [ 80.4309959, 16.3117812 ], [ 80.4309959, 16.311769 ], [ 80.4309828, 16.3117689 ], [ 80.4309828, 16.3117812 ] ] ] } },
{ "type": "Feature", "properties": { "label": "Pothole", "confidence": 0.45, "on_road": 0, "size_m": 3.3, "gt_road_overlap": 0.0, "gt_roof_overlap": 0.0 }, "geometry": { "type": "Polygon", "coordinates": [ [ [ 80.4319338, 16.3114881 ], [ 80.4319589, 16.3114882 ], [ 80.431959, 16.3114588 ], [ 80.4319339, 16.3114587 ], [ 80.4319338, 16.3114881 ] ] ] } },
{ "type": "Feature", "properties": { "label": "Pothole", "confidence": 0.45, "on_road": 0, "size_m": 2.2, "gt_road_overlap": 0.0, "gt_roof_overlap": 0.0 }, "geometry": { "type": "Polygon", "coordinates": [ [ [ 80.4320458, 16.3114384 ], [ 80.4320638, 16.3114384 ], [ 80.4320639, 16.3114189 ], [ 80.4320459, 16.3114189 ], [ 80.4320458, 16.3114384 ] ] ] } },
{ "type": "Feature", "properties": { "label": "Pothole", "confidence": 0.44, "on_road": 1, "size_m": 0.7, "gt_road_overlap": 1.0, "gt_roof_overlap": 0.0 }, "geometry": { "type": "Polygon", "coordinates": [ [ [ 80.4319625, 16.3113732 ], [ 80.4319678, 16.3113732 ], [ 80.4319678, 16.3113669 ], [ 80.4319625, 16.3113668 ], [ 80.4319625, 16.3113732 ] ] ] } },
{ "type": "Feature", "properties": { "label": "Pothole", "confidence": 0.42, "on_road": 1, "size_m": 0.6, "gt_road_overlap": 1.0, "gt_roof_overlap": 0.0 }, "geometry": { "type": "Polygon", "coordinates": [ [ [ 80.4316396, 16.3115539 ], [ 80.4316456, 16.3115539 ], [ 80.4316456, 16.3115481 ], [ 80.4316396, 16.3115481 ], [ 80.4316396, 16.3115539 ] ] ] } },
{ "type": "Feature", "properties": { "label": "Pothole", "confidence": 0.42, "on_road": 1, "size_m": 1.8, "gt_road_overlap": 0.952, "gt_roof_overlap": 0.0 }, "geometry": { "type": "Polygon", "coordinates": [ [ [ 80.432032, 16.3123232 ], [ 80.4320493, 16.3123232 ], [ 80.4320493, 16.3123073 ], [ 80.4320321, 16.3123073 ], [ 80.432032, 16.3123232 ] ] ] } },
{ "type": "Feature", "properties": { "label": "Pothole", "confidence": 0.42, "on_road": 0, "size_m": 3.6, "gt_road_overlap": 0.0, "gt_roof_overlap": 0.0 }, "geometry": { "type": "Polygon", "coordinates": [ [ [ 80.4314501, 16.3119487 ], [ 80.4314726, 16.3119488 ], [ 80.4314727, 16.3119161 ], [ 80.4314502, 16.3119161 ], [ 80.4314501, 16.3119487 ] ] ] } },
{ "type": "Feature", "properties": { "label": "Pothole", "confidence": 0.36, "on_road": 0, "size_m": 2.9, "gt_road_overlap": 0.0, "gt_roof_overlap": 1.0 }, "geometry": { "type": "Polygon", "coordinates": [ [ [ 80.4317202, 16.3115735 ], [ 80.431747, 16.3115735 ], [ 80.4317471, 16.3115594 ], [ 80.4317203, 16.3115594 ], [ 80.4317202, 16.3115735 ] ] ] } },
{ "type": "Feature", "properties": { "label": "Pothole", "confidence": 0.36, "on_road": 0, "size_m": 2.2, "gt_road_overlap": 0.0, "gt_roof_overlap": 1.0 }, "geometry": { "type": "Polygon", "coordinates": [ [ [ 80.4314176, 16.3113468 ], [ 80.4314386, 16.3113468 ], [ 80.4314386, 16.3113274 ], [ 80.4314177, 16.3113273 ], [ 80.4314176, 16.3113468 ] ] ] } },
{ "type": "Feature", "properties": { "label": "Pothole", "confidence": 0.32, "on_road": 0, "size_m": 1.1, "gt_road_overlap": 0.0, "gt_roof_overlap": 0.0 }, "geometry": { "type": "Polygon", "coordinates": [ [ [ 80.4319465, 16.3114657 ], [ 80.4319568, 16.3114657 ], [ 80.4319568, 16.311459 ], [ 80.4319465, 16.311459 ], [ 80.4319465, 16.3114657 ] ] ] } },
{ "type": "Feature", "properties": { "label": "Pothole", "confidence": 0.31, "on_road": 0, "size_m": 3.2, "gt_road_overlap": 0.0, "gt_roof_overlap": 0.0 }, "geometry": { "type": "Polygon", "coordinates": [ [ [ 80.4309927, 16.31208 ], [ 80.4310222, 16.3120801 ], [ 80.4310223, 16.3120571 ], [ 80.4309928, 16.312057 ], [ 80.4309927, 16.31208 ] ] ] } },
{ "type": "Feature", "properties": { "label": "Pothole", "confidence": 0.83, "on_road": 0, "size_m": 4.4, "gt_road_overlap": 0.0, "gt_roof_overlap": 0.513 }, "geometry": { "type": "Polygon", "coordinates": [ [ [ 80.432262, 16.3119132 ], [ 80.4323036, 16.3119133 ], [ 80.4323037, 16.3118808 ], [ 80.4322621, 16.3118807 ], [ 80.432262, 16.3119132 ] ] ] } },
{ "type": "Feature", "properties": { "label": "Pothole", "confidence": 0.73, "on_road": 0, "size_m": 1.0, "gt_road_overlap": 0.0, "gt_roof_overlap": 1.0 }, "geometry": { "type": "Polygon", "coordinates": [ [ [ 80.4334041, 16.3115073 ], [ 80.4334116, 16.3115073 ], [ 80.4334116, 16.3114979 ], [ 80.4334041, 16.3114979 ], [ 80.4334041, 16.3115073 ] ] ] } },
{ "type": "Feature", "properties": { "label": "Pothole", "confidence": 0.55, "on_road": 0, "size_m": 2.3, "gt_road_overlap": 1.0, "gt_roof_overlap": 0.991 }, "geometry": { "type": "Polygon", "coordinates": [ [ [ 80.4324155, 16.3121674 ], [ 80.4324303, 16.3121675 ], [ 80.4324304, 16.3121465 ], [ 80.4324156, 16.3121465 ], [ 80.4324155, 16.3121674 ] ] ] } },
{ "type": "Feature", "properties": { "label": "Pothole", "confidence": 0.54, "on_road": 1, "size_m": 0.8, "gt_road_overlap": 1.0, "gt_roof_overlap": 0.0 }, "geometry": { "type": "Polygon", "coordinates": [ [ [ 80.4332706, 16.3114332 ], [ 80.4332781, 16.3114332 ], [ 80.4332781, 16.3114278 ], [ 80.4332706, 16.3114278 ], [ 80.4332706, 16.3114332 ] ] ] } },
{ "type": "Feature", "properties": { "label": "Pothole", "confidence": 0.54, "on_road": 0, "size_m": 0.7, "gt_road_overlap": 0.0, "gt_roof_overlap": 0.0 }, "geometry": { "type": "Polygon", "coordinates": [ [ [ 80.4333845, 16.3118029 ], [ 80.4333882, 16.3118029 ], [ 80.4333883, 16.3117964 ], [ 80.4333845, 16.3117963 ], [ 80.4333845, 16.3118029 ] ] ] } },
{ "type": "Feature", "properties": { "label": "Pothole", "confidence": 0.41, "on_road": 1, "size_m": 0.8, "gt_road_overlap": 1.0, "gt_roof_overlap": 0.0 }, "geometry": { "type": "Polygon", "coordinates": [ [ [ 80.4323172, 16.3118045 ], [ 80.4323243, 16.3118045 ], [ 80.4323243, 16.3117987 ], [ 80.4323172, 16.3117987 ], [ 80.4323172, 16.3118045 ] ] ] } },
{ "type": "Feature", "properties": { "label": "Pothole", "confidence": 0.37, "on_road": 0, "size_m": 5.8, "gt_road_overlap": 0.0, "gt_roof_overlap": 0.0 }, "geometry": { "type": "Polygon", "coordinates": [ [ [ 80.4327736, 16.3121192 ], [ 80.4328279, 16.3121194 ], [ 80.432828, 16.3120941 ], [ 80.4327737, 16.3120939 ], [ 80.4327736, 16.3121192 ] ] ] } },
{ "type": "Feature", "properties": { "label": "Pothole", "confidence": 0.3, "on_road": 0, "size_m": 0.6, "gt_road_overlap": 0.0, "gt_roof_overlap": 1.0 }, "geometry": { "type": "Polygon", "coordinates": [ [ [ 80.4321932, 16.3118855 ], [ 80.4321986, 16.3118855 ], [ 80.4321986, 16.3118812 ], [ 80.4321932, 16.3118812 ], [ 80.4321932, 16.3118855 ] ] ] } },
{ "type": "Feature", "properties": { "label": "Pothole", "confidence": 0.29, "on_road": 0, "size_m": 0.9, "gt_road_overlap": 0.0, "gt_roof_overlap": 1.0 }, "geometry": { "type": "Polygon", "coordinates": [ [ [ 80.4325183, 16.3112618 ], [ 80.4325264, 16.3112618 ], [ 80.4325264, 16.3112544 ], [ 80.4325183, 16.3112543 ], [ 80.4325183, 16.3112618 ] ] ] } },
{ "type": "Feature", "properties": { "label": "Pothole", "confidence": 0.29, "on_road": 1, "size_m": 0.9, "gt_road_overlap": 1.0, "gt_roof_overlap": 0.0 }, "geometry": { "type": "Polygon", "coordinates": [ [ [ 80.4327759, 16.3121673 ], [ 80.4327838, 16.3121674 ], [ 80.4327838, 16.3121594 ], [ 80.432776, 16.3121594 ], [ 80.4327759, 16.3121673 ] ] ] } },
{ "type": "Feature", "properties": { "label": "Pothole", "confidence": 0.27, "on_road": 0, "size_m": 0.6, "gt_road_overlap": 1.0, "gt_roof_overlap": 0.672 }, "geometry": { "type": "Polygon", "coordinates": [ [ [ 80.43241, 16.3121047 ], [ 80.4324138, 16.3121047 ], [ 80.4324139, 16.3120996 ], [ 80.43241, 16.3120996 ], [ 80.43241, 16.3121047 ] ] ] } },
{ "type": "Feature", "properties": { "label": "Pothole", "confidence": 0.25, "on_road": 1, "size_m": 3.5, "gt_road_overlap": 1.0, "gt_roof_overlap": 0.0 }, "geometry": { "type": "Polygon", "coordinates": [ [ [ 80.4326415, 16.3111268 ], [ 80.4326742, 16.3111268 ], [ 80.4326743, 16.3111094 ], [ 80.4326416, 16.3111093 ], [ 80.4326415, 16.3111268 ] ] ] } },
{ "type": "Feature", "properties": { "label": "Pothole", "confidence": 0.79, "on_road": 1, "size_m": 1.4, "gt_road_overlap": 1.0, "gt_roof_overlap": 0.0 }, "geometry": { "type": "Polygon", "coordinates": [ [ [ 80.4345185, 16.3112102 ], [ 80.4345321, 16.3112102 ], [ 80.4345321, 16.3111972 ], [ 80.4345186, 16.3111972 ], [ 80.4345185, 16.3112102 ] ] ] } },
{ "type": "Feature", "properties": { "label": "Pothole", "confidence": 0.53, "on_road": 1, "size_m": 0.6, "gt_road_overlap": 1.0, "gt_roof_overlap": 0.0 }, "geometry": { "type": "Polygon", "coordinates": [ [ [ 80.4339322, 16.3111681 ], [ 80.4339375, 16.3111681 ], [ 80.4339375, 16.3111623 ], [ 80.4339323, 16.3111623 ], [ 80.4339322, 16.3111681 ] ] ] } },
{ "type": "Feature", "properties": { "label": "Pothole", "confidence": 0.51, "on_road": 1, "size_m": 1.0, "gt_road_overlap": 1.0, "gt_roof_overlap": 0.0 }, "geometry": { "type": "Polygon", "coordinates": [ [ [ 80.4344009, 16.3119048 ], [ 80.4344106, 16.3119049 ], [ 80.4344106, 16.3118976 ], [ 80.4344009, 16.3118976 ], [ 80.4344009, 16.3119048 ] ] ] } },
{ "type": "Feature", "properties": { "label": "Pothole", "confidence": 0.49, "on_road": 0, "size_m": 1.4, "gt_road_overlap": 0.0, "gt_roof_overlap": 1.0 }, "geometry": { "type": "Polygon", "coordinates": [ [ [ 80.433742, 16.3116497 ], [ 80.4337552, 16.3116497 ], [ 80.4337552, 16.3116373 ], [ 80.4337421, 16.3116373 ], [ 80.433742, 16.3116497 ] ] ] } },
{ "type": "Feature", "properties": { "label": "Pothole", "confidence": 0.47, "on_road": 0, "size_m": 1.0, "gt_road_overlap": 0.0, "gt_roof_overlap": 1.0 }, "geometry": { "type": "Polygon", "coordinates": [ [ [ 80.4338232, 16.3121503 ], [ 80.4338323, 16.3121503 ], [ 80.4338324, 16.3121409 ], [ 80.4338232, 16.3121408 ], [ 80.4338232, 16.3121503 ] ] ] } },
{ "type": "Feature", "properties": { "label": "Pothole", "confidence": 0.44, "on_road": 0, "size_m": 0.9, "gt_road_overlap": 0.0, "gt_roof_overlap": 0.173 }, "geometry": { "type": "Polygon", "coordinates": [ [ [ 80.4340423, 16.3113022 ], [ 80.4340505, 16.3113022 ], [ 80.4340506, 16.3112957 ], [ 80.4340423, 16.3112957 ], [ 80.4340423, 16.3113022 ] ] ] } },
{ "type": "Feature", "properties": { "label": "Pothole", "confidence": 0.41, "on_road": 0, "size_m": 8.1, "gt_road_overlap": 0.769, "gt_roof_overlap": 0.449 }, "geometry": { "type": "Polygon", "coordinates": [ [ [ 80.4338165, 16.3111821 ], [ 80.4338919, 16.3111823 ], [ 80.433892, 16.311149 ], [ 80.4338166, 16.3111488 ], [ 80.4338165, 16.3111821 ] ] ] } },
{ "type": "Feature", "properties": { "label": "Pothole", "confidence": 0.38, "on_road": 0, "size_m": 1.4, "gt_road_overlap": 0.0, "gt_roof_overlap": 1.0 }, "geometry": { "type": "Polygon", "coordinates": [ [ [ 80.4340322, 16.3115383 ], [ 80.4340458, 16.3115383 ], [ 80.4340458, 16.3115271 ], [ 80.4340322, 16.3115271 ], [ 80.4340322, 16.3115383 ] ] ] } },
{ "type": "Feature", "properties": { "label": "Pothole", "confidence": 0.35, "on_road": 1, "size_m": 1.3, "gt_road_overlap": 1.0, "gt_roof_overlap": 0.0 }, "geometry": { "type": "Polygon", "coordinates": [ [ [ 80.4343847, 16.3117714 ], [ 80.4343937, 16.3117714 ], [ 80.4343937, 16.3117598 ], [ 80.4343847, 16.3117598 ], [ 80.4343847, 16.3117714 ] ] ] } },
{ "type": "Feature", "properties": { "label": "Pothole", "confidence": 0.32, "on_road": 0, "size_m": 5.2, "gt_road_overlap": 1.0, "gt_roof_overlap": 0.371 }, "geometry": { "type": "Polygon", "coordinates": [ [ [ 80.4346215, 16.3111833 ], [ 80.4346706, 16.3111835 ], [ 80.4346706, 16.3111683 ], [ 80.4346216, 16.3111681 ], [ 80.4346215, 16.3111833 ] ] ] } },
{ "type": "Feature", "properties": { "label": "Pothole", "confidence": 0.32, "on_road": 1, "size_m": 2.3, "gt_road_overlap": 1.0, "gt_roof_overlap": 0.0 }, "geometry": { "type": "Polygon", "coordinates": [ [ [ 80.4343625, 16.3111999 ], [ 80.4343794, 16.3111999 ], [ 80.4343794, 16.3111788 ], [ 80.4343626, 16.3111787 ], [ 80.4343625, 16.3111999 ] ] ] } },
{ "type": "Feature", "properties": { "label": "Pothole", "confidence": 0.3, "on_road": 1, "size_m": 3.9, "gt_road_overlap": 1.0, "gt_roof_overlap": 0.0 }, "geometry": { "type": "Polygon", "coordinates": [ [ [ 80.4343317, 16.3116765 ], [ 80.4343605, 16.3116766 ], [ 80.4343606, 16.3116409 ], [ 80.4343318, 16.3116409 ], [ 80.4343317, 16.3116765 ] ] ] } },
{ "type": "Feature", "properties": { "label": "Pothole", "confidence": 0.29, "on_road": 1, "size_m": 1.4, "gt_road_overlap": 1.0, "gt_roof_overlap": 0.0 }, "geometry": { "type": "Polygon", "coordinates": [ [ [ 80.4344015, 16.3117721 ], [ 80.4344131, 16.3117722 ], [ 80.4344132, 16.3117599 ], [ 80.4344016, 16.3117598 ], [ 80.4344015, 16.3117721 ] ] ] } },
{ "type": "Feature", "properties": { "label": "Pothole", "confidence": 0.28, "on_road": 1, "size_m": 3.2, "gt_road_overlap": 1.0, "gt_roof_overlap": 0.0 }, "geometry": { "type": "Polygon", "coordinates": [ [ [ 80.4343928, 16.3113648 ], [ 80.434419, 16.3113648 ], [ 80.4344191, 16.3113359 ], [ 80.4343929, 16.3113358 ], [ 80.4343928, 16.3113648 ] ] ] } },
{ "type": "Feature", "properties": { "label": "Pothole", "confidence": 0.27, "on_road": 1, "size_m": 0.9, "gt_road_overlap": 1.0, "gt_roof_overlap": 0.0 }, "geometry": { "type": "Polygon", "coordinates": [ [ [ 80.4338917, 16.3111882 ], [ 80.4338992, 16.3111882 ], [ 80.4338993, 16.3111802 ], [ 80.4338918, 16.3111802 ], [ 80.4338917, 16.3111882 ] ] ] } },
{ "type": "Feature", "properties": { "label": "Pothole", "confidence": 0.26, "on_road": 1, "size_m": 2.5, "gt_road_overlap": 1.0, "gt_roof_overlap": 0.0 }, "geometry": { "type": "Polygon", "coordinates": [ [ [ 80.4345117, 16.3113031 ], [ 80.4345352, 16.3113031 ], [ 80.4345353, 16.3112865 ], [ 80.4345117, 16.3112864 ], [ 80.4345117, 16.3113031 ] ] ] } },
{ "type": "Feature", "properties": { "label": "Longitudinal crack", "confidence": 0.25, "on_road": 1, "size_m": 1.4, "gt_road_overlap": 1.0, "gt_roof_overlap": 0.0 }, "geometry": { "type": "Polygon", "coordinates": [ [ [ 80.434354, 16.3111815 ], [ 80.434367, 16.3111816 ], [ 80.434367, 16.3111696 ], [ 80.434354, 16.3111696 ], [ 80.434354, 16.3111815 ] ] ] } },
{ "type": "Feature", "properties": { "label": "Pothole", "confidence": 0.87, "on_road": 0, "size_m": 1.0, "gt_road_overlap": 0.0, "gt_roof_overlap": 1.0 }, "geometry": { "type": "Polygon", "coordinates": [ [ [ 80.4359812, 16.3111491 ], [ 80.4359866, 16.3111491 ], [ 80.4359866, 16.3111402 ], [ 80.4359812, 16.3111402 ], [ 80.4359812, 16.3111491 ] ] ] } },
{ "type": "Feature", "properties": { "label": "Pothole", "confidence": 0.77, "on_road": 1, "size_m": 0.8, "gt_road_overlap": 1.0, "gt_roof_overlap": 0.0 }, "geometry": { "type": "Polygon", "coordinates": [ [ [ 80.4360431, 16.3118176 ], [ 80.436048, 16.3118176 ], [ 80.436048, 16.3118107 ], [ 80.4360431, 16.3118107 ], [ 80.4360431, 16.3118176 ] ] ] } },
{ "type": "Feature", "properties": { "label": "Pothole", "confidence": 0.73, "on_road": 1, "size_m": 0.8, "gt_road_overlap": 1.0, "gt_roof_overlap": 0.0 }, "geometry": { "type": "Polygon", "coordinates": [ [ [ 80.4348415, 16.3118241 ], [ 80.4348488, 16.3118241 ], [ 80.4348489, 16.3118165 ], [ 80.4348416, 16.3118165 ], [ 80.4348415, 16.3118241 ] ] ] } },
{ "type": "Feature", "properties": { "label": "Pothole", "confidence": 0.67, "on_road": 0, "size_m": 1.0, "gt_road_overlap": 0.0, "gt_roof_overlap": 0.789 }, "geometry": { "type": "Polygon", "coordinates": [ [ [ 80.4351285, 16.3121613 ], [ 80.4351362, 16.3121614 ], [ 80.4351362, 16.3121527 ], [ 80.4351285, 16.3121527 ], [ 80.4351285, 16.3121613 ] ] ] } },
{ "type": "Feature", "properties": { "label": "Pothole", "confidence": 0.53, "on_road": 0, "size_m": 3.8, "gt_road_overlap": 0.0, "gt_roof_overlap": 0.968 }, "geometry": { "type": "Polygon", "coordinates": [ [ [ 80.4358165, 16.3117803 ], [ 80.4358524, 16.3117803 ], [ 80.4358525, 16.3117516 ], [ 80.4358166, 16.3117515 ], [ 80.4358165, 16.3117803 ] ] ] } },
{ "type": "Feature", "properties": { "label": "Pothole", "confidence": 0.46, "on_road": 1, "size_m": 1.1, "gt_road_overlap": 1.0, "gt_roof_overlap": 0.0 }, "geometry": { "type": "Polygon", "coordinates": [ [ [ 80.4359154, 16.311356 ], [ 80.4359229, 16.311356 ], [ 80.435923, 16.3113459 ], [ 80.4359155, 16.3113459 ], [ 80.4359154, 16.311356 ] ] ] } },
{ "type": "Feature", "properties": { "label": "Pothole", "confidence": 0.46, "on_road": 1, "size_m": 0.7, "gt_road_overlap": 1.0, "gt_roof_overlap": 0.0 }, "geometry": { "type": "Polygon", "coordinates": [ [ [ 80.4357576, 16.3121596 ], [ 80.4357624, 16.3121596 ], [ 80.4357624, 16.3121535 ], [ 80.4357576, 16.3121534 ], [ 80.4357576, 16.3121596 ] ] ] } },
{ "type": "Feature", "properties": { "label": "Pothole", "confidence": 0.38, "on_road": 1, "size_m": 0.8, "gt_road_overlap": 1.0, "gt_roof_overlap": 0.0 }, "geometry": { "type": "Polygon", "coordinates": [ [ [ 80.4348897, 16.3119571 ], [ 80.434897, 16.3119571 ], [ 80.4348971, 16.3119496 ], [ 80.4348898, 16.3119495 ], [ 80.4348897, 16.3119571 ] ] ] } },
{ "type": "Feature", "properties": { "label": "Pothole", "confidence": 0.36, "on_road": 0, "size_m": 0.9, "gt_road_overlap": 1.0, "gt_roof_overlap": 1.0 }, "geometry": { "type": "Polygon", "coordinates": [ [ [ 80.4359179, 16.3115285 ], [ 80.4359243, 16.3115285 ], [ 80.4359243, 16.3115206 ], [ 80.435918, 16.3115205 ], [ 80.4359179, 16.3115285 ] ] ] } },
{ "type": "Feature", "properties": { "label": "Pothole", "confidence": 0.33, "on_road": 0, "size_m": 4.7, "gt_road_overlap": 1.0, "gt_roof_overlap": 0.0 }, "geometry": { "type": "Polygon", "coordinates": [ [ [ 80.4348398, 16.3111295 ], [ 80.4348842, 16.3111296 ], [ 80.4348842, 16.3111148 ], [ 80.4348398, 16.3111147 ], [ 80.4348398, 16.3111295 ] ] ] } },
{ "type": "Feature", "properties": { "label": "Pothole", "confidence": 0.28, "on_road": 1, "size_m": 0.7, "gt_road_overlap": 1.0, "gt_roof_overlap": 0.0 }, "geometry": { "type": "Polygon", "coordinates": [ [ [ 80.4361056, 16.3120123 ], [ 80.4361086, 16.3120123 ], [ 80.4361087, 16.3120059 ], [ 80.4361057, 16.3120059 ], [ 80.4361056, 16.3120123 ] ] ] } },
{ "type": "Feature", "properties": { "label": "Pothole", "confidence": 0.26, "on_road": 1, "size_m": 0.8, "gt_road_overlap": 1.0, "gt_roof_overlap": 0.0 }, "geometry": { "type": "Polygon", "coordinates": [ [ [ 80.435129, 16.3121151 ], [ 80.4351365, 16.3121151 ], [ 80.4351365, 16.3121107 ], [ 80.435129, 16.3121107 ], [ 80.435129, 16.3121151 ] ] ] } },
{ "type": "Feature", "properties": { "label": "Pothole", "confidence": 0.83, "on_road": 0, "size_m": 1.0, "gt_road_overlap": 1.0, "gt_roof_overlap": 1.0 }, "geometry": { "type": "Polygon", "coordinates": [ [ [ 80.4372242, 16.3122389 ], [ 80.4372332, 16.3122389 ], [ 80.4372332, 16.3122317 ], [ 80.4372242, 16.3122317 ], [ 80.4372242, 16.3122389 ] ] ] } },
{ "type": "Feature", "properties": { "label": "Pothole", "confidence": 0.68, "on_road": 0, "size_m": 0.7, "gt_road_overlap": 0.027, "gt_roof_overlap": 0.287 }, "geometry": { "type": "Polygon", "coordinates": [ [ [ 80.4371984, 16.3120869 ], [ 80.4372051, 16.3120869 ], [ 80.4372052, 16.312081 ], [ 80.4371984, 16.312081 ], [ 80.4371984, 16.3120869 ] ] ] } },
{ "type": "Feature", "properties": { "label": "Pothole", "confidence": 0.57, "on_road": 0, "size_m": 5.8, "gt_road_overlap": 1.0, "gt_roof_overlap": 0.0 }, "geometry": { "type": "Polygon", "coordinates": [ [ [ 80.4369728, 16.3112242 ], [ 80.4370268, 16.3112244 ], [ 80.4370269, 16.3111882 ], [ 80.4369729, 16.3111881 ], [ 80.4369728, 16.3112242 ] ] ] } },
{ "type": "Feature", "properties": { "label": "Transverse crack", "confidence": 0.5, "on_road": 1, "size_m": 2.9, "gt_road_overlap": 1.0, "gt_roof_overlap": 0.0 }, "geometry": { "type": "Polygon", "coordinates": [ [ [ 80.4369741, 16.3115548 ], [ 80.4370011, 16.3115549 ], [ 80.4370011, 16.3115455 ], [ 80.4369742, 16.3115454 ], [ 80.4369741, 16.3115548 ] ] ] } },
{ "type": "Feature", "properties": { "label": "Pothole", "confidence": 0.5, "on_road": 0, "size_m": 1.6, "gt_road_overlap": 0.0, "gt_roof_overlap": 1.0 }, "geometry": { "type": "Polygon", "coordinates": [ [ [ 80.4374246, 16.311422 ], [ 80.4374381, 16.311422 ], [ 80.4374381, 16.3114079 ], [ 80.4374246, 16.3114079 ], [ 80.4374246, 16.311422 ] ] ] } },
{ "type": "Feature", "properties": { "label": "Pothole", "confidence": 0.48, "on_road": 0, "size_m": 3.4, "gt_road_overlap": 0.034, "gt_roof_overlap": 0.104 }, "geometry": { "type": "Polygon", "coordinates": [ [ [ 80.4363694, 16.3111702 ], [ 80.4364009, 16.3111703 ], [ 80.4364009, 16.3111435 ], [ 80.4363695, 16.3111434 ], [ 80.4363694, 16.3111702 ] ] ] } },
{ "type": "Feature", "properties": { "label": "Longitudinal crack", "confidence": 0.46, "on_road": 1, "size_m": 15.2, "gt_road_overlap": 1.0, "gt_roof_overlap": 0.0 }, "geometry": { "type": "Polygon", "coordinates": [ [ [ 80.4370206, 16.3114255 ], [ 80.4370412, 16.3114255 ], [ 80.4370415, 16.3112885 ], [ 80.437021, 16.3112884 ], [ 80.4370206, 16.3114255 ] ] ] } },
{ "type": "Feature", "properties": { "label": "Pothole", "confidence": 0.44, "on_road": 1, "size_m": 1.0, "gt_road_overlap": 1.0, "gt_roof_overlap": 0.266 }, "geometry": { "type": "Polygon", "coordinates": [ [ [ 80.4366281, 16.3121776 ], [ 80.436637, 16.3121777 ], [ 80.4366371, 16.3121683 ], [ 80.4366281, 16.3121682 ], [ 80.4366281, 16.3121776 ] ] ] } },
{ "type": "Feature", "properties": { "label": "Pothole", "confidence": 0.42, "on_road": 0, "size_m": 0.8, "gt_road_overlap": 0.0, "gt_roof_overlap": 0.0 }, "geometry": { "type": "Polygon", "coordinates": [ [ [ 80.4366828, 16.3111726 ], [ 80.4366899, 16.3111726 ], [ 80.4366899, 16.3111657 ], [ 80.4366828, 16.3111657 ], [ 80.4366828, 16.3111726 ] ] ] } },
{ "type": "Feature", "properties": { "label": "Pothole", "confidence": 0.42, "on_road": 1, "size_m": 1.1, "gt_road_overlap": 1.0, "gt_roof_overlap": 0.026 }, "geometry": { "type": "Polygon", "coordinates": [ [ [ 80.4367249, 16.3123021 ], [ 80.436733, 16.3123021 ], [ 80.436733, 16.3122924 ], [ 80.4367249, 16.3122923 ], [ 80.4367249, 16.3123021 ] ] ] } },
{ "type": "Feature", "properties": { "label": "Pothole", "confidence": 0.38, "on_road": 1, "size_m": 4.0, "gt_road_overlap": 1.0, "gt_roof_overlap": 0.007 }, "geometry": { "type": "Polygon", "coordinates": [ [ [ 80.4372743, 16.3120101 ], [ 80.4373117, 16.3120102 ], [ 80.4373118, 16.3119875 ], [ 80.4372743, 16.3119874 ], [ 80.4372743, 16.3120101 ] ] ] } },
{ "type": "Feature", "properties": { "label": "Pothole", "confidence": 0.37, "on_road": 0, "size_m": 2.2, "gt_road_overlap": 1.0, "gt_roof_overlap": 1.0 }, "geometry": { "type": "Polygon", "coordinates": [ [ [ 80.4372748, 16.3122112 ], [ 80.4372958, 16.3122112 ], [ 80.4372958, 16.3121989 ], [ 80.4372748, 16.3121989 ], [ 80.4372748, 16.3122112 ] ] ] } },
{ "type": "Feature", "properties": { "label": "Pothole", "confidence": 0.35, "on_road": 0, "size_m": 2.1, "gt_road_overlap": 1.0, "gt_roof_overlap": 1.0 }, "geometry": { "type": "Polygon", "coordinates": [ [ [ 80.437307, 16.3122055 ], [ 80.437325, 16.3122055 ], [ 80.437325, 16.3121864 ], [ 80.4373071, 16.3121863 ], [ 80.437307, 16.3122055 ] ] ] } },
{ "type": "Feature", "properties": { "label": "Pothole", "confidence": 0.33, "on_road": 0, "size_m": 6.9, "gt_road_overlap": 1.0, "gt_roof_overlap": 0.0 }, "geometry": { "type": "Polygon", "coordinates": [ [ [ 80.4370079, 16.3118568 ], [ 80.4370721, 16.311857 ], [ 80.4370722, 16.3118252 ], [ 80.437008, 16.311825 ], [ 80.4370079, 16.3118568 ] ] ] } },
{ "type": "Feature", "properties": { "label": "Pothole", "confidence": 0.32, "on_road": 1, "size_m": 1.3, "gt_road_overlap": 1.0, "gt_roof_overlap": 0.0 }, "geometry": { "type": "Polygon", "coordinates": [ [ [ 80.4370565, 16.3116042 ], [ 80.4370687, 16.3116042 ], [ 80.4370688, 16.3115934 ], [ 80.4370565, 16.3115934 ], [ 80.4370565, 16.3116042 ] ] ] } },
{ "type": "Feature", "properties": { "label": "Pothole", "confidence": 0.27, "on_road": 1, "size_m": 0.9, "gt_road_overlap": 1.0, "gt_roof_overlap": 0.116 }, "geometry": { "type": "Polygon", "coordinates": [ [ [ 80.4366182, 16.3121559 ], [ 80.4366264, 16.3121559 ], [ 80.4366265, 16.312148 ], [ 80.4366182, 16.312148 ], [ 80.4366182, 16.3121559 ] ] ] } },
{ "type": "Feature", "properties": { "label": "Pothole", "confidence": 0.27, "on_road": 0, "size_m": 6.1, "gt_road_overlap": 0.0, "gt_roof_overlap": 0.985 }, "geometry": { "type": "Polygon", "coordinates": [ [ [ 80.4365962, 16.3118684 ], [ 80.4366531, 16.3118685 ], [ 80.4366532, 16.3118429 ], [ 80.4365963, 16.3118427 ], [ 80.4365962, 16.3118684 ] ] ] } },
{ "type": "Feature", "properties": { "label": "Longitudinal crack", "confidence": 0.27, "on_road": 0, "size_m": 1.0, "gt_road_overlap": 0.0, "gt_roof_overlap": 1.0 }, "geometry": { "type": "Polygon", "coordinates": [ [ [ 80.4365713, 16.3113991 ], [ 80.4365762, 16.3113991 ], [ 80.4365762, 16.3113904 ], [ 80.4365713, 16.3113904 ], [ 80.4365713, 16.3113991 ] ] ] } },
{ "type": "Feature", "properties": { "label": "Pothole", "confidence": 0.26, "on_road": 0, "size_m": 0.9, "gt_road_overlap": 0.0, "gt_roof_overlap": 1.0 }, "geometry": { "type": "Polygon", "coordinates": [ [ [ 80.4371938, 16.3113934 ], [ 80.4372021, 16.3113934 ], [ 80.4372021, 16.3113864 ], [ 80.4371938, 16.3113864 ], [ 80.4371938, 16.3113934 ] ] ] } },
{ "type": "Feature", "properties": { "label": "Pothole", "confidence": 0.96, "on_road": 1, "size_m": 0.9, "gt_road_overlap": 1.0, "gt_roof_overlap": 0.0 }, "geometry": { "type": "Polygon", "coordinates": [ [ [ 80.4385468, 16.3118127 ], [ 80.438555, 16.3118127 ], [ 80.438555, 16.3118046 ], [ 80.4385468, 16.3118046 ], [ 80.4385468, 16.3118127 ] ] ] } },
{ "type": "Feature", "properties": { "label": "Pothole", "confidence": 0.79, "on_road": 1, "size_m": 0.8, "gt_road_overlap": 1.0, "gt_roof_overlap": 0.0 }, "geometry": { "type": "Polygon", "coordinates": [ [ [ 80.4386875, 16.3121878 ], [ 80.4386946, 16.3121878 ], [ 80.4386946, 16.3121813 ], [ 80.4386875, 16.3121813 ], [ 80.4386875, 16.3121878 ] ] ] } },
{ "type": "Feature", "properties": { "label": "Pothole", "confidence": 0.77, "on_road": 1, "size_m": 1.3, "gt_road_overlap": 1.0, "gt_roof_overlap": 0.0 }, "geometry": { "type": "Polygon", "coordinates": [ [ [ 80.4385809, 16.3119344 ], [ 80.4385928, 16.3119345 ], [ 80.4385929, 16.3119272 ], [ 80.4385809, 16.3119272 ], [ 80.4385809, 16.3119344 ] ] ] } },
{ "type": "Feature", "properties": { "label": "Pothole", "confidence": 0.68, "on_road": 1, "size_m": 1.1, "gt_road_overlap": 1.0, "gt_roof_overlap": 0.0 }, "geometry": { "type": "Polygon", "coordinates": [ [ [ 80.4387249, 16.3122308 ], [ 80.4387347, 16.3122308 ], [ 80.4387347, 16.312221 ], [ 80.438725, 16.312221 ], [ 80.4387249, 16.3122308 ] ] ] } },
{ "type": "Feature", "properties": { "label": "Pothole", "confidence": 0.64, "on_road": 1, "size_m": 0.4, "gt_road_overlap": 1.0, "gt_roof_overlap": 0.0 }, "geometry": { "type": "Polygon", "coordinates": [ [ [ 80.4386036, 16.3119858 ], [ 80.4386078, 16.3119858 ], [ 80.4386078, 16.3119819 ], [ 80.4386037, 16.3119819 ], [ 80.4386036, 16.3119858 ] ] ] } },
{ "type": "Feature", "properties": { "label": "Pothole", "confidence": 0.6, "on_road": 1, "size_m": 0.7, "gt_road_overlap": 1.0, "gt_roof_overlap": 0.0 }, "geometry": { "type": "Polygon", "coordinates": [ [ [ 80.4385246, 16.3117676 ], [ 80.4385299, 16.3117676 ], [ 80.4385299, 16.3117614 ], [ 80.4385246, 16.3117613 ], [ 80.4385246, 16.3117676 ] ] ] } },
{ "type": "Feature", "properties": { "label": "Pothole", "confidence": 0.52, "on_road": 1, "size_m": 0.6, "gt_road_overlap": 1.0, "gt_roof_overlap": 0.0 }, "geometry": { "type": "Polygon", "coordinates": [ [ [ 80.438585, 16.3119928 ], [ 80.4385902, 16.3119928 ], [ 80.4385903, 16.3119885 ], [ 80.438585, 16.3119885 ], [ 80.438585, 16.3119928 ] ] ] } },
{ "type": "Feature", "properties": { "label": "Pothole", "confidence": 0.48, "on_road": 0, "size_m": 0.8, "gt_road_overlap": 0.0, "gt_roof_overlap": 1.0 }, "geometry": { "type": "Polygon", "coordinates": [ [ [ 80.4377512, 16.3116923 ], [ 80.437759, 16.3116923 ], [ 80.437759, 16.3116865 ], [ 80.4377512, 16.3116865 ], [ 80.4377512, 16.3116923 ] ] ] } },
{ "type": "Feature", "properties": { "label": "Pothole", "confidence": 0.47, "on_road": 1, "size_m": 1.2, "gt_road_overlap": 1.0, "gt_roof_overlap": 0.0 }, "geometry": { "type": "Polygon", "coordinates": [ [ [ 80.4383699, 16.3113208 ], [ 80.4383784, 16.3113208 ], [ 80.4383784, 16.3113102 ], [ 80.43837, 16.3113101 ], [ 80.4383699, 16.3113208 ] ] ] } },
{ "type": "Feature", "properties": { "label": "Pothole", "confidence": 0.47, "on_road": 1, "size_m": 0.6, "gt_road_overlap": 1.0, "gt_roof_overlap": 0.0 }, "geometry": { "type": "Polygon", "coordinates": [ [ [ 80.4385558, 16.3118606 ], [ 80.4385616, 16.3118606 ], [ 80.4385616, 16.3118559 ], [ 80.4385558, 16.3118559 ], [ 80.4385558, 16.3118606 ] ] ] } },
{ "type": "Feature", "properties": { "label": "Pothole", "confidence": 0.44, "on_road": 1, "size_m": 0.5, "gt_road_overlap": 1.0, "gt_roof_overlap": 0.0 }, "geometry": { "type": "Polygon", "coordinates": [ [ [ 80.4381518, 16.3115229 ], [ 80.4381567, 16.3115229 ], [ 80.4381567, 16.3115186 ], [ 80.4381518, 16.3115185 ], [ 80.4381518, 16.3115229 ] ] ] } },
{ "type": "Feature", "properties": { "label": "Pothole", "confidence": 0.4, "on_road": 1, "size_m": 2.7, "gt_road_overlap": 0.855, "gt_roof_overlap": 0.0 }, "geometry": { "type": "Polygon", "coordinates": [ [ [ 80.438726, 16.3122331 ], [ 80.4387515, 16.3122332 ], [ 80.4387515, 16.3122202 ], [ 80.4387261, 16.3122201 ], [ 80.438726, 16.3122331 ] ] ] } },
{ "type": "Feature", "properties": { "label": "Pothole", "confidence": 0.39, "on_road": 1, "size_m": 1.0, "gt_road_overlap": 1.0, "gt_roof_overlap": 0.0 }, "geometry": { "type": "Polygon", "coordinates": [ [ [ 80.4383306, 16.3110647 ], [ 80.4383403, 16.3110647 ], [ 80.4383404, 16.311056 ], [ 80.4383306, 16.311056 ], [ 80.4383306, 16.3110647 ] ] ] } },
{ "type": "Feature", "properties": { "label": "Pothole", "confidence": 0.38, "on_road": 1, "size_m": 1.0, "gt_road_overlap": 1.0, "gt_roof_overlap": 0.0 }, "geometry": { "type": "Polygon", "coordinates": [ [ [ 80.4387382, 16.3123157 ], [ 80.4387471, 16.3123157 ], [ 80.4387472, 16.3123063 ], [ 80.4387382, 16.3123063 ], [ 80.4387382, 16.3123157 ] ] ] } },
{ "type": "Feature", "properties": { "label": "Pothole", "confidence": 0.36, "on_road": 1, "size_m": 2.6, "gt_road_overlap": 1.0, "gt_roof_overlap": 0.0 }, "geometry": { "type": "Polygon", "coordinates": [ [ [ 80.4378653, 16.3118259 ], [ 80.43789, 16.3118259 ], [ 80.43789, 16.3118183 ], [ 80.4378653, 16.3118183 ], [ 80.4378653, 16.3118259 ] ] ] } },
{ "type": "Feature", "properties": { "label": "Pothole", "confidence": 0.36, "on_road": 0, "size_m": 4.6, "gt_road_overlap": 1.0, "gt_roof_overlap": 0.0 }, "geometry": { "type": "Polygon", "coordinates": [ [ [ 80.4377026, 16.3110612 ], [ 80.4377458, 16.3110613 ], [ 80.4377458, 16.3110425 ], [ 80.4377027, 16.3110424 ], [ 80.4377026, 16.3110612 ] ] ] } },
{ "type": "Feature", "properties": { "label": "Pothole", "confidence": 0.34, "on_road": 1, "size_m": 0.8, "gt_road_overlap": 1.0, "gt_roof_overlap": 0.0 }, "geometry": { "type": "Polygon", "coordinates": [ [ [ 80.4378025, 16.3118409 ], [ 80.43781, 16.3118409 ], [ 80.43781, 16.3118337 ], [ 80.4378025, 16.3118336 ], [ 80.4378025, 16.3118409 ] ] ] } },
{ "type": "Feature", "properties": { "label": "Pothole", "confidence": 0.33, "on_road": 1, "size_m": 2.2, "gt_road_overlap": 1.0, "gt_roof_overlap": 0.0 }, "geometry": { "type": "Polygon", "coordinates": [ [ [ 80.4377914, 16.3118038 ], [ 80.4378118, 16.3118038 ], [ 80.4378118, 16.3117894 ], [ 80.4377914, 16.3117893 ], [ 80.4377914, 16.3118038 ] ] ] } },
{ "type": "Feature", "properties": { "label": "Pothole", "confidence": 0.31, "on_road": 0, "size_m": 0.9, "gt_road_overlap": 0.146, "gt_roof_overlap": 0.925 }, "geometry": { "type": "Polygon", "coordinates": [ [ [ 80.4376389, 16.31215 ], [ 80.4376472, 16.31215 ], [ 80.4376472, 16.3121427 ], [ 80.4376389, 16.3121427 ], [ 80.4376389, 16.31215 ] ] ] } },
{ "type": "Feature", "properties": { "label": "Pothole", "confidence": 0.27, "on_road": 0, "size_m": 6.6, "gt_road_overlap": 0.451, "gt_roof_overlap": 0.208 }, "geometry": { "type": "Polygon", "coordinates": [ [ [ 80.4376064, 16.3110693 ], [ 80.4376678, 16.3110694 ], [ 80.4376679, 16.311039 ], [ 80.4376065, 16.3110389 ], [ 80.4376064, 16.3110693 ] ] ] } },
{ "type": "Feature", "properties": { "label": "Pothole", "confidence": 0.27, "on_road": 0, "size_m": 1.9, "gt_road_overlap": 0.0, "gt_roof_overlap": 0.697 }, "geometry": { "type": "Polygon", "coordinates": [ [ [ 80.4377041, 16.3116998 ], [ 80.4377216, 16.3116998 ], [ 80.4377216, 16.3116863 ], [ 80.4377042, 16.3116862 ], [ 80.4377041, 16.3116998 ] ] ] } },
{ "type": "Feature", "properties": { "label": "Pothole", "confidence": 0.26, "on_road": 1, "size_m": 0.6, "gt_road_overlap": 1.0, "gt_roof_overlap": 0.0 }, "geometry": { "type": "Polygon", "coordinates": [ [ [ 80.4385358, 16.311841 ], [ 80.4385411, 16.311841 ], [ 80.4385411, 16.311836 ], [ 80.4385358, 16.311836 ], [ 80.4385358, 16.311841 ] ] ] } },
{ "type": "Feature", "properties": { "label": "Pothole", "confidence": 0.25, "on_road": 1, "size_m": 1.1, "gt_road_overlap": 1.0, "gt_roof_overlap": 0.0 }, "geometry": { "type": "Polygon", "coordinates": [ [ [ 80.4378427, 16.3117979 ], [ 80.4378494, 16.311798 ], [ 80.4378495, 16.3117882 ], [ 80.4378427, 16.3117882 ], [ 80.4378427, 16.3117979 ] ] ] } },
{ "type": "Feature", "properties": { "label": "Pothole", "confidence": 0.94, "on_road": 1, "size_m": 1.0, "gt_road_overlap": 1.0, "gt_roof_overlap": 0.0 }, "geometry": { "type": "Polygon", "coordinates": [ [ [ 80.4396868, 16.3120649 ], [ 80.4396966, 16.3120649 ], [ 80.4396966, 16.3120563 ], [ 80.4396869, 16.3120562 ], [ 80.4396868, 16.3120649 ] ] ] } },
{ "type": "Feature", "properties": { "label": "Pothole", "confidence": 0.93, "on_road": 1, "size_m": 0.9, "gt_road_overlap": 0.527, "gt_roof_overlap": 0.0 }, "geometry": { "type": "Polygon", "coordinates": [ [ [ 80.4396559, 16.3120909 ], [ 80.439664, 16.3120909 ], [ 80.439664, 16.3120827 ], [ 80.4396559, 16.3120826 ], [ 80.4396559, 16.3120909 ] ] ] } },
{ "type": "Feature", "properties": { "label": "Pothole", "confidence": 0.91, "on_road": 1, "size_m": 1.6, "gt_road_overlap": 1.0, "gt_roof_overlap": 0.0 }, "geometry": { "type": "Polygon", "coordinates": [ [ [ 80.4396769, 16.3121086 ], [ 80.4396899, 16.3121086 ], [ 80.4396899, 16.3120938 ], [ 80.439677, 16.3120938 ], [ 80.4396769, 16.3121086 ] ] ] } },
{ "type": "Feature", "properties": { "label": "Pothole", "confidence": 0.89, "on_road": 1, "size_m": 0.6, "gt_road_overlap": 1.0, "gt_roof_overlap": 0.0 }, "geometry": { "type": "Polygon", "coordinates": [ [ [ 80.440042, 16.3121131 ], [ 80.4400469, 16.3121131 ], [ 80.4400469, 16.3121076 ], [ 80.4400421, 16.3121076 ], [ 80.440042, 16.3121131 ] ] ] } },
{ "type": "Feature", "properties": { "label": "Pothole", "confidence": 0.86, "on_road": 0, "size_m": 1.7, "gt_road_overlap": 0.0, "gt_roof_overlap": 0.898 }, "geometry": { "type": "Polygon", "coordinates": [ [ [ 80.4391143, 16.3122625 ], [ 80.4391299, 16.3122626 ], [ 80.4391299, 16.3122474 ], [ 80.4391144, 16.3122474 ], [ 80.4391143, 16.3122625 ] ] ] } },
{ "type": "Feature", "properties": { "label": "Pothole", "confidence": 0.82, "on_road": 1, "size_m": 1.0, "gt_road_overlap": 1.0, "gt_roof_overlap": 0.0 }, "geometry": { "type": "Polygon", "coordinates": [ [ [ 80.4397693, 16.3112742 ], [ 80.4397759, 16.3112742 ], [ 80.4397759, 16.3112651 ], [ 80.4397693, 16.3112651 ], [ 80.4397693, 16.3112742 ] ] ] } },
{ "type": "Feature", "properties": { "label": "Pothole", "confidence": 0.81, "on_road": 1, "size_m": 1.0, "gt_road_overlap": 1.0, "gt_roof_overlap": 0.0 }, "geometry": { "type": "Polygon", "coordinates": [ [ [ 80.4396434, 16.3119651 ], [ 80.4396517, 16.3119651 ], [ 80.4396517, 16.3119557 ], [ 80.4396434, 16.3119557 ], [ 80.4396434, 16.3119651 ] ] ] } },
{ "type": "Feature", "properties": { "label": "Pothole", "confidence": 0.8, "on_road": 1, "size_m": 1.6, "gt_road_overlap": 1.0, "gt_roof_overlap": 0.0 }, "geometry": { "type": "Polygon", "coordinates": [ [ [ 80.4392609, 16.3122241 ], [ 80.4392752, 16.3122241 ], [ 80.4392752, 16.3122096 ], [ 80.439261, 16.3122096 ], [ 80.4392609, 16.3122241 ] ] ] } },
{ "type": "Feature", "properties": { "label": "Pothole", "confidence": 0.67, "on_road": 1, "size_m": 2.4, "gt_road_overlap": 1.0, "gt_roof_overlap": 0.0 }, "geometry": { "type": "Polygon", "coordinates": [ [ [ 80.4396806, 16.3120187 ], [ 80.4396975, 16.3120187 ], [ 80.4396976, 16.3119974 ], [ 80.4396806, 16.3119974 ], [ 80.4396806, 16.3120187 ] ] ] } },
{ "type": "Feature", "properties": { "label": "Pothole", "confidence": 0.6, "on_road": 1, "size_m": 1.3, "gt_road_overlap": 1.0, "gt_roof_overlap": 0.0 }, "geometry": { "type": "Polygon", "coordinates": [ [ [ 80.4392804, 16.312231 ], [ 80.4392838, 16.312231 ], [ 80.4392838, 16.3122194 ], [ 80.4392804, 16.3122194 ], [ 80.4392804, 16.312231 ] ] ] } },
{ "type": "Feature", "properties": { "label": "Pothole", "confidence": 0.59, "on_road": 0, "size_m": 1.0, "gt_road_overlap": 0.899, "gt_roof_overlap": 0.392 }, "geometry": { "type": "Polygon", "coordinates": [ [ [ 80.4398835, 16.3119699 ], [ 80.4398909, 16.3119699 ], [ 80.4398909, 16.3119609 ], [ 80.4398836, 16.3119608 ], [ 80.4398835, 16.3119699 ] ] ] } },
{ "type": "Feature", "properties": { "label": "Pothole", "confidence": 0.59, "on_road": 1, "size_m": 1.1, "gt_road_overlap": 1.0, "gt_roof_overlap": 0.0 }, "geometry": { "type": "Polygon", "coordinates": [ [ [ 80.4392253, 16.3121788 ], [ 80.439236, 16.3121788 ], [ 80.439236, 16.312173 ], [ 80.4392253, 16.312173 ], [ 80.4392253, 16.3121788 ] ] ] } },
{ "type": "Feature", "properties": { "label": "Pothole", "confidence": 0.58, "on_road": 1, "size_m": 1.2, "gt_road_overlap": 1.0, "gt_roof_overlap": 0.0 }, "geometry": { "type": "Polygon", "coordinates": [ [ [ 80.4399894, 16.311904 ], [ 80.4400006, 16.311904 ], [ 80.4400006, 16.3118932 ], [ 80.4399894, 16.3118931 ], [ 80.4399894, 16.311904 ] ] ] } },
{ "type": "Feature", "properties": { "label": "Pothole", "confidence": 0.56, "on_road": 1, "size_m": 1.3, "gt_road_overlap": 1.0, "gt_roof_overlap": 0.0 }, "geometry": { "type": "Polygon", "coordinates": [ [ [ 80.439408, 16.3112496 ], [ 80.4394203, 16.3112496 ], [ 80.4394203, 16.3112388 ], [ 80.439408, 16.3112388 ], [ 80.439408, 16.3112496 ] ] ] } },
{ "type": "Feature", "properties": { "label": "Pothole", "confidence": 0.55, "on_road": 1, "size_m": 1.9, "gt_road_overlap": 1.0, "gt_roof_overlap": 0.0 }, "geometry": { "type": "Polygon", "coordinates": [ [ [ 80.439674, 16.3121201 ], [ 80.4396916, 16.3121202 ], [ 80.4396916, 16.3121086 ], [ 80.439674, 16.3121085 ], [ 80.439674, 16.3121201 ] ] ] } },
{ "type": "Feature", "properties": { "label": "Pothole", "confidence": 0.52, "on_road": 1, "size_m": 0.7, "gt_road_overlap": 1.0, "gt_roof_overlap": 0.0 }, "geometry": { "type": "Polygon", "coordinates": [ [ [ 80.4394624, 16.3115553 ], [ 80.4394684, 16.3115553 ], [ 80.4394684, 16.3115492 ], [ 80.4394624, 16.3115491 ], [ 80.4394624, 16.3115553 ] ] ] } },
{ "type": "Feature", "properties": { "label": "Pothole", "confidence": 0.49, "on_road": 0, "size_m": 2.1, "gt_road_overlap": 0.0, "gt_roof_overlap": 0.257 }, "geometry": { "type": "Polygon", "coordinates": [ [ [ 80.438881, 16.3117891 ], [ 80.4389005, 16.3117892 ], [ 80.4389005, 16.3117736 ], [ 80.4388811, 16.3117736 ], [ 80.438881, 16.3117891 ] ] ] } },
{ "type": "Feature", "properties": { "label": "Pothole", "confidence": 0.49, "on_road": 0, "size_m": 2.0, "gt_road_overlap": 0.0, "gt_roof_overlap": 1.0 }, "geometry": { "type": "Polygon", "coordinates": [ [ [ 80.4390325, 16.3112598 ], [ 80.4390452, 16.3112598 ], [ 80.4390453, 16.3112418 ], [ 80.4390325, 16.3112417 ], [ 80.4390325, 16.3112598 ] ] ] } },
{ "type": "Feature", "properties": { "label": "Pothole", "confidence": 0.48, "on_road": 1, "size_m": 1.1, "gt_road_overlap": 1.0, "gt_roof_overlap": 0.0 }, "geometry": { "type": "Polygon", "coordinates": [ [ [ 80.4398885, 16.3116441 ], [ 80.4398989, 16.3116441 ], [ 80.439899, 16.3116394 ], [ 80.4398885, 16.3116394 ], [ 80.4398885, 16.3116441 ] ] ] } },
{ "type": "Feature", "properties": { "label": "Pothole", "confidence": 0.47, "on_road": 0, "size_m": 1.9, "gt_road_overlap": 0.0, "gt_roof_overlap": 0.764 }, "geometry": { "type": "Polygon", "coordinates": [ [ [ 80.4390282, 16.311309 ], [ 80.4390462, 16.311309 ], [ 80.4390462, 16.3112978 ], [ 80.4390282, 16.3112978 ], [ 80.4390282, 16.311309 ] ] ] } },
{ "type": "Feature", "properties": { "label": "Pothole", "confidence": 0.46, "on_road": 0, "size_m": 3.5, "gt_road_overlap": 0.0, "gt_roof_overlap": 0.998 }, "geometry": { "type": "Polygon", "coordinates": [ [ [ 80.4399352, 16.3116104 ], [ 80.4399681, 16.3116105 ], [ 80.4399682, 16.3115816 ], [ 80.4399353, 16.3115815 ], [ 80.4399352, 16.3116104 ] ] ] } },
{ "type": "Feature", "properties": { "label": "Pothole", "confidence": 0.45, "on_road": 1, "size_m": 1.8, "gt_road_overlap": 1.0, "gt_roof_overlap": 0.0 }, "geometry": { "type": "Polygon", "coordinates": [ [ [ 80.4400423, 16.3121129 ], [ 80.4400479, 16.3121129 ], [ 80.440048, 16.312097 ], [ 80.4400424, 16.312097 ], [ 80.4400423, 16.3121129 ] ] ] } },
{ "type": "Feature", "properties": { "label": "Pothole", "confidence": 0.43, "on_road": 0, "size_m": 4.3, "gt_road_overlap": 1.0, "gt_roof_overlap": 0.0 }, "geometry": { "type": "Polygon", "coordinates": [ [ [ 80.4397245, 16.3119485 ], [ 80.4397649, 16.3119486 ], [ 80.4397649, 16.3119283 ], [ 80.4397246, 16.3119282 ], [ 80.4397245, 16.3119485 ] ] ] } },
{ "type": "Feature", "properties": { "label": "Pothole", "confidence": 0.42, "on_road": 1, "size_m": 1.1, "gt_road_overlap": 0.984, "gt_roof_overlap": 0.0 }, "geometry": { "type": "Polygon", "coordinates": [ [ [ 80.439398, 16.3113609 ], [ 80.4394016, 16.311361 ], [ 80.4394016, 16.3113508 ], [ 80.439398, 16.3113508 ], [ 80.439398, 16.3113609 ] ] ] } },
{ "type": "Feature", "properties": { "label": "Pothole", "confidence": 0.42, "on_road": 1, "size_m": 0.9, "gt_road_overlap": 1.0, "gt_roof_overlap": 0.0 }, "geometry": { "type": "Polygon", "coordinates": [ [ [ 80.4399648, 16.3118902 ], [ 80.4399729, 16.3118902 ], [ 80.4399729, 16.3118819 ], [ 80.4399649, 16.3118819 ], [ 80.4399648, 16.3118902 ] ] ] } },
{ "type": "Feature", "properties": { "label": "Pothole", "confidence": 0.41, "on_road": 1, "size_m": 1.4, "gt_road_overlap": 0.795, "gt_roof_overlap": 0.0 }, "geometry": { "type": "Polygon", "coordinates": [ [ [ 80.4396688, 16.3121181 ], [ 80.4396745, 16.3121181 ], [ 80.4396745, 16.3121053 ], [ 80.4396688, 16.3121052 ], [ 80.4396688, 16.3121181 ] ] ] } },
{ "type": "Feature", "properties": { "label": "Longitudinal crack", "confidence": 0.39, "on_road": 0, "size_m": 10.5, "gt_road_overlap": 0.0, "gt_roof_overlap": 1.0 }, "geometry": { "type": "Polygon", "coordinates": [ [ [ 80.4394599, 16.3118717 ], [ 80.4394931, 16.3118718 ], [ 80.4394933, 16.311777 ], [ 80.4394602, 16.3117769 ], [ 80.4394599, 16.3118717 ] ] ] } },
{ "type": "Feature", "properties": { "label": "Pothole", "confidence": 0.38, "on_road": 1, "size_m": 0.7, "gt_road_overlap": 1.0, "gt_roof_overlap": 0.0 }, "geometry": { "type": "Polygon", "coordinates": [ [ [ 80.4397118, 16.3121209 ], [ 80.4397181, 16.3121209 ], [ 80.4397182, 16.3121155 ], [ 80.4397118, 16.3121155 ], [ 80.4397118, 16.3121209 ] ] ] } },
{ "type": "Feature", "properties": { "label": "Pothole", "confidence": 0.38, "on_road": 1, "size_m": 0.9, "gt_road_overlap": 1.0, "gt_roof_overlap": 0.0 }, "geometry": { "type": "Polygon", "coordinates": [ [ [ 80.440018, 16.3120339 ], [ 80.4400263, 16.3120339 ], [ 80.4400263, 16.3120274 ], [ 80.440018, 16.3120274 ], [ 80.440018, 16.3120339 ] ] ] } },
{ "type": "Feature", "properties": { "label": "Pothole", "confidence": 0.37, "on_road": 1, "size_m": 1.6, "gt_road_overlap": 1.0, "gt_roof_overlap": 0.0 }, "geometry": { "type": "Polygon", "coordinates": [ [ [ 80.4391069, 16.3118335 ], [ 80.4391223, 16.3118335 ], [ 80.4391223, 16.311823 ], [ 80.4391069, 16.311823 ], [ 80.4391069, 16.3118335 ] ] ] } },
{ "type": "Feature", "properties": { "label": "Pothole", "confidence": 0.36, "on_road": 0, "size_m": 0.7, "gt_road_overlap": 0.0, "gt_roof_overlap": 1.0 }, "geometry": { "type": "Polygon", "coordinates": [ [ [ 80.4389115, 16.3111452 ], [ 80.4389179, 16.3111452 ], [ 80.4389179, 16.3111395 ], [ 80.4389115, 16.3111394 ], [ 80.4389115, 16.3111452 ] ] ] } },
{ "type": "Feature", "properties": { "label": "Pothole", "confidence": 0.36, "on_road": 1, "size_m": 0.8, "gt_road_overlap": 1.0, "gt_roof_overlap": 0.0 }, "geometry": { "type": "Polygon", "coordinates": [ [ [ 80.4397958, 16.3113181 ], [ 80.4398003, 16.3113181 ], [ 80.4398003, 16.3113112 ], [ 80.4397958, 16.3113112 ], [ 80.4397958, 16.3113181 ] ] ] } },
{ "type": "Feature", "properties": { "label": "Pothole", "confidence": 0.35, "on_road": 1, "size_m": 1.1, "gt_road_overlap": 1.0, "gt_roof_overlap": 0.0 }, "geometry": { "type": "Polygon", "coordinates": [ [ [ 80.4393721, 16.3115346 ], [ 80.4393825, 16.3115346 ], [ 80.4393826, 16.311526 ], [ 80.4393721, 16.3115259 ], [ 80.4393721, 16.3115346 ] ] ] } },
{ "type": "Feature", "properties": { "label": "Pothole", "confidence": 0.34, "on_road": 1, "size_m": 0.6, "gt_road_overlap": 1.0, "gt_roof_overlap": 0.0 }, "geometry": { "type": "Polygon", "coordinates": [ [ [ 80.4394211, 16.3115206 ], [ 80.4394247, 16.3115207 ], [ 80.4394247, 16.3115149 ], [ 80.4394211, 16.3115149 ], [ 80.4394211, 16.3115206 ] ] ] } },
{ "type": "Feature", "properties": { "label": "Pothole", "confidence": 0.33, "on_road": 1, "size_m": 1.2, "gt_road_overlap": 0.585, "gt_roof_overlap": 0.252 }, "geometry": { "type": "Polygon", "coordinates": [ [ [ 80.4397113, 16.3119269 ], [ 80.4397225, 16.311927 ], [ 80.4397226, 16.3119168 ], [ 80.4397113, 16.3119168 ], [ 80.4397113, 16.3119269 ] ] ] } },
{ "type": "Feature", "properties": { "label": "Pothole", "confidence": 0.33, "on_road": 0, "size_m": 0.9, "gt_road_overlap": 0.0, "gt_roof_overlap": 0.817 }, "geometry": { "type": "Polygon", "coordinates": [ [ [ 80.43969, 16.3111442 ], [ 80.4396985, 16.3111442 ], [ 80.4396986, 16.311137 ], [ 80.43969, 16.311137 ], [ 80.43969, 16.3111442 ] ] ] } },
{ "type": "Feature", "properties": { "label": "Pothole", "confidence": 0.3, "on_road": 1, "size_m": 1.2, "gt_road_overlap": 1.0, "gt_roof_overlap": 0.0 }, "geometry": { "type": "Polygon", "coordinates": [ [ [ 80.4391465, 16.3118719 ], [ 80.4391505, 16.3118719 ], [ 80.4391505, 16.3118611 ], [ 80.4391466, 16.3118611 ], [ 80.4391465, 16.3118719 ] ] ] } },
{ "type": "Feature", "properties": { "label": "Pothole", "confidence": 0.29, "on_road": 0, "size_m": 5.4, "gt_road_overlap": 0.0, "gt_roof_overlap": 1.0 }, "geometry": { "type": "Polygon", "coordinates": [ [ [ 80.4399204, 16.3123283 ], [ 80.4399713, 16.3123285 ], [ 80.4399714, 16.3122965 ], [ 80.4399205, 16.3122963 ], [ 80.4399204, 16.3123283 ] ] ] } },
{ "type": "Feature", "properties": { "label": "Pothole", "confidence": 0.29, "on_road": 1, "size_m": 0.8, "gt_road_overlap": 1.0, "gt_roof_overlap": 0.0 }, "geometry": { "type": "Polygon", "coordinates": [ [ [ 80.4391392, 16.3119099 ], [ 80.4391461, 16.3119099 ], [ 80.4391462, 16.311903 ], [ 80.4391392, 16.311903 ], [ 80.4391392, 16.3119099 ] ] ] } },
{ "type": "Feature", "properties": { "label": "Pothole", "confidence": 0.28, "on_road": 0, "size_m": 1.4, "gt_road_overlap": 0.0, "gt_roof_overlap": 0.0 }, "geometry": { "type": "Polygon", "coordinates": [ [ [ 80.4394636, 16.311594 ], [ 80.4394692, 16.311594 ], [ 80.4394693, 16.3115817 ], [ 80.4394637, 16.3115817 ], [ 80.4394636, 16.311594 ] ] ] } },
{ "type": "Feature", "properties": { "label": "Pothole", "confidence": 0.27, "on_road": 1, "size_m": 1.1, "gt_road_overlap": 1.0, "gt_roof_overlap": 0.0 }, "geometry": { "type": "Polygon", "coordinates": [ [ [ 80.4397668, 16.3123525 ], [ 80.4397754, 16.3123525 ], [ 80.4397755, 16.3123424 ], [ 80.4397668, 16.3123424 ], [ 80.4397668, 16.3123525 ] ] ] } },
{ "type": "Feature", "properties": { "label": "Pothole", "confidence": 0.26, "on_road": 0, "size_m": 0.6, "gt_road_overlap": 0.0, "gt_roof_overlap": 1.0 }, "geometry": { "type": "Polygon", "coordinates": [ [ [ 80.4390447, 16.3113014 ], [ 80.4390507, 16.3113014 ], [ 80.4390507, 16.3112957 ], [ 80.4390447, 16.3112956 ], [ 80.4390447, 16.3113014 ] ] ] } },
{ "type": "Feature", "properties": { "label": "Pothole", "confidence": 0.85, "on_road": 1, "size_m": 2.2, "gt_road_overlap": 1.0, "gt_roof_overlap": 0.0 }, "geometry": { "type": "Polygon", "coordinates": [ [ [ 80.441072, 16.3116557 ], [ 80.4410926, 16.3116558 ], [ 80.4410926, 16.3116413 ], [ 80.441072, 16.3116413 ], [ 80.441072, 16.3116557 ] ] ] } },
{ "type": "Feature", "properties": { "label": "Pothole", "confidence": 0.78, "on_road": 1, "size_m": 0.6, "gt_road_overlap": 1.0, "gt_roof_overlap": 0.0 }, "geometry": { "type": "Polygon", "coordinates": [ [ [ 80.4410852, 16.3116465 ], [ 80.441091, 16.3116466 ], [ 80.441091, 16.3116408 ], [ 80.4410852, 16.3116408 ], [ 80.4410852, 16.3116465 ] ] ] } },
{ "type": "Feature", "properties": { "label": "Pothole", "confidence": 0.77, "on_road": 0, "size_m": 1.1, "gt_road_overlap": 0.0, "gt_roof_overlap": 1.0 }, "geometry": { "type": "Polygon", "coordinates": [ [ [ 80.4401875, 16.3119631 ], [ 80.4401933, 16.3119631 ], [ 80.4401933, 16.3119533 ], [ 80.4401875, 16.3119533 ], [ 80.4401875, 16.3119631 ] ] ] } },
{ "type": "Feature", "properties": { "label": "Pothole", "confidence": 0.75, "on_road": 0, "size_m": 0.6, "gt_road_overlap": 0.0, "gt_roof_overlap": 0.588 }, "geometry": { "type": "Polygon", "coordinates": [ [ [ 80.4405526, 16.3112936 ], [ 80.4405586, 16.3112936 ], [ 80.4405586, 16.3112879 ], [ 80.4405526, 16.3112879 ], [ 80.4405526, 16.3112936 ] ] ] } },
{ "type": "Feature", "properties": { "label": "Pothole", "confidence": 0.72, "on_road": 0, "size_m": 1.2, "gt_road_overlap": 0.0, "gt_roof_overlap": 0.614 }, "geometry": { "type": "Polygon", "coordinates": [ [ [ 80.4409163, 16.3118905 ], [ 80.4409276, 16.3118906 ], [ 80.4409276, 16.3118801 ], [ 80.4409164, 16.3118801 ], [ 80.4409163, 16.3118905 ] ] ] } },
{ "type": "Feature", "properties": { "label": "Pothole", "confidence": 0.62, "on_road": 1, "size_m": 0.7, "gt_road_overlap": 1.0, "gt_roof_overlap": 0.0 }, "geometry": { "type": "Polygon", "coordinates": [ [ [ 80.4402115, 16.3112221 ], [ 80.4402165, 16.3112221 ], [ 80.4402166, 16.3112156 ], [ 80.4402115, 16.3112156 ], [ 80.4402115, 16.3112221 ] ] ] } },
{ "type": "Feature", "properties": { "label": "Pothole", "confidence": 0.61, "on_road": 1, "size_m": 1.0, "gt_road_overlap": 1.0, "gt_roof_overlap": 0.0 }, "geometry": { "type": "Polygon", "coordinates": [ [ [ 80.4410983, 16.3116274 ], [ 80.4411077, 16.3116274 ], [ 80.4411077, 16.3116184 ], [ 80.4410983, 16.3116184 ], [ 80.4410983, 16.3116274 ] ] ] } },
{ "type": "Feature", "properties": { "label": "Pothole", "confidence": 0.6, "on_road": 1, "size_m": 1.7, "gt_road_overlap": 1.0, "gt_roof_overlap": 0.0 }, "geometry": { "type": "Polygon", "coordinates": [ [ [ 80.4413088, 16.3116263 ], [ 80.4413247, 16.3116264 ], [ 80.4413248, 16.3116181 ], [ 80.4413088, 16.311618 ], [ 80.4413088, 16.3116263 ] ] ] } },
{ "type": "Feature", "properties": { "label": "Pothole", "confidence": 0.55, "on_road": 1, "size_m": 0.8, "gt_road_overlap": 1.0, "gt_roof_overlap": 0.0 }, "geometry": { "type": "Polygon", "coordinates": [ [ [ 80.4402668, 16.3113828 ], [ 80.4402743, 16.3113828 ], [ 80.4402743, 16.3113754 ], [ 80.4402668, 16.3113754 ], [ 80.4402668, 16.3113828 ] ] ] } },
{ "type": "Feature", "properties": { "label": "Pothole", "confidence": 0.53, "on_road": 0, "size_m": 1.7, "gt_road_overlap": 0.0, "gt_roof_overlap": 1.0 }, "geometry": { "type": "Polygon", "coordinates": [ [ [ 80.4412951, 16.3117433 ], [ 80.4413108, 16.3117433 ], [ 80.4413109, 16.3117303 ], [ 80.4412951, 16.3117303 ], [ 80.4412951, 16.3117433 ] ] ] } },
{ "type": "Feature", "properties": { "label": "Pothole", "confidence": 0.49, "on_road": 0, "size_m": 2.1, "gt_road_overlap": 0.0, "gt_roof_overlap": 0.31 }, "geometry": { "type": "Polygon", "coordinates": [ [ [ 80.4409422, 16.3120112 ], [ 80.4409617, 16.3120112 ], [ 80.4409617, 16.3119991 ], [ 80.4409422, 16.3119991 ], [ 80.4409422, 16.3120112 ] ] ] } },
{ "type": "Feature", "properties": { "label": "Pothole", "confidence": 0.47, "on_road": 0, "size_m": 7.4, "gt_road_overlap": 0.0, "gt_roof_overlap": 0.086 }, "geometry": { "type": "Polygon", "coordinates": [ [ [ 80.4409302, 16.3119983 ], [ 80.4409752, 16.3119984 ], [ 80.4409754, 16.3119314 ], [ 80.4409304, 16.3119313 ], [ 80.4409302, 16.3119983 ] ] ] } },
{ "type": "Feature", "properties": { "label": "Pothole", "confidence": 0.47, "on_road": 0, "size_m": 0.8, "gt_road_overlap": 0.0, "gt_roof_overlap": 0.0 }, "geometry": { "type": "Polygon", "coordinates": [ [ [ 80.4409298, 16.311945 ], [ 80.4409355, 16.311945 ], [ 80.4409355, 16.3119378 ], [ 80.4409299, 16.3119378 ], [ 80.4409298, 16.311945 ] ] ] } },
{ "type": "Feature", "properties": { "label": "Pothole", "confidence": 0.41, "on_road": 0, "size_m": 0.8, "gt_road_overlap": 0.0, "gt_roof_overlap": 1.0 }, "geometry": { "type": "Polygon", "coordinates": [ [ [ 80.4404203, 16.3116092 ], [ 80.4404277, 16.3116092 ], [ 80.4404277, 16.3116041 ], [ 80.4404204, 16.3116041 ], [ 80.4404203, 16.3116092 ] ] ] } },
{ "type": "Feature", "properties": { "label": "Repaired patch", "confidence": 0.4, "on_road": 0, "size_m": 25.7, "gt_road_overlap": 0.246, "gt_roof_overlap": 0.609 }, "geometry": { "type": "Polygon", "coordinates": [ [ [ 80.4409948, 16.3120862 ], [ 80.4412352, 16.3120869 ], [ 80.4412354, 16.3120058 ], [ 80.440995, 16.3120052 ], [ 80.4409948, 16.3120862 ] ] ] } },
{ "type": "Feature", "properties": { "label": "Pothole", "confidence": 0.39, "on_road": 0, "size_m": 5.4, "gt_road_overlap": 0.0, "gt_roof_overlap": 0.747 }, "geometry": { "type": "Polygon", "coordinates": [ [ [ 80.4408973, 16.312067 ], [ 80.4409482, 16.3120672 ], [ 80.4409483, 16.3120401 ], [ 80.4408974, 16.3120399 ], [ 80.4408973, 16.312067 ] ] ] } },
{ "type": "Feature", "properties": { "label": "Pothole", "confidence": 0.38, "on_road": 1, "size_m": 1.1, "gt_road_overlap": 0.309, "gt_roof_overlap": 0.0 }, "geometry": { "type": "Polygon", "coordinates": [ [ [ 80.4413211, 16.311638 ], [ 80.4413317, 16.311638 ], [ 80.4413317, 16.3116307 ], [ 80.4413211, 16.3116307 ], [ 80.4413211, 16.311638 ] ] ] } },
{ "type": "Feature", "properties": { "label": "Pothole", "confidence": 0.33, "on_road": 0, "size_m": 1.2, "gt_road_overlap": 0.0, "gt_roof_overlap": 0.888 }, "geometry": { "type": "Polygon", "coordinates": [ [ [ 80.4409083, 16.3118762 ], [ 80.4409188, 16.3118763 ], [ 80.4409188, 16.3118654 ], [ 80.4409083, 16.3118654 ], [ 80.4409083, 16.3118762 ] ] ] } },
{ "type": "Feature", "properties": { "label": "Pothole", "confidence": 0.3, "on_road": 0, "size_m": 4.2, "gt_road_overlap": 1.0, "gt_roof_overlap": 0.0 }, "geometry": { "type": "Polygon", "coordinates": [ [ [ 80.4404788, 16.3122766 ], [ 80.4405185, 16.3122767 ], [ 80.4405186, 16.3122579 ], [ 80.4404789, 16.3122578 ], [ 80.4404788, 16.3122766 ] ] ] } },
{ "type": "Feature", "properties": { "label": "Pothole", "confidence": 0.28, "on_road": 0, "size_m": 5.6, "gt_road_overlap": 0.0, "gt_roof_overlap": 0.994 }, "geometry": { "type": "Polygon", "coordinates": [ [ [ 80.440836, 16.3120958 ], [ 80.4408629, 16.3120959 ], [ 80.4408631, 16.3120448 ], [ 80.4408361, 16.3120447 ], [ 80.440836, 16.3120958 ] ] ] } },
{ "type": "Feature", "properties": { "label": "Pothole", "confidence": 0.27, "on_road": 0, "size_m": 4.1, "gt_road_overlap": 1.0, "gt_roof_overlap": 0.1 }, "geometry": { "type": "Polygon", "coordinates": [ [ [ 80.4414351, 16.3115761 ], [ 80.4414564, 16.3115761 ], [ 80.4414565, 16.3115392 ], [ 80.4414352, 16.3115392 ], [ 80.4414351, 16.3115761 ] ] ] } },
{ "type": "Feature", "properties": { "label": "Pothole", "confidence": 0.27, "on_road": 0, "size_m": 4.4, "gt_road_overlap": 0.0, "gt_roof_overlap": 1.0 }, "geometry": { "type": "Polygon", "coordinates": [ [ [ 80.4412278, 16.3112058 ], [ 80.4412687, 16.3112059 ], [ 80.4412687, 16.311186 ], [ 80.4412279, 16.3111859 ], [ 80.4412278, 16.3112058 ] ] ] } },
{ "type": "Feature", "properties": { "label": "Pothole", "confidence": 0.26, "on_road": 1, "size_m": 2.4, "gt_road_overlap": 1.0, "gt_roof_overlap": 0.0 }, "geometry": { "type": "Polygon", "coordinates": [ [ [ 80.4411158, 16.3116219 ], [ 80.4411383, 16.3116219 ], [ 80.4411383, 16.3116132 ], [ 80.4411158, 16.3116132 ], [ 80.4411158, 16.3116219 ] ] ] } },
{ "type": "Feature", "properties": { "label": "Pothole", "confidence": 0.76, "on_road": 1, "size_m": 0.8, "gt_road_overlap": 1.0, "gt_roof_overlap": 0.0 }, "geometry": { "type": "Polygon", "coordinates": [ [ [ 80.4415688, 16.3119684 ], [ 80.4415761, 16.3119684 ], [ 80.4415761, 16.3119626 ], [ 80.4415688, 16.3119626 ], [ 80.4415688, 16.3119684 ] ] ] } },
{ "type": "Feature", "properties": { "label": "Pothole", "confidence": 0.75, "on_road": 1, "size_m": 1.7, "gt_road_overlap": 1.0, "gt_roof_overlap": 0.0 }, "geometry": { "type": "Polygon", "coordinates": [ [ [ 80.4423402, 16.3115262 ], [ 80.4423462, 16.3115262 ], [ 80.4423462, 16.3115105 ], [ 80.4423402, 16.3115105 ], [ 80.4423402, 16.3115262 ] ] ] } },
{ "type": "Feature", "properties": { "label": "Pothole", "confidence": 0.55, "on_road": 1, "size_m": 1.0, "gt_road_overlap": 1.0, "gt_roof_overlap": 0.0 }, "geometry": { "type": "Polygon", "coordinates": [ [ [ 80.4420149, 16.3114306 ], [ 80.4420246, 16.3114306 ], [ 80.4420247, 16.3114218 ], [ 80.4420149, 16.3114217 ], [ 80.4420149, 16.3114306 ] ] ] } },
{ "type": "Feature", "properties": { "label": "Pothole", "confidence": 0.48, "on_road": 0, "size_m": 1.4, "gt_road_overlap": 0.0, "gt_roof_overlap": 1.0 }, "geometry": { "type": "Polygon", "coordinates": [ [ [ 80.4425688, 16.3115096 ], [ 80.4425753, 16.3115096 ], [ 80.4425753, 16.3114974 ], [ 80.4425688, 16.3114973 ], [ 80.4425688, 16.3115096 ] ] ] } },
{ "type": "Feature", "properties": { "label": "Pothole", "confidence": 0.42, "on_road": 1, "size_m": 1.0, "gt_road_overlap": 1.0, "gt_roof_overlap": 0.0 }, "geometry": { "type": "Polygon", "coordinates": [ [ [ 80.4422362, 16.3111085 ], [ 80.4422452, 16.3111085 ], [ 80.4422452, 16.3110991 ], [ 80.4422362, 16.3110991 ], [ 80.4422362, 16.3111085 ] ] ] } },
{ "type": "Feature", "properties": { "label": "Pothole", "confidence": 0.41, "on_road": 1, "size_m": 2.7, "gt_road_overlap": 0.966, "gt_roof_overlap": 0.047 }, "geometry": { "type": "Polygon", "coordinates": [ [ [ 80.4416107, 16.3119627 ], [ 80.4416362, 16.3119628 ], [ 80.4416362, 16.3119476 ], [ 80.4416107, 16.3119475 ], [ 80.4416107, 16.3119627 ] ] ] } },
{ "type": "Feature", "properties": { "label": "Pothole", "confidence": 0.31, "on_road": 0, "size_m": 4.4, "gt_road_overlap": 0.991, "gt_roof_overlap": 0.0 }, "geometry": { "type": "Polygon", "coordinates": [ [ [ 80.4424, 16.3115654 ], [ 80.442415, 16.3115655 ], [ 80.4424151, 16.3115257 ], [ 80.4424001, 16.3115256 ], [ 80.4424, 16.3115654 ] ] ] } },
{ "type": "Feature", "properties": { "label": "Pothole", "confidence": 0.26, "on_road": 1, "size_m": 1.8, "gt_road_overlap": 0.889, "gt_roof_overlap": 0.0 }, "geometry": { "type": "Polygon", "coordinates": [ [ [ 80.441825, 16.3114527 ], [ 80.4418415, 16.3114527 ], [ 80.4418415, 16.3114448 ], [ 80.441825, 16.3114447 ], [ 80.441825, 16.3114527 ] ] ] } },
{ "type": "Feature", "properties": { "label": "Pothole", "confidence": 0.68, "on_road": 0, "size_m": 1.7, "gt_road_overlap": 0.0, "gt_roof_overlap": 1.0 }, "geometry": { "type": "Polygon", "coordinates": [ [ [ 80.4280671, 16.3097719 ], [ 80.4280828, 16.309772 ], [ 80.4280829, 16.3097586 ], [ 80.4280671, 16.3097586 ], [ 80.4280671, 16.3097719 ] ] ] } },
{ "type": "Feature", "properties": { "label": "Pothole", "confidence": 0.71, "on_road": 1, "size_m": 1.6, "gt_road_overlap": 1.0, "gt_roof_overlap": 0.0 }, "geometry": { "type": "Polygon", "coordinates": [ [ [ 80.4281275, 16.3097795 ], [ 80.4281425, 16.3097795 ], [ 80.4281425, 16.3097738 ], [ 80.4281276, 16.3097737 ], [ 80.4281275, 16.3097795 ] ] ] } },
{ "type": "Feature", "properties": { "label": "Pothole", "confidence": 0.65, "on_road": 0, "size_m": 4.8, "gt_road_overlap": 0.543, "gt_roof_overlap": 0.065 }, "geometry": { "type": "Polygon", "coordinates": [ [ [ 80.4283801, 16.3102023 ], [ 80.4284249, 16.3102024 ], [ 80.428425, 16.3101782 ], [ 80.4283802, 16.3101781 ], [ 80.4283801, 16.3102023 ] ] ] } },
{ "type": "Feature", "properties": { "label": "Pothole", "confidence": 0.6, "on_road": 0, "size_m": 1.6, "gt_road_overlap": 0.0, "gt_roof_overlap": 1.0 }, "geometry": { "type": "Polygon", "coordinates": [ [ [ 80.4288402, 16.3101904 ], [ 80.4288507, 16.3101904 ], [ 80.4288507, 16.310176 ], [ 80.4288402, 16.3101759 ], [ 80.4288402, 16.3101904 ] ] ] } },
{ "type": "Feature", "properties": { "label": "Pothole", "confidence": 0.56, "on_road": 0, "size_m": 4.3, "gt_road_overlap": 0.0, "gt_roof_overlap": 0.39 }, "geometry": { "type": "Polygon", "coordinates": [ [ [ 80.4284622, 16.3101366 ], [ 80.4285022, 16.3101367 ], [ 80.4285024, 16.3101002 ], [ 80.4284623, 16.3101001 ], [ 80.4284622, 16.3101366 ] ] ] } },
{ "type": "Feature", "properties": { "label": "Pothole", "confidence": 0.5, "on_road": 1, "size_m": 1.8, "gt_road_overlap": 1.0, "gt_roof_overlap": 0.0 }, "geometry": { "type": "Polygon", "coordinates": [ [ [ 80.4285793, 16.3101772 ], [ 80.4285957, 16.3101773 ], [ 80.4285958, 16.3101662 ], [ 80.4285793, 16.3101662 ], [ 80.4285793, 16.3101772 ] ] ] } },
{ "type": "Feature", "properties": { "label": "Pothole", "confidence": 0.47, "on_road": 1, "size_m": 3.7, "gt_road_overlap": 1.0, "gt_roof_overlap": 0.0 }, "geometry": { "type": "Polygon", "coordinates": [ [ [ 80.4287671, 16.3106693 ], [ 80.4288019, 16.3106694 ], [ 80.428802, 16.3106452 ], [ 80.4287672, 16.3106451 ], [ 80.4287671, 16.3106693 ] ] ] } },
{ "type": "Feature", "properties": { "label": "Pothole", "confidence": 0.37, "on_road": 1, "size_m": 0.6, "gt_road_overlap": 1.0, "gt_roof_overlap": 0.0 }, "geometry": { "type": "Polygon", "coordinates": [ [ [ 80.4285745, 16.3109264 ], [ 80.4285805, 16.3109264 ], [ 80.4285805, 16.3109206 ], [ 80.4285745, 16.3109206 ], [ 80.4285745, 16.3109264 ] ] ] } },
{ "type": "Feature", "properties": { "label": "Pothole", "confidence": 0.35, "on_road": 1, "size_m": 0.9, "gt_road_overlap": 1.0, "gt_roof_overlap": 0.0 }, "geometry": { "type": "Polygon", "coordinates": [ [ [ 80.4286648, 16.3101532 ], [ 80.4286733, 16.3101532 ], [ 80.4286733, 16.3101482 ], [ 80.4286649, 16.3101482 ], [ 80.4286648, 16.3101532 ] ] ] } },
{ "type": "Feature", "properties": { "label": "Pothole", "confidence": 0.32, "on_road": 0, "size_m": 10.7, "gt_road_overlap": 1.0, "gt_roof_overlap": 0.0 }, "geometry": { "type": "Polygon", "coordinates": [ [ [ 80.4288831, 16.3107719 ], [ 80.4289834, 16.3107722 ], [ 80.4289835, 16.3107455 ], [ 80.4288831, 16.3107452 ], [ 80.4288831, 16.3107719 ] ] ] } },
{ "type": "Feature", "properties": { "label": "Pothole", "confidence": 0.25, "on_road": 1, "size_m": 1.4, "gt_road_overlap": 1.0, "gt_roof_overlap": 0.0 }, "geometry": { "type": "Polygon", "coordinates": [ [ [ 80.4286032, 16.3101688 ], [ 80.4286167, 16.3101688 ], [ 80.4286168, 16.3101572 ], [ 80.4286033, 16.3101572 ], [ 80.4286032, 16.3101688 ] ] ] } },
{ "type": "Feature", "properties": { "label": "Pothole", "confidence": 0.79, "on_road": 1, "size_m": 1.0, "gt_road_overlap": 1.0, "gt_roof_overlap": 0.0 }, "geometry": { "type": "Polygon", "coordinates": [ [ [ 80.4297715, 16.3104616 ], [ 80.4297795, 16.3104616 ], [ 80.4297795, 16.3104529 ], [ 80.4297715, 16.3104529 ], [ 80.4297715, 16.3104616 ] ] ] } },
{ "type": "Feature", "properties": { "label": "Pothole", "confidence": 0.58, "on_road": 0, "size_m": 3.1, "gt_road_overlap": 0.0, "gt_roof_overlap": 0.0 }, "geometry": { "type": "Polygon", "coordinates": [ [ [ 80.4300042, 16.3104978 ], [ 80.4300334, 16.3104978 ], [ 80.4300334, 16.3104697 ], [ 80.4300042, 16.3104696 ], [ 80.4300042, 16.3104978 ] ] ] } },
{ "type": "Feature", "properties": { "label": "Pothole", "confidence": 0.5, "on_road": 1, "size_m": 1.6, "gt_road_overlap": 1.0, "gt_roof_overlap": 0.0 }, "geometry": { "type": "Polygon", "coordinates": [ [ [ 80.430342, 16.3101869 ], [ 80.4303555, 16.3101869 ], [ 80.4303556, 16.3101724 ], [ 80.4303421, 16.3101724 ], [ 80.430342, 16.3101869 ] ] ] } },
{ "type": "Feature", "properties": { "label": "Pothole", "confidence": 0.5, "on_road": 0, "size_m": 3.8, "gt_road_overlap": 0.0, "gt_roof_overlap": 0.0 }, "geometry": { "type": "Polygon", "coordinates": [ [ [ 80.4294876, 16.3100564 ], [ 80.4295228, 16.3100565 ], [ 80.4295228, 16.3100387 ], [ 80.4294876, 16.3100386 ], [ 80.4294876, 16.3100564 ] ] ] } },
{ "type": "Feature", "properties": { "label": "Pothole", "confidence": 0.39, "on_road": 1, "size_m": 1.3, "gt_road_overlap": 1.0, "gt_roof_overlap": 0.0 }, "geometry": { "type": "Polygon", "coordinates": [ [ [ 80.4303284, 16.3099592 ], [ 80.4303402, 16.3099592 ], [ 80.4303402, 16.3099506 ], [ 80.4303284, 16.3099505 ], [ 80.4303284, 16.3099592 ] ] ] } },
{ "type": "Feature", "properties": { "label": "Pothole", "confidence": 0.37, "on_road": 1, "size_m": 1.6, "gt_road_overlap": 1.0, "gt_roof_overlap": 0.0 }, "geometry": { "type": "Polygon", "coordinates": [ [ [ 80.4304892, 16.3108425 ], [ 80.4305041, 16.3108425 ], [ 80.4305042, 16.3108324 ], [ 80.4304892, 16.3108323 ], [ 80.4304892, 16.3108425 ] ] ] } },
{ "type": "Feature", "properties": { "label": "Pothole", "confidence": 0.34, "on_road": 0, "size_m": 1.2, "gt_road_overlap": 0.0, "gt_roof_overlap": 0.0 }, "geometry": { "type": "Polygon", "coordinates": [ [ [ 80.4295262, 16.3100433 ], [ 80.4295358, 16.3100433 ], [ 80.4295358, 16.3100324 ], [ 80.4295262, 16.3100324 ], [ 80.4295262, 16.3100433 ] ] ] } },
{ "type": "Feature", "properties": { "label": "Pothole", "confidence": 0.31, "on_road": 1, "size_m": 2.2, "gt_road_overlap": 1.0, "gt_roof_overlap": 0.0 }, "geometry": { "type": "Polygon", "coordinates": [ [ [ 80.4303132, 16.309987 ], [ 80.4303334, 16.3099871 ], [ 80.4303335, 16.3099717 ], [ 80.4303133, 16.3099716 ], [ 80.4303132, 16.309987 ] ] ] } },
{ "type": "Feature", "properties": { "label": "Pothole", "confidence": 0.28, "on_road": 0, "size_m": 2.6, "gt_road_overlap": 1.0, "gt_roof_overlap": 0.471 }, "geometry": { "type": "Polygon", "coordinates": [ [ [ 80.4304849, 16.3099388 ], [ 80.4305025, 16.3099389 ], [ 80.4305025, 16.3099156 ], [ 80.4304849, 16.3099155 ], [ 80.4304849, 16.3099388 ] ] ] } },
{ "type": "Feature", "properties": { "label": "Pothole", "confidence": 0.26, "on_road": 0, "size_m": 2.5, "gt_road_overlap": 0.0, "gt_roof_overlap": 1.0 }, "geometry": { "type": "Polygon", "coordinates": [ [ [ 80.4297013, 16.3106234 ], [ 80.4297191, 16.3106234 ], [ 80.4297192, 16.310601 ], [ 80.4297013, 16.310601 ], [ 80.4297013, 16.3106234 ] ] ] } },
{ "type": "Feature", "properties": { "label": "Pothole", "confidence": 0.25, "on_road": 1, "size_m": 0.7, "gt_road_overlap": 1.0, "gt_roof_overlap": 0.0 }, "geometry": { "type": "Polygon", "coordinates": [ [ [ 80.4305355, 16.3101096 ], [ 80.4305403, 16.3101096 ], [ 80.4305403, 16.3101033 ], [ 80.4305355, 16.3101033 ], [ 80.4305355, 16.3101096 ] ] ] } },
{ "type": "Feature", "properties": { "label": "Pothole", "confidence": 0.79, "on_road": 1, "size_m": 1.3, "gt_road_overlap": 1.0, "gt_roof_overlap": 0.0 }, "geometry": { "type": "Polygon", "coordinates": [ [ [ 80.4308378, 16.310712 ], [ 80.4308497, 16.3107121 ], [ 80.4308498, 16.3107005 ], [ 80.4308378, 16.3107005 ], [ 80.4308378, 16.310712 ] ] ] } },
{ "type": "Feature", "properties": { "label": "Pothole", "confidence": 0.76, "on_road": 1, "size_m": 1.1, "gt_road_overlap": 1.0, "gt_roof_overlap": 0.0 }, "geometry": { "type": "Polygon", "coordinates": [ [ [ 80.4317139, 16.3103218 ], [ 80.4317246, 16.3103218 ], [ 80.4317246, 16.3103146 ], [ 80.431714, 16.3103146 ], [ 80.4317139, 16.3103218 ] ] ] } },
{ "type": "Feature", "properties": { "label": "Pothole", "confidence": 0.72, "on_road": 0, "size_m": 1.9, "gt_road_overlap": 0.0, "gt_roof_overlap": 0.522 }, "geometry": { "type": "Polygon", "coordinates": [ [ [ 80.4311211, 16.3109609 ], [ 80.4311386, 16.3109609 ], [ 80.4311387, 16.3109443 ], [ 80.4311211, 16.3109442 ], [ 80.4311211, 16.3109609 ] ] ] } },
{ "type": "Feature", "properties": { "label": "Pothole", "confidence": 0.61, "on_road": 0, "size_m": 5.1, "gt_road_overlap": 1.0, "gt_roof_overlap": 0.0 }, "geometry": { "type": "Polygon", "coordinates": [ [ [ 80.4314366, 16.3104111 ], [ 80.4314845, 16.3104112 ], [ 80.4314846, 16.3103863 ], [ 80.4314367, 16.3103861 ], [ 80.4314366, 16.3104111 ] ] ] } },
{ "type": "Feature", "properties": { "label": "Pothole", "confidence": 0.59, "on_road": 1, "size_m": 1.5, "gt_road_overlap": 1.0, "gt_roof_overlap": 0.0 }, "geometry": { "type": "Polygon", "coordinates": [ [ [ 80.4319656, 16.310953 ], [ 80.4319757, 16.310953 ], [ 80.4319757, 16.3109398 ], [ 80.4319656, 16.3109398 ], [ 80.4319656, 16.310953 ] ] ] } },
{ "type": "Feature", "properties": { "label": "Pothole", "confidence": 0.57, "on_road": 0, "size_m": 1.6, "gt_road_overlap": 0.0, "gt_roof_overlap": 0.0 }, "geometry": { "type": "Polygon", "coordinates": [ [ [ 80.4308429, 16.3107573 ], [ 80.4308579, 16.3107573 ], [ 80.4308579, 16.3107486 ], [ 80.4308429, 16.3107486 ], [ 80.4308429, 16.3107573 ] ] ] } },
{ "type": "Feature", "properties": { "label": "Pothole", "confidence": 0.53, "on_road": 0, "size_m": 2.8, "gt_road_overlap": 0.0, "gt_roof_overlap": 1.0 }, "geometry": { "type": "Polygon", "coordinates": [ [ [ 80.4310196, 16.3103098 ], [ 80.4310428, 16.3103099 ], [ 80.4310429, 16.3102846 ], [ 80.4310197, 16.3102845 ], [ 80.4310196, 16.3103098 ] ] ] } },
{ "type": "Feature", "properties": { "label": "Pothole", "confidence": 0.51, "on_road": 0, "size_m": 4.8, "gt_road_overlap": 0.0, "gt_roof_overlap": 1.0 }, "geometry": { "type": "Polygon", "coordinates": [ [ [ 80.4313948, 16.310963 ], [ 80.4314337, 16.3109631 ], [ 80.4314338, 16.3109197 ], [ 80.4313949, 16.3109196 ], [ 80.4313948, 16.310963 ] ] ] } },
{ "type": "Feature", "properties": { "label": "Pothole", "confidence": 0.46, "on_road": 0, "size_m": 4.3, "gt_road_overlap": 1.0, "gt_roof_overlap": 0.0 }, "geometry": { "type": "Polygon", "coordinates": [ [ [ 80.4318566, 16.3108819 ], [ 80.4318972, 16.310882 ], [ 80.4318973, 16.3108625 ], [ 80.4318567, 16.3108624 ], [ 80.4318566, 16.3108819 ] ] ] } },
{ "type": "Feature", "properties": { "label": "Pothole", "confidence": 0.38, "on_road": 0, "size_m": 4.5, "gt_road_overlap": 0.0, "gt_roof_overlap": 1.0 }, "geometry": { "type": "Polygon", "coordinates": [ [ [ 80.4314469, 16.3109961 ], [ 80.431471, 16.3109962 ], [ 80.4314712, 16.3109557 ], [ 80.431447, 16.3109556 ], [ 80.4314469, 16.3109961 ] ] ] } },
{ "type": "Feature", "properties": { "label": "Pothole", "confidence": 0.37, "on_road": 0, "size_m": 6.2, "gt_road_overlap": 1.0, "gt_roof_overlap": 0.0 }, "geometry": { "type": "Polygon", "coordinates": [ [ [ 80.4308909, 16.3098915 ], [ 80.4309489, 16.3098916 ], [ 80.430949, 16.3098623 ], [ 80.430891, 16.3098622 ], [ 80.4308909, 16.3098915 ] ] ] } },
{ "type": "Feature", "properties": { "label": "Pothole", "confidence": 0.36, "on_road": 1, "size_m": 0.9, "gt_road_overlap": 1.0, "gt_roof_overlap": 0.0 }, "geometry": { "type": "Polygon", "coordinates": [ [ [ 80.4313877, 16.310439 ], [ 80.4313965, 16.310439 ], [ 80.4313966, 16.3104323 ], [ 80.4313878, 16.3104323 ], [ 80.4313877, 16.310439 ] ] ] } },
{ "type": "Feature", "properties": { "label": "Pothole", "confidence": 0.31, "on_road": 1, "size_m": 1.1, "gt_road_overlap": 0.992, "gt_roof_overlap": 0.0 }, "geometry": { "type": "Polygon", "coordinates": [ [ [ 80.4318222, 16.3108363 ], [ 80.4318281, 16.3108363 ], [ 80.4318282, 16.3108262 ], [ 80.4318222, 16.3108262 ], [ 80.4318222, 16.3108363 ] ] ] } },
{ "type": "Feature", "properties": { "label": "Pothole", "confidence": 0.3, "on_road": 0, "size_m": 4.3, "gt_road_overlap": 0.0, "gt_roof_overlap": 1.0 }, "geometry": { "type": "Polygon", "coordinates": [ [ [ 80.4316301, 16.3097966 ], [ 80.4316608, 16.3097966 ], [ 80.4316609, 16.3097576 ], [ 80.4316302, 16.3097575 ], [ 80.4316301, 16.3097966 ] ] ] } },
{ "type": "Feature", "properties": { "label": "Pothole", "confidence": 0.28, "on_road": 1, "size_m": 1.8, "gt_road_overlap": 0.607, "gt_roof_overlap": 0.0 }, "geometry": { "type": "Polygon", "coordinates": [ [ [ 80.4318353, 16.3106857 ], [ 80.4318497, 16.3106858 ], [ 80.4318497, 16.3106698 ], [ 80.4318354, 16.3106698 ], [ 80.4318353, 16.3106857 ] ] ] } },
{ "type": "Feature", "properties": { "label": "Pothole", "confidence": 0.27, "on_road": 1, "size_m": 1.2, "gt_road_overlap": 0.522, "gt_roof_overlap": 0.0 }, "geometry": { "type": "Polygon", "coordinates": [ [ [ 80.4318356, 16.3106754 ], [ 80.4318471, 16.3106754 ], [ 80.4318471, 16.3106691 ], [ 80.4318356, 16.3106691 ], [ 80.4318356, 16.3106754 ] ] ] } },
{ "type": "Feature", "properties": { "label": "Pothole", "confidence": 0.25, "on_road": 0, "size_m": 1.9, "gt_road_overlap": 0.0, "gt_roof_overlap": 1.0 }, "geometry": { "type": "Polygon", "coordinates": [ [ [ 80.4316057, 16.3104984 ], [ 80.4316128, 16.3104984 ], [ 80.4316129, 16.3104809 ], [ 80.4316057, 16.3104809 ], [ 80.4316057, 16.3104984 ] ] ] } },
{ "type": "Feature", "properties": { "label": "Pothole", "confidence": 0.83, "on_road": 0, "size_m": 1.3, "gt_road_overlap": 0.0, "gt_roof_overlap": 0.0 }, "geometry": { "type": "Polygon", "coordinates": [ [ [ 80.4330018, 16.3102327 ], [ 80.4330134, 16.3102327 ], [ 80.4330134, 16.3102212 ], [ 80.4330018, 16.3102211 ], [ 80.4330018, 16.3102327 ] ] ] } },
{ "type": "Feature", "properties": { "label": "Pothole", "confidence": 0.73, "on_road": 1, "size_m": 2.7, "gt_road_overlap": 1.0, "gt_roof_overlap": 0.0 }, "geometry": { "type": "Polygon", "coordinates": [ [ [ 80.4328179, 16.3098169 ], [ 80.4328394, 16.309817 ], [ 80.4328395, 16.3097924 ], [ 80.432818, 16.3097923 ], [ 80.4328179, 16.3098169 ] ] ] } },
{ "type": "Feature", "properties": { "label": "Pothole", "confidence": 0.72, "on_road": 0, "size_m": 1.0, "gt_road_overlap": 0.0, "gt_roof_overlap": 1.0 }, "geometry": { "type": "Polygon", "coordinates": [ [ [ 80.4329015, 16.3101183 ], [ 80.4329104, 16.3101184 ], [ 80.4329105, 16.310109 ], [ 80.4329015, 16.3101089 ], [ 80.4329015, 16.3101183 ] ] ] } },
{ "type": "Feature", "properties": { "label": "Pothole", "confidence": 0.67, "on_road": 0, "size_m": 5.9, "gt_road_overlap": 1.0, "gt_roof_overlap": 0.0 }, "geometry": { "type": "Polygon", "coordinates": [ [ [ 80.4326438, 16.3098879 ], [ 80.4326992, 16.309888 ], [ 80.4326992, 16.309867 ], [ 80.4326438, 16.3098669 ], [ 80.4326438, 16.3098879 ] ] ] } },
{ "type": "Feature", "properties": { "label": "Pothole", "confidence": 0.46, "on_road": 0, "size_m": 0.8, "gt_road_overlap": 0.0, "gt_roof_overlap": 0.0 }, "geometry": { "type": "Polygon", "coordinates": [ [ [ 80.4332164, 16.3097912 ], [ 80.4332242, 16.3097913 ], [ 80.4332242, 16.3097851 ], [ 80.4332164, 16.3097851 ], [ 80.4332164, 16.3097912 ] ] ] } },
{ "type": "Feature", "properties": { "label": "Pothole", "confidence": 0.41, "on_road": 1, "size_m": 2.7, "gt_road_overlap": 1.0, "gt_roof_overlap": 0.0 }, "geometry": { "type": "Polygon", "coordinates": [ [ [ 80.4329962, 16.3104303 ], [ 80.4330123, 16.3104303 ], [ 80.4330124, 16.3104061 ], [ 80.4329963, 16.3104061 ], [ 80.4329962, 16.3104303 ] ] ] } },
{ "type": "Feature", "properties": { "label": "Pothole", "confidence": 0.39, "on_road": 0, "size_m": 3.0, "gt_road_overlap": 0.0, "gt_roof_overlap": 0.0 }, "geometry": { "type": "Polygon", "coordinates": [ [ [ 80.4330217, 16.310279 ], [ 80.4330426, 16.3102791 ], [ 80.4330427, 16.3102523 ], [ 80.4330217, 16.3102523 ], [ 80.4330217, 16.310279 ] ] ] } },
{ "type": "Feature", "properties": { "label": "Pothole", "confidence": 0.39, "on_road": 1, "size_m": 2.2, "gt_road_overlap": 0.559, "gt_roof_overlap": 0.0 }, "geometry": { "type": "Polygon", "coordinates": [ [ [ 80.4326134, 16.3099659 ], [ 80.4326344, 16.309966 ], [ 80.4326344, 16.3099526 ], [ 80.4326134, 16.3099526 ], [ 80.4326134, 16.3099659 ] ] ] } },
{ "type": "Feature", "properties": { "label": "Pothole", "confidence": 0.39, "on_road": 0, "size_m": 1.2, "gt_road_overlap": 0.0, "gt_roof_overlap": 0.0 }, "geometry": { "type": "Polygon", "coordinates": [ [ [ 80.4326399, 16.3108341 ], [ 80.4326509, 16.3108342 ], [ 80.4326509, 16.3108248 ], [ 80.43264, 16.3108247 ], [ 80.4326399, 16.3108341 ] ] ] } },
{ "type": "Feature", "properties": { "label": "Pothole", "confidence": 0.37, "on_road": 1, "size_m": 0.9, "gt_road_overlap": 1.0, "gt_roof_overlap": 0.0 }, "geometry": { "type": "Polygon", "coordinates": [ [ [ 80.4330244, 16.3104 ], [ 80.4330328, 16.3104 ], [ 80.4330328, 16.3103921 ], [ 80.4330244, 16.310392 ], [ 80.4330244, 16.3104 ] ] ] } },
{ "type": "Feature", "properties": { "label": "Pothole", "confidence": 0.35, "on_road": 1, "size_m": 2.0, "gt_road_overlap": 1.0, "gt_roof_overlap": 0.0 }, "geometry": { "type": "Polygon", "coordinates": [ [ [ 80.4330023, 16.3104642 ], [ 80.4330214, 16.3104643 ], [ 80.4330214, 16.3104505 ], [ 80.4330023, 16.3104505 ], [ 80.4330023, 16.3104642 ] ] ] } },
{ "type": "Feature", "properties": { "label": "Pothole", "confidence": 0.35, "on_road": 0, "size_m": 1.1, "gt_road_overlap": 0.0, "gt_roof_overlap": 0.0 }, "geometry": { "type": "Polygon", "coordinates": [ [ [ 80.432528, 16.3101699 ], [ 80.4325381, 16.3101699 ], [ 80.4325381, 16.3101618 ], [ 80.432528, 16.3101617 ], [ 80.432528, 16.3101699 ] ] ] } },
{ "type": "Feature", "properties": { "label": "Pothole", "confidence": 0.32, "on_road": 0, "size_m": 5.8, "gt_road_overlap": 1.0, "gt_roof_overlap": 0.0 }, "geometry": { "type": "Polygon", "coordinates": [ [ [ 80.432173, 16.3101111 ], [ 80.4322275, 16.3101112 ], [ 80.4322276, 16.3100893 ], [ 80.4321731, 16.3100892 ], [ 80.432173, 16.3101111 ] ] ] } },
{ "type": "Feature", "properties": { "label": "Pothole", "confidence": 0.31, "on_road": 0, "size_m": 5.0, "gt_road_overlap": 0.828, "gt_roof_overlap": 0.0 }, "geometry": { "type": "Polygon", "coordinates": [ [ [ 80.432654, 16.3098859 ], [ 80.4326987, 16.309886 ], [ 80.4326988, 16.309841 ], [ 80.4326542, 16.3098409 ], [ 80.432654, 16.3098859 ] ] ] } },
{ "type": "Feature", "properties": { "label": "Pothole", "confidence": 0.29, "on_road": 0, "size_m": 2.7, "gt_road_overlap": 0.0, "gt_roof_overlap": 0.0 }, "geometry": { "type": "Polygon", "coordinates": [ [ [ 80.4329487, 16.3102477 ], [ 80.4329743, 16.3102478 ], [ 80.4329744, 16.3102268 ], [ 80.4329487, 16.3102268 ], [ 80.4329487, 16.3102477 ] ] ] } },
{ "type": "Feature", "properties": { "label": "Pothole", "confidence": 0.28, "on_road": 1, "size_m": 2.1, "gt_road_overlap": 1.0, "gt_roof_overlap": 0.0 }, "geometry": { "type": "Polygon", "coordinates": [ [ [ 80.4324269, 16.309993 ], [ 80.4324467, 16.3099931 ], [ 80.4324467, 16.3099855 ], [ 80.4324269, 16.3099854 ], [ 80.4324269, 16.309993 ] ] ] } },
{ "type": "Feature", "properties": { "label": "Pothole", "confidence": 0.27, "on_road": 0, "size_m": 2.9, "gt_road_overlap": 0.0, "gt_roof_overlap": 1.0 }, "geometry": { "type": "Polygon", "coordinates": [ [ [ 80.4331795, 16.3099325 ], [ 80.4332068, 16.3099326 ], [ 80.4332069, 16.3099094 ], [ 80.4331796, 16.3099094 ], [ 80.4331795, 16.3099325 ] ] ] } },
{ "type": "Feature", "properties": { "label": "Repaired patch", "confidence": 0.82, "on_road": 1, "size_m": 12.6, "gt_road_overlap": 1.0, "gt_roof_overlap": 0.0 }, "geometry": { "type": "Polygon", "coordinates": [ [ [ 80.4344987, 16.3104576 ], [ 80.4345482, 16.3104578 ], [ 80.4345485, 16.3103442 ], [ 80.4344991, 16.3103441 ], [ 80.4344987, 16.3104576 ] ] ] } },
{ "type": "Feature", "properties": { "label": "Pothole", "confidence": 0.75, "on_road": 0, "size_m": 0.6, "gt_road_overlap": 0.0, "gt_roof_overlap": 0.0 }, "geometry": { "type": "Polygon", "coordinates": [ [ [ 80.4341153, 16.3098853 ], [ 80.4341201, 16.3098853 ], [ 80.4341202, 16.3098803 ], [ 80.4341153, 16.3098802 ], [ 80.4341153, 16.3098853 ] ] ] } },
{ "type": "Feature", "properties": { "label": "Pothole", "confidence": 0.72, "on_road": 1, "size_m": 3.3, "gt_road_overlap": 1.0, "gt_roof_overlap": 0.0 }, "geometry": { "type": "Polygon", "coordinates": [ [ [ 80.4336518, 16.3103954 ], [ 80.4336701, 16.3103954 ], [ 80.4336702, 16.3103658 ], [ 80.4336519, 16.3103657 ], [ 80.4336518, 16.3103954 ] ] ] } },
{ "type": "Feature", "properties": { "label": "Repaired patch", "confidence": 0.7, "on_road": 1, "size_m": 6.7, "gt_road_overlap": 1.0, "gt_roof_overlap": 0.0 }, "geometry": { "type": "Polygon", "coordinates": [ [ [ 80.4343798, 16.3110488 ], [ 80.4344111, 16.3110489 ], [ 80.4344113, 16.3109883 ], [ 80.43438, 16.3109882 ], [ 80.4343798, 16.3110488 ] ] ] } },
{ "type": "Feature", "properties": { "label": "Pothole", "confidence": 0.66, "on_road": 1, "size_m": 3.8, "gt_road_overlap": 1.0, "gt_roof_overlap": 0.0 }, "geometry": { "type": "Polygon", "coordinates": [ [ [ 80.4345432, 16.3105351 ], [ 80.4345714, 16.3105352 ], [ 80.4345715, 16.3105005 ], [ 80.4345433, 16.3105004 ], [ 80.4345432, 16.3105351 ] ] ] } },
{ "type": "Feature", "properties": { "label": "Pothole", "confidence": 0.65, "on_road": 1, "size_m": 1.2, "gt_road_overlap": 1.0, "gt_roof_overlap": 0.0 }, "geometry": { "type": "Polygon", "coordinates": [ [ [ 80.4339693, 16.3100664 ], [ 80.4339802, 16.3100665 ], [ 80.4339802, 16.3100569 ], [ 80.4339693, 16.3100569 ], [ 80.4339693, 16.3100664 ] ] ] } },
{ "type": "Feature", "properties": { "label": "Pothole", "confidence": 0.65, "on_road": 0, "size_m": 1.8, "gt_road_overlap": 0.0, "gt_roof_overlap": 1.0 }, "geometry": { "type": "Polygon", "coordinates": [ [ [ 80.4340269, 16.3102434 ], [ 80.4340411, 16.3102434 ], [ 80.4340412, 16.3102275 ], [ 80.4340269, 16.3102275 ], [ 80.4340269, 16.3102434 ] ] ] } },
{ "type": "Feature", "properties": { "label": "Repaired patch", "confidence": 0.58, "on_road": 1, "size_m": 17.4, "gt_road_overlap": 1.0, "gt_roof_overlap": 0.0 }, "geometry": { "type": "Polygon", "coordinates": [ [ [ 80.4343957, 16.3109535 ], [ 80.43445, 16.3109536 ], [ 80.4344505, 16.3107967 ], [ 80.4343962, 16.3107965 ], [ 80.4343957, 16.3109535 ] ] ] } },
{ "type": "Feature", "properties": { "label": "Pothole", "confidence": 0.57, "on_road": 0, "size_m": 1.0, "gt_road_overlap": 0.0, "gt_roof_overlap": 1.0 }, "geometry": { "type": "Polygon", "coordinates": [ [ [ 80.4344303, 16.3099826 ], [ 80.4344396, 16.3099827 ], [ 80.4344396, 16.3099755 ], [ 80.4344303, 16.3099754 ], [ 80.4344303, 16.3099826 ] ] ] } },
{ "type": "Feature", "properties": { "label": "Pothole", "confidence": 0.52, "on_road": 1, "size_m": 1.5, "gt_road_overlap": 1.0, "gt_roof_overlap": 0.0 }, "geometry": { "type": "Polygon", "coordinates": [ [ [ 80.4345212, 16.3100067 ], [ 80.4345308, 16.3100067 ], [ 80.4345309, 16.3099929 ], [ 80.4345212, 16.3099928 ], [ 80.4345212, 16.3100067 ] ] ] } },
{ "type": "Feature", "properties": { "label": "Pothole", "confidence": 0.52, "on_road": 1, "size_m": 1.6, "gt_road_overlap": 1.0, "gt_roof_overlap": 0.0 }, "geometry": { "type": "Polygon", "coordinates": [ [ [ 80.4344418, 16.310295 ], [ 80.4344532, 16.310295 ], [ 80.4344533, 16.3102809 ], [ 80.4344419, 16.3102809 ], [ 80.4344418, 16.310295 ] ] ] } },
{ "type": "Feature", "properties": { "label": "Pothole", "confidence": 0.5, "on_road": 1, "size_m": 3.3, "gt_road_overlap": 1.0, "gt_roof_overlap": 0.0 }, "geometry": { "type": "Polygon", "coordinates": [ [ [ 80.4346238, 16.310182 ], [ 80.4346456, 16.3101821 ], [ 80.4346456, 16.310152 ], [ 80.4346239, 16.3101519 ], [ 80.4346238, 16.310182 ] ] ] } },
{ "type": "Feature", "properties": { "label": "Pothole", "confidence": 0.48, "on_road": 1, "size_m": 1.2, "gt_road_overlap": 1.0, "gt_roof_overlap": 0.0 }, "geometry": { "type": "Polygon", "coordinates": [ [ [ 80.4341305, 16.3105304 ], [ 80.4341421, 16.3105305 ], [ 80.4341421, 16.3105211 ], [ 80.4341305, 16.310521 ], [ 80.4341305, 16.3105304 ] ] ] } },
{ "type": "Feature", "properties": { "label": "Pothole", "confidence": 0.46, "on_road": 0, "size_m": 1.1, "gt_road_overlap": 0.0, "gt_roof_overlap": 1.0 }, "geometry": { "type": "Polygon", "coordinates": [ [ [ 80.4341541, 16.3098073 ], [ 80.4341631, 16.3098073 ], [ 80.4341631, 16.3097976 ], [ 80.4341541, 16.3097975 ], [ 80.4341541, 16.3098073 ] ] ] } },
{ "type": "Feature", "properties": { "label": "Pothole", "confidence": 0.44, "on_road": 1, "size_m": 1.1, "gt_road_overlap": 1.0, "gt_roof_overlap": 0.0 }, "geometry": { "type": "Polygon", "coordinates": [ [ [ 80.4344507, 16.3104693 ], [ 80.4344608, 16.3104693 ], [ 80.4344608, 16.3104599 ], [ 80.4344507, 16.3104599 ], [ 80.4344507, 16.3104693 ] ] ] } },
{ "type": "Feature", "properties": { "label": "Pothole", "confidence": 0.42, "on_road": 1, "size_m": 4.0, "gt_road_overlap": 1.0, "gt_roof_overlap": 0.0 }, "geometry": { "type": "Polygon", "coordinates": [ [ [ 80.4344916, 16.3107916 ], [ 80.4345156, 16.3107916 ], [ 80.4345157, 16.3107558 ], [ 80.4344917, 16.3107558 ], [ 80.4344916, 16.3107916 ] ] ] } },
{ "type": "Feature", "properties": { "label": "Pothole", "confidence": 0.41, "on_road": 0, "size_m": 1.4, "gt_road_overlap": 0.0, "gt_roof_overlap": 0.0 }, "geometry": { "type": "Polygon", "coordinates": [ [ [ 80.4339259, 16.3101165 ], [ 80.4339394, 16.3101165 ], [ 80.4339394, 16.310106 ], [ 80.4339259, 16.310106 ], [ 80.4339259, 16.3101165 ] ] ] } },
{ "type": "Feature", "properties": { "label": "Pothole", "confidence": 0.4, "on_road": 1, "size_m": 1.1, "gt_road_overlap": 1.0, "gt_roof_overlap": 0.0 }, "geometry": { "type": "Polygon", "coordinates": [ [ [ 80.4344448, 16.3104657 ], [ 80.43445, 16.3104657 ], [ 80.4344501, 16.3104557 ], [ 80.4344448, 16.3104556 ], [ 80.4344448, 16.3104657 ] ] ] } },
{ "type": "Feature", "properties": { "label": "Pothole", "confidence": 0.39, "on_road": 1, "size_m": 3.0, "gt_road_overlap": 1.0, "gt_roof_overlap": 0.0 }, "geometry": { "type": "Polygon", "coordinates": [ [ [ 80.4347253, 16.309866 ], [ 80.4347537, 16.309866 ], [ 80.4347538, 16.3098472 ], [ 80.4347253, 16.3098472 ], [ 80.4347253, 16.309866 ] ] ] } },
{ "type": "Feature", "properties": { "label": "Pothole", "confidence": 0.38, "on_road": 0, "size_m": 5.6, "gt_road_overlap": 1.0, "gt_roof_overlap": 0.0 }, "geometry": { "type": "Polygon", "coordinates": [ [ [ 80.4336127, 16.3103647 ], [ 80.4336468, 16.3103648 ], [ 80.4336469, 16.3103138 ], [ 80.4336129, 16.3103137 ], [ 80.4336127, 16.3103647 ] ] ] } },
{ "type": "Feature", "properties": { "label": "Pothole", "confidence": 0.38, "on_road": 1, "size_m": 3.0, "gt_road_overlap": 1.0, "gt_roof_overlap": 0.0 }, "geometry": { "type": "Polygon", "coordinates": [ [ [ 80.4347029, 16.3099332 ], [ 80.434727, 16.3099332 ], [ 80.434727, 16.3099057 ], [ 80.434703, 16.3099057 ], [ 80.4347029, 16.3099332 ] ] ] } },
{ "type": "Feature", "properties": { "label": "Pothole", "confidence": 0.38, "on_road": 0, "size_m": 3.4, "gt_road_overlap": 0.0, "gt_roof_overlap": 0.0 }, "geometry": { "type": "Polygon", "coordinates": [ [ [ 80.4340936, 16.3099115 ], [ 80.4341164, 16.3099115 ], [ 80.4341165, 16.3098811 ], [ 80.4340937, 16.3098811 ], [ 80.4340936, 16.3099115 ] ] ] } },
{ "type": "Feature", "properties": { "label": "Longitudinal crack", "confidence": 0.38, "on_road": 1, "size_m": 1.1, "gt_road_overlap": 1.0, "gt_roof_overlap": 0.0 }, "geometry": { "type": "Polygon", "coordinates": [ [ [ 80.4344783, 16.3104164 ], [ 80.434485, 16.3104164 ], [ 80.434485, 16.3104066 ], [ 80.4344783, 16.3104066 ], [ 80.4344783, 16.3104164 ] ] ] } },
{ "type": "Feature", "properties": { "label": "Pothole", "confidence": 0.37, "on_road": 0, "size_m": 1.6, "gt_road_overlap": 0.0, "gt_roof_overlap": 1.0 }, "geometry": { "type": "Polygon", "coordinates": [ [ [ 80.4338995, 16.3099263 ], [ 80.4339107, 16.3099263 ], [ 80.4339108, 16.3099119 ], [ 80.4338995, 16.3099118 ], [ 80.4338995, 16.3099263 ] ] ] } },
{ "type": "Feature", "properties": { "label": "Pothole", "confidence": 0.35, "on_road": 0, "size_m": 4.1, "gt_road_overlap": 1.0, "gt_roof_overlap": 0.0 }, "geometry": { "type": "Polygon", "coordinates": [ [ [ 80.4344186, 16.3108342 ], [ 80.4344516, 16.3108343 ], [ 80.4344517, 16.3107975 ], [ 80.4344188, 16.3107974 ], [ 80.4344186, 16.3108342 ] ] ] } },
{ "type": "Feature", "properties": { "label": "Pothole", "confidence": 0.34, "on_road": 1, "size_m": 3.6, "gt_road_overlap": 1.0, "gt_roof_overlap": 0.0 }, "geometry": { "type": "Polygon", "coordinates": [ [ [ 80.4345907, 16.3103219 ], [ 80.4346154, 16.310322 ], [ 80.4346155, 16.3102895 ], [ 80.4345908, 16.3102894 ], [ 80.4345907, 16.3103219 ] ] ] } },
{ "type": "Feature", "properties": { "label": "Pothole", "confidence": 0.34, "on_road": 1, "size_m": 0.9, "gt_road_overlap": 1.0, "gt_roof_overlap": 0.0 }, "geometry": { "type": "Polygon", "coordinates": [ [ [ 80.4345154, 16.3099262 ], [ 80.4345229, 16.3099262 ], [ 80.4345229, 16.3099182 ], [ 80.4345154, 16.3099182 ], [ 80.4345154, 16.3099262 ] ] ] } },
{ "type": "Feature", "properties": { "label": "Pothole", "confidence": 0.34, "on_road": 1, "size_m": 0.8, "gt_road_overlap": 1.0, "gt_roof_overlap": 0.0 }, "geometry": { "type": "Polygon", "coordinates": [ [ [ 80.4347337, 16.3097984 ], [ 80.4347412, 16.3097984 ], [ 80.4347412, 16.3097915 ], [ 80.4347337, 16.3097915 ], [ 80.4347337, 16.3097984 ] ] ] } },
{ "type": "Feature", "properties": { "label": "Pothole", "confidence": 0.33, "on_road": 0, "size_m": 6.0, "gt_road_overlap": 0.0, "gt_roof_overlap": 0.706 }, "geometry": { "type": "Polygon", "coordinates": [ [ [ 80.4341269, 16.3098879 ], [ 80.4341832, 16.309888 ], [ 80.4341833, 16.309871 ], [ 80.4341269, 16.3098709 ], [ 80.4341269, 16.3098879 ] ] ] } },
{ "type": "Feature", "properties": { "label": "Pothole", "confidence": 0.31, "on_road": 1, "size_m": 3.6, "gt_road_overlap": 1.0, "gt_roof_overlap": 0.0 }, "geometry": { "type": "Polygon", "coordinates": [ [ [ 80.4345011, 16.3107379 ], [ 80.4345255, 16.3107379 ], [ 80.4345255, 16.3107054 ], [ 80.4345012, 16.3107053 ], [ 80.4345011, 16.3107379 ] ] ] } },
{ "type": "Feature", "properties": { "label": "Repaired patch", "confidence": 0.31, "on_road": 1, "size_m": 6.1, "gt_road_overlap": 1.0, "gt_roof_overlap": 0.0 }, "geometry": { "type": "Polygon", "coordinates": [ [ [ 80.4344751, 16.3105984 ], [ 80.4345122, 16.3105985 ], [ 80.4345123, 16.3105436 ], [ 80.4344753, 16.3105435 ], [ 80.4344751, 16.3105984 ] ] ] } },
{ "type": "Feature", "properties": { "label": "Pothole", "confidence": 0.3, "on_road": 0, "size_m": 9.0, "gt_road_overlap": 0.0, "gt_roof_overlap": 1.0 }, "geometry": { "type": "Polygon", "coordinates": [ [ [ 80.4339751, 16.3099247 ], [ 80.434059, 16.3099249 ], [ 80.4340591, 16.3098899 ], [ 80.4339752, 16.3098896 ], [ 80.4339751, 16.3099247 ] ] ] } },
{ "type": "Feature", "properties": { "label": "Pothole", "confidence": 0.28, "on_road": 1, "size_m": 3.2, "gt_road_overlap": 1.0, "gt_roof_overlap": 0.0 }, "geometry": { "type": "Polygon", "coordinates": [ [ [ 80.4346358, 16.3101257 ], [ 80.4346586, 16.3101258 ], [ 80.4346587, 16.3100965 ], [ 80.4346359, 16.3100964 ], [ 80.4346358, 16.3101257 ] ] ] } },
{ "type": "Feature", "properties": { "label": "Pothole", "confidence": 0.28, "on_road": 1, "size_m": 1.2, "gt_road_overlap": 1.0, "gt_roof_overlap": 0.0 }, "geometry": { "type": "Polygon", "coordinates": [ [ [ 80.4336377, 16.3099651 ], [ 80.4336485, 16.3099651 ], [ 80.4336485, 16.3099569 ], [ 80.4336377, 16.3099569 ], [ 80.4336377, 16.3099651 ] ] ] } },
{ "type": "Feature", "properties": { "label": "Pothole", "confidence": 0.26, "on_road": 1, "size_m": 1.6, "gt_road_overlap": 1.0, "gt_roof_overlap": 0.0 }, "geometry": { "type": "Polygon", "coordinates": [ [ [ 80.4337448, 16.3107169 ], [ 80.4337523, 16.3107169 ], [ 80.4337524, 16.3107021 ], [ 80.4337449, 16.3107021 ], [ 80.4337448, 16.3107169 ] ] ] } },
{ "type": "Feature", "properties": { "label": "Pothole", "confidence": 0.26, "on_road": 0, "size_m": 6.6, "gt_road_overlap": 0.446, "gt_roof_overlap": 0.089 }, "geometry": { "type": "Polygon", "coordinates": [ [ [ 80.4341833, 16.3105743 ], [ 80.4342447, 16.3105745 ], [ 80.4342448, 16.3105481 ], [ 80.4341834, 16.3105479 ], [ 80.4341833, 16.3105743 ] ] ] } },
{ "type": "Feature", "properties": { "label": "Pothole", "confidence": 0.25, "on_road": 1, "size_m": 1.9, "gt_road_overlap": 1.0, "gt_roof_overlap": 0.0 }, "geometry": { "type": "Polygon", "coordinates": [ [ [ 80.4344855, 16.3108344 ], [ 80.4345035, 16.3108344 ], [ 80.4345035, 16.3108249 ], [ 80.4344855, 16.3108248 ], [ 80.4344855, 16.3108344 ] ] ] } },
{ "type": "Feature", "properties": { "label": "Pothole", "confidence": 0.78, "on_road": 1, "size_m": 0.8, "gt_road_overlap": 1.0, "gt_roof_overlap": 0.0 }, "geometry": { "type": "Polygon", "coordinates": [ [ [ 80.4355478, 16.3101697 ], [ 80.435553, 16.3101697 ], [ 80.435553, 16.3101626 ], [ 80.4355478, 16.3101626 ], [ 80.4355478, 16.3101697 ] ] ] } },
{ "type": "Feature", "properties": { "label": "Pothole", "confidence": 0.61, "on_road": 0, "size_m": 0.6, "gt_road_overlap": 1.0, "gt_roof_overlap": 1.0 }, "geometry": { "type": "Polygon", "coordinates": [ [ [ 80.4357518, 16.3109657 ], [ 80.4357576, 16.3109657 ], [ 80.4357576, 16.3109608 ], [ 80.4357518, 16.3109608 ], [ 80.4357518, 16.3109657 ] ] ] } },
{ "type": "Feature", "properties": { "label": "Pothole", "confidence": 0.57, "on_road": 0, "size_m": 1.3, "gt_road_overlap": 0.0, "gt_roof_overlap": 1.0 }, "geometry": { "type": "Polygon", "coordinates": [ [ [ 80.4354972, 16.3104985 ], [ 80.4355058, 16.3104985 ], [ 80.4355059, 16.3104869 ], [ 80.4354973, 16.3104869 ], [ 80.4354972, 16.3104985 ] ] ] } },
{ "type": "Feature", "properties": { "label": "Pothole", "confidence": 0.56, "on_road": 0, "size_m": 2.4, "gt_road_overlap": 0.728, "gt_roof_overlap": 0.71 }, "geometry": { "type": "Polygon", "coordinates": [ [ [ 80.4356319, 16.3109118 ], [ 80.4356545, 16.3109118 ], [ 80.4356545, 16.3108905 ], [ 80.4356319, 16.3108904 ], [ 80.4356319, 16.3109118 ] ] ] } },
{ "type": "Feature", "properties": { "label": "Pothole", "confidence": 0.52, "on_road": 0, "size_m": 2.3, "gt_road_overlap": 1.0, "gt_roof_overlap": 0.525 }, "geometry": { "type": "Polygon", "coordinates": [ [ [ 80.4355927, 16.3103716 ], [ 80.4355991, 16.3103716 ], [ 80.4355991, 16.3103512 ], [ 80.4355927, 16.3103512 ], [ 80.4355927, 16.3103716 ] ] ] } },
{ "type": "Feature", "properties": { "label": "Pothole", "confidence": 0.43, "on_road": 0, "size_m": 1.2, "gt_road_overlap": 1.0, "gt_roof_overlap": 1.0 }, "geometry": { "type": "Polygon", "coordinates": [ [ [ 80.4351847, 16.3102478 ], [ 80.435196, 16.3102478 ], [ 80.435196, 16.3102391 ], [ 80.4351848, 16.3102391 ], [ 80.4351847, 16.3102478 ] ] ] } },
{ "type": "Feature", "properties": { "label": "Pothole", "confidence": 0.42, "on_road": 1, "size_m": 1.9, "gt_road_overlap": 1.0, "gt_roof_overlap": 0.0 }, "geometry": { "type": "Polygon", "coordinates": [ [ [ 80.435581, 16.3102595 ], [ 80.4355893, 16.3102595 ], [ 80.4355893, 16.3102422 ], [ 80.4355811, 16.3102421 ], [ 80.435581, 16.3102595 ] ] ] } },
{ "type": "Feature", "properties": { "label": "Pothole", "confidence": 0.41, "on_road": 0, "size_m": 1.9, "gt_road_overlap": 0.0, "gt_roof_overlap": 1.0 }, "geometry": { "type": "Polygon", "coordinates": [ [ [ 80.4357627, 16.309915 ], [ 80.4357806, 16.3099151 ], [ 80.4357807, 16.3099024 ], [ 80.4357627, 16.3099024 ], [ 80.4357627, 16.309915 ] ] ] } },
{ "type": "Feature", "properties": { "label": "Pothole", "confidence": 0.37, "on_road": 1, "size_m": 0.9, "gt_road_overlap": 1.0, "gt_roof_overlap": 0.0 }, "geometry": { "type": "Polygon", "coordinates": [ [ [ 80.4357608, 16.3109072 ], [ 80.4357696, 16.3109072 ], [ 80.4357696, 16.3109015 ], [ 80.4357608, 16.3109014 ], [ 80.4357608, 16.3109072 ] ] ] } },
{ "type": "Feature", "properties": { "label": "Pothole", "confidence": 0.35, "on_road": 1, "size_m": 1.9, "gt_road_overlap": 1.0, "gt_roof_overlap": 0.0 }, "geometry": { "type": "Polygon", "coordinates": [ [ [ 80.4355415, 16.3102084 ], [ 80.4355591, 16.3102085 ], [ 80.4355591, 16.3102005 ], [ 80.4355415, 16.3102005 ], [ 80.4355415, 16.3102084 ] ] ] } },
{ "type": "Feature", "properties": { "label": "Pothole", "confidence": 0.33, "on_road": 0, "size_m": 1.8, "gt_road_overlap": 0.0, "gt_roof_overlap": 1.0 }, "geometry": { "type": "Polygon", "coordinates": [ [ [ 80.4357749, 16.3098926 ], [ 80.4357822, 16.3098927 ], [ 80.4357823, 16.309876 ], [ 80.435775, 16.309876 ], [ 80.4357749, 16.3098926 ] ] ] } },
{ "type": "Feature", "properties": { "label": "Pothole", "confidence": 0.33, "on_road": 1, "size_m": 0.8, "gt_road_overlap": 1.0, "gt_roof_overlap": 0.0 }, "geometry": { "type": "Polygon", "coordinates": [ [ [ 80.4358078, 16.3110185 ], [ 80.4358123, 16.3110186 ], [ 80.4358123, 16.3110113 ], [ 80.4358078, 16.3110113 ], [ 80.4358078, 16.3110185 ] ] ] } },
{ "type": "Feature", "properties": { "label": "Pothole", "confidence": 0.31, "on_road": 1, "size_m": 0.6, "gt_road_overlap": 1.0, "gt_roof_overlap": 0.0 }, "geometry": { "type": "Polygon", "coordinates": [ [ [ 80.4355482, 16.3101573 ], [ 80.4355534, 16.3101573 ], [ 80.4355534, 16.3101528 ], [ 80.4355482, 16.3101528 ], [ 80.4355482, 16.3101573 ] ] ] } },
{ "type": "Feature", "properties": { "label": "Pothole", "confidence": 0.3, "on_road": 0, "size_m": 1.4, "gt_road_overlap": 0.0, "gt_roof_overlap": 0.0 }, "geometry": { "type": "Polygon", "coordinates": [ [ [ 80.4359719, 16.3099102 ], [ 80.4359848, 16.3099102 ], [ 80.4359849, 16.3098983 ], [ 80.4359719, 16.3098982 ], [ 80.4359719, 16.3099102 ] ] ] } },
{ "type": "Feature", "properties": { "label": "Pothole", "confidence": 0.3, "on_road": 1, "size_m": 0.8, "gt_road_overlap": 1.0, "gt_roof_overlap": 0.0 }, "geometry": { "type": "Polygon", "coordinates": [ [ [ 80.435711, 16.3107625 ], [ 80.4357159, 16.3107626 ], [ 80.4357159, 16.3107558 ], [ 80.435711, 16.3107558 ], [ 80.435711, 16.3107625 ] ] ] } },
{ "type": "Feature", "properties": { "label": "Pothole", "confidence": 0.28, "on_road": 0, "size_m": 1.4, "gt_road_overlap": 0.0, "gt_roof_overlap": 1.0 }, "geometry": { "type": "Polygon", "coordinates": [ [ [ 80.4358914, 16.3102096 ], [ 80.4359022, 16.3102096 ], [ 80.4359023, 16.3101969 ], [ 80.4358914, 16.3101969 ], [ 80.4358914, 16.3102096 ] ] ] } },
{ "type": "Feature", "properties": { "label": "Pothole", "confidence": 0.28, "on_road": 0, "size_m": 2.4, "gt_road_overlap": 0.0, "gt_roof_overlap": 0.0 }, "geometry": { "type": "Polygon", "coordinates": [ [ [ 80.4349387, 16.3099231 ], [ 80.4349515, 16.3099232 ], [ 80.4349515, 16.3099015 ], [ 80.4349388, 16.3099014 ], [ 80.4349387, 16.3099231 ] ] ] } },
{ "type": "Feature", "properties": { "label": "Pothole", "confidence": 0.67, "on_road": 1, "size_m": 0.8, "gt_road_overlap": 1.0, "gt_roof_overlap": 0.0 }, "geometry": { "type": "Polygon", "coordinates": [ [ [ 80.4373981, 16.3100666 ], [ 80.4374056, 16.3100666 ], [ 80.4374056, 16.310059 ], [ 80.4373981, 16.310059 ], [ 80.4373981, 16.3100666 ] ] ] } },
{ "type": "Feature", "properties": { "label": "Pothole", "confidence": 0.62, "on_road": 0, "size_m": 1.1, "gt_road_overlap": 1.0, "gt_roof_overlap": 0.386 }, "geometry": { "type": "Polygon", "coordinates": [ [ [ 80.4373789, 16.3098736 ], [ 80.4373857, 16.3098736 ], [ 80.4373857, 16.3098638 ], [ 80.437379, 16.3098638 ], [ 80.4373789, 16.3098736 ] ] ] } },
{ "type": "Feature", "properties": { "label": "Pothole", "confidence": 0.61, "on_road": 1, "size_m": 1.4, "gt_road_overlap": 1.0, "gt_roof_overlap": 0.0 }, "geometry": { "type": "Polygon", "coordinates": [ [ [ 80.4373979, 16.3100069 ], [ 80.4374077, 16.3100069 ], [ 80.4374077, 16.3099946 ], [ 80.437398, 16.3099946 ], [ 80.4373979, 16.3100069 ] ] ] } },
{ "type": "Feature", "properties": { "label": "Pothole", "confidence": 0.45, "on_road": 1, "size_m": 0.6, "gt_road_overlap": 1.0, "gt_roof_overlap": 0.0 }, "geometry": { "type": "Polygon", "coordinates": [ [ [ 80.4366697, 16.3110295 ], [ 80.436675, 16.3110295 ], [ 80.436675, 16.3110246 ], [ 80.4366697, 16.3110246 ], [ 80.4366697, 16.3110295 ] ] ] } },
{ "type": "Feature", "properties": { "label": "Pothole", "confidence": 0.44, "on_road": 1, "size_m": 0.9, "gt_road_overlap": 1.0, "gt_roof_overlap": 0.0 }, "geometry": { "type": "Polygon", "coordinates": [ [ [ 80.436756, 16.3106296 ], [ 80.4367629, 16.3106297 ], [ 80.4367629, 16.3106213 ], [ 80.436756, 16.3106213 ], [ 80.436756, 16.3106296 ] ] ] } },
{ "type": "Feature", "properties": { "label": "Pothole", "confidence": 0.43, "on_road": 0, "size_m": 0.6, "gt_road_overlap": 0.0, "gt_roof_overlap": 0.0 }, "geometry": { "type": "Polygon", "coordinates": [ [ [ 80.4373332, 16.3106413 ], [ 80.4373384, 16.3106413 ], [ 80.4373385, 16.3106355 ], [ 80.4373332, 16.3106355 ], [ 80.4373332, 16.3106413 ] ] ] } },
{ "type": "Feature", "properties": { "label": "Transverse crack", "confidence": 0.43, "on_road": 1, "size_m": 2.2, "gt_road_overlap": 1.0, "gt_roof_overlap": 0.0 }, "geometry": { "type": "Polygon", "coordinates": [ [ [ 80.4368815, 16.3100261 ], [ 80.4369017, 16.3100262 ], [ 80.4369018, 16.3100197 ], [ 80.4368815, 16.3100196 ], [ 80.4368815, 16.3100261 ] ] ] } },
{ "type": "Feature", "properties": { "label": "Pothole", "confidence": 0.4, "on_road": 1, "size_m": 1.5, "gt_road_overlap": 1.0, "gt_roof_overlap": 0.0 }, "geometry": { "type": "Polygon", "coordinates": [ [ [ 80.436666, 16.3110046 ], [ 80.4366802, 16.3110047 ], [ 80.4366802, 16.3109976 ], [ 80.436666, 16.3109976 ], [ 80.436666, 16.3110046 ] ] ] } },
{ "type": "Feature", "properties": { "label": "Pothole", "confidence": 0.37, "on_road": 0, "size_m": 2.0, "gt_road_overlap": 0.0, "gt_roof_overlap": 1.0 }, "geometry": { "type": "Polygon", "coordinates": [ [ [ 80.4364423, 16.3099291 ], [ 80.4364609, 16.3099292 ], [ 80.436461, 16.3099219 ], [ 80.4364423, 16.3099219 ], [ 80.4364423, 16.3099291 ] ] ] } },
{ "type": "Feature", "properties": { "label": "Pothole", "confidence": 0.34, "on_road": 0, "size_m": 1.4, "gt_road_overlap": 0.0, "gt_roof_overlap": 1.0 }, "geometry": { "type": "Polygon", "coordinates": [ [ [ 80.4365363, 16.3104108 ], [ 80.4365491, 16.3104109 ], [ 80.4365491, 16.3104026 ], [ 80.4365363, 16.3104025 ], [ 80.4365363, 16.3104108 ] ] ] } },
{ "type": "Feature", "properties": { "label": "Transverse crack", "confidence": 0.31, "on_road": 1, "size_m": 1.0, "gt_road_overlap": 1.0, "gt_roof_overlap": 0.0 }, "geometry": { "type": "Polygon", "coordinates": [ [ [ 80.437042, 16.3103256 ], [ 80.4370507, 16.3103256 ], [ 80.4370507, 16.3103169 ], [ 80.4370421, 16.3103169 ], [ 80.437042, 16.3103256 ] ] ] } },
{ "type": "Feature", "properties": { "label": "Pothole", "confidence": 0.3, "on_road": 0, "size_m": 4.4, "gt_road_overlap": 1.0, "gt_roof_overlap": 0.0 }, "geometry": { "type": "Polygon", "coordinates": [ [ [ 80.4364365, 16.3099867 ], [ 80.4364777, 16.3099869 ], [ 80.4364778, 16.3099645 ], [ 80.4364366, 16.3099644 ], [ 80.4364365, 16.3099867 ] ] ] } },
{ "type": "Feature", "properties": { "label": "Pothole", "confidence": 0.27, "on_road": 0, "size_m": 5.2, "gt_road_overlap": 0.508, "gt_roof_overlap": 0.04 }, "geometry": { "type": "Polygon", "coordinates": [ [ [ 80.4366683, 16.3099999 ], [ 80.4367173, 16.3100001 ], [ 80.4367174, 16.3099729 ], [ 80.4366684, 16.3099728 ], [ 80.4366683, 16.3099999 ] ] ] } },
{ "type": "Feature", "properties": { "label": "Pothole", "confidence": 0.26, "on_road": 1, "size_m": 1.2, "gt_road_overlap": 1.0, "gt_roof_overlap": 0.0 }, "geometry": { "type": "Polygon", "coordinates": [ [ [ 80.43622, 16.3102033 ], [ 80.4362308, 16.3102034 ], [ 80.4362309, 16.310194 ], [ 80.43622, 16.3101939 ], [ 80.43622, 16.3102033 ] ] ] } },
{ "type": "Feature", "properties": { "label": "Pothole", "confidence": 0.8, "on_road": 1, "size_m": 0.9, "gt_road_overlap": 1.0, "gt_roof_overlap": 0.0 }, "geometry": { "type": "Polygon", "coordinates": [ [ [ 80.4382951, 16.3104516 ], [ 80.4383037, 16.3104516 ], [ 80.4383037, 16.3104444 ], [ 80.4382951, 16.3104444 ], [ 80.4382951, 16.3104516 ] ] ] } },
{ "type": "Feature", "properties": { "label": "Pothole", "confidence": 0.79, "on_road": 1, "size_m": 1.1, "gt_road_overlap": 1.0, "gt_roof_overlap": 0.0 }, "geometry": { "type": "Polygon", "coordinates": [ [ [ 80.4377446, 16.3102942 ], [ 80.4377506, 16.3102942 ], [ 80.4377506, 16.3102841 ], [ 80.4377446, 16.3102841 ], [ 80.4377446, 16.3102942 ] ] ] } },
{ "type": "Feature", "properties": { "label": "Pothole", "confidence": 0.77, "on_road": 1, "size_m": 0.9, "gt_road_overlap": 1.0, "gt_roof_overlap": 0.0 }, "geometry": { "type": "Polygon", "coordinates": [ [ [ 80.438164, 16.3105217 ], [ 80.4381711, 16.3105217 ], [ 80.4381712, 16.3105134 ], [ 80.4381641, 16.3105133 ], [ 80.438164, 16.3105217 ] ] ] } },
{ "type": "Feature", "properties": { "label": "Pothole", "confidence": 0.62, "on_road": 1, "size_m": 0.9, "gt_road_overlap": 1.0, "gt_roof_overlap": 0.0 }, "geometry": { "type": "Polygon", "coordinates": [ [ [ 80.4377393, 16.310301 ], [ 80.4377475, 16.3103011 ], [ 80.4377476, 16.3102931 ], [ 80.4377393, 16.3102931 ], [ 80.4377393, 16.310301 ] ] ] } },
{ "type": "Feature", "properties": { "label": "Pothole", "confidence": 0.61, "on_road": 1, "size_m": 1.3, "gt_road_overlap": 1.0, "gt_roof_overlap": 0.0 }, "geometry": { "type": "Polygon", "coordinates": [ [ [ 80.4385559, 16.3099286 ], [ 80.4385634, 16.3099286 ], [ 80.4385634, 16.3099171 ], [ 80.4385559, 16.309917 ], [ 80.4385559, 16.3099286 ] ] ] } },
{ "type": "Feature", "properties": { "label": "Pothole", "confidence": 0.6, "on_road": 1, "size_m": 1.4, "gt_road_overlap": 1.0, "gt_roof_overlap": 0.0 }, "geometry": { "type": "Polygon", "coordinates": [ [ [ 80.4387489, 16.3099197 ], [ 80.4387575, 16.3099197 ], [ 80.4387576, 16.3099071 ], [ 80.438749, 16.3099071 ], [ 80.4387489, 16.3099197 ] ] ] } },
{ "type": "Feature", "properties": { "label": "Pothole", "confidence": 0.57, "on_road": 1, "size_m": 0.8, "gt_road_overlap": 1.0, "gt_roof_overlap": 0.0 }, "geometry": { "type": "Polygon", "coordinates": [ [ [ 80.4376841, 16.3101141 ], [ 80.4376889, 16.3101142 ], [ 80.4376889, 16.3101073 ], [ 80.4376841, 16.3101073 ], [ 80.4376841, 16.3101141 ] ] ] } },
{ "type": "Feature", "properties": { "label": "Pothole", "confidence": 0.53, "on_road": 1, "size_m": 0.8, "gt_road_overlap": 1.0, "gt_roof_overlap": 0.0 }, "geometry": { "type": "Polygon", "coordinates": [ [ [ 80.4386769, 16.3103659 ], [ 80.438681, 16.3103659 ], [ 80.438681, 16.3103591 ], [ 80.4386769, 16.310359 ], [ 80.4386769, 16.3103659 ] ] ] } },
{ "type": "Feature", "properties": { "label": "Pothole", "confidence": 0.44, "on_road": 0, "size_m": 1.2, "gt_road_overlap": 0.0, "gt_roof_overlap": 0.0 }, "geometry": { "type": "Polygon", "coordinates": [ [ [ 80.4382571, 16.3105217 ], [ 80.4382679, 16.3105217 ], [ 80.438268, 16.3105131 ], [ 80.4382571, 16.3105131 ], [ 80.4382571, 16.3105217 ] ] ] } },
{ "type": "Feature", "properties": { "label": "Pothole", "confidence": 0.42, "on_road": 0, "size_m": 0.7, "gt_road_overlap": 0.0, "gt_roof_overlap": 1.0 }, "geometry": { "type": "Polygon", "coordinates": [ [ [ 80.437722, 16.3099965 ], [ 80.4377288, 16.3099966 ], [ 80.4377288, 16.3099922 ], [ 80.437722, 16.3099922 ], [ 80.437722, 16.3099965 ] ] ] } },
{ "type": "Feature", "properties": { "label": "Pothole", "confidence": 0.41, "on_road": 0, "size_m": 1.2, "gt_road_overlap": 0.0, "gt_roof_overlap": 1.0 }, "geometry": { "type": "Polygon", "coordinates": [ [ [ 80.4375251, 16.310744 ], [ 80.4375333, 16.310744 ], [ 80.4375334, 16.3107333 ], [ 80.4375251, 16.3107333 ], [ 80.4375251, 16.310744 ] ] ] } },
{ "type": "Feature", "properties": { "label": "Pothole", "confidence": 0.37, "on_road": 0, "size_m": 1.3, "gt_road_overlap": 0.0, "gt_roof_overlap": 0.0 }, "geometry": { "type": "Polygon", "coordinates": [ [ [ 80.43828, 16.3105484 ], [ 80.438292, 16.3105484 ], [ 80.438292, 16.3105411 ], [ 80.43828, 16.3105411 ], [ 80.43828, 16.3105484 ] ] ] } },
{ "type": "Feature", "properties": { "label": "Pothole", "confidence": 0.35, "on_road": 0, "size_m": 1.7, "gt_road_overlap": 0.0, "gt_roof_overlap": 1.0 }, "geometry": { "type": "Polygon", "coordinates": [ [ [ 80.4379901, 16.3097879 ], [ 80.4380059, 16.3097879 ], [ 80.4380059, 16.3097756 ], [ 80.4379902, 16.3097756 ], [ 80.4379901, 16.3097879 ] ] ] } },
{ "type": "Feature", "properties": { "label": "Pothole", "confidence": 0.33, "on_road": 1, "size_m": 0.8, "gt_road_overlap": 1.0, "gt_roof_overlap": 0.0 }, "geometry": { "type": "Polygon", "coordinates": [ [ [ 80.4380312, 16.3101526 ], [ 80.4380372, 16.3101526 ], [ 80.4380372, 16.310145 ], [ 80.4380312, 16.310145 ], [ 80.4380312, 16.3101526 ] ] ] } },
{ "type": "Feature", "properties": { "label": "Pothole", "confidence": 0.33, "on_road": 1, "size_m": 1.0, "gt_road_overlap": 1.0, "gt_roof_overlap": 0.0 }, "geometry": { "type": "Polygon", "coordinates": [ [ [ 80.4383007, 16.3109024 ], [ 80.4383093, 16.3109024 ], [ 80.4383094, 16.310893 ], [ 80.4383008, 16.310893 ], [ 80.4383007, 16.3109024 ] ] ] } },
{ "type": "Feature", "properties": { "label": "Pothole", "confidence": 0.33, "on_road": 1, "size_m": 0.6, "gt_road_overlap": 1.0, "gt_roof_overlap": 0.0 }, "geometry": { "type": "Polygon", "coordinates": [ [ [ 80.4385557, 16.3099868 ], [ 80.4385617, 16.3099868 ], [ 80.4385617, 16.3099818 ], [ 80.4385557, 16.3099818 ], [ 80.4385557, 16.3099868 ] ] ] } },
{ "type": "Feature", "properties": { "label": "Pothole", "confidence": 0.31, "on_road": 1, "size_m": 0.9, "gt_road_overlap": 1.0, "gt_roof_overlap": 0.0 }, "geometry": { "type": "Polygon", "coordinates": [ [ [ 80.4379768, 16.3099851 ], [ 80.4379851, 16.3099851 ], [ 80.4379851, 16.3099779 ], [ 80.4379769, 16.3099779 ], [ 80.4379768, 16.3099851 ] ] ] } },
{ "type": "Feature", "properties": { "label": "Pothole", "confidence": 0.29, "on_road": 1, "size_m": 2.1, "gt_road_overlap": 1.0, "gt_roof_overlap": 0.0 }, "geometry": { "type": "Polygon", "coordinates": [ [ [ 80.4383027, 16.3104663 ], [ 80.4383226, 16.3104663 ], [ 80.4383226, 16.3104585 ], [ 80.4383027, 16.3104585 ], [ 80.4383027, 16.3104663 ] ] ] } },
{ "type": "Feature", "properties": { "label": "Pothole", "confidence": 0.29, "on_road": 1, "size_m": 1.3, "gt_road_overlap": 1.0, "gt_roof_overlap": 0.0 }, "geometry": { "type": "Polygon", "coordinates": [ [ [ 80.4383042, 16.3099448 ], [ 80.4383132, 16.3099449 ], [ 80.4383132, 16.3099328 ], [ 80.4383042, 16.3099327 ], [ 80.4383042, 16.3099448 ] ] ] } },
{ "type": "Feature", "properties": { "label": "Pothole", "confidence": 0.28, "on_road": 1, "size_m": 1.0, "gt_road_overlap": 1.0, "gt_roof_overlap": 0.0 }, "geometry": { "type": "Polygon", "coordinates": [ [ [ 80.4379905, 16.31051 ], [ 80.4379995, 16.31051 ], [ 80.4379995, 16.3105017 ], [ 80.4379905, 16.3105017 ], [ 80.4379905, 16.31051 ] ] ] } },
{ "type": "Feature", "properties": { "label": "Pothole", "confidence": 0.28, "on_road": 0, "size_m": 0.9, "gt_road_overlap": 1.0, "gt_roof_overlap": 1.0 }, "geometry": { "type": "Polygon", "coordinates": [ [ [ 80.4384986, 16.3098176 ], [ 80.438507, 16.3098177 ], [ 80.4385071, 16.3098104 ], [ 80.4384986, 16.3098104 ], [ 80.4384986, 16.3098176 ] ] ] } },
{ "type": "Feature", "properties": { "label": "Pothole", "confidence": 0.28, "on_road": 1, "size_m": 0.7, "gt_road_overlap": 1.0, "gt_roof_overlap": 0.0 }, "geometry": { "type": "Polygon", "coordinates": [ [ [ 80.4382091, 16.3107474 ], [ 80.4382158, 16.3107474 ], [ 80.4382158, 16.310742 ], [ 80.4382091, 16.310742 ], [ 80.4382091, 16.3107474 ] ] ] } },
{ "type": "Feature", "properties": { "label": "Pothole", "confidence": 0.28, "on_road": 1, "size_m": 0.6, "gt_road_overlap": 1.0, "gt_roof_overlap": 0.0 }, "geometry": { "type": "Polygon", "coordinates": [ [ [ 80.4378067, 16.310574 ], [ 80.4378125, 16.3105741 ], [ 80.4378125, 16.3105694 ], [ 80.4378067, 16.3105693 ], [ 80.4378067, 16.310574 ] ] ] } },
{ "type": "Feature", "properties": { "label": "Pothole", "confidence": 0.27, "on_road": 1, "size_m": 1.1, "gt_road_overlap": 0.707, "gt_roof_overlap": 0.0 }, "geometry": { "type": "Polygon", "coordinates": [ [ [ 80.4387731, 16.3103034 ], [ 80.4387817, 16.3103035 ], [ 80.4387817, 16.3102933 ], [ 80.4387731, 16.3102933 ], [ 80.4387731, 16.3103034 ] ] ] } },
{ "type": "Feature", "properties": { "label": "Pothole", "confidence": 0.26, "on_road": 1, "size_m": 2.5, "gt_road_overlap": 1.0, "gt_roof_overlap": 0.0 }, "geometry": { "type": "Polygon", "coordinates": [ [ [ 80.4377927, 16.3104744 ], [ 80.4378049, 16.3104744 ], [ 80.437805, 16.310452 ], [ 80.4377928, 16.310452 ], [ 80.4377927, 16.3104744 ] ] ] } },
{ "type": "Feature", "properties": { "label": "Pothole", "confidence": 0.26, "on_road": 1, "size_m": 0.7, "gt_road_overlap": 1.0, "gt_roof_overlap": 0.0 }, "geometry": { "type": "Polygon", "coordinates": [ [ [ 80.4382873, 16.310872 ], [ 80.4382941, 16.310872 ], [ 80.4382941, 16.3108677 ], [ 80.4382874, 16.3108677 ], [ 80.4382873, 16.310872 ] ] ] } },
{ "type": "Feature", "properties": { "label": "Pothole", "confidence": 0.86, "on_road": 1, "size_m": 1.0, "gt_road_overlap": 1.0, "gt_roof_overlap": 0.0 }, "geometry": { "type": "Polygon", "coordinates": [ [ [ 80.4396309, 16.3105812 ], [ 80.4396395, 16.3105813 ], [ 80.4396395, 16.3105726 ], [ 80.4396309, 16.3105726 ], [ 80.4396309, 16.3105812 ] ] ] } },
{ "type": "Feature", "properties": { "label": "Pothole", "confidence": 0.85, "on_road": 1, "size_m": 1.3, "gt_road_overlap": 1.0, "gt_roof_overlap": 0.0 }, "geometry": { "type": "Polygon", "coordinates": [ [ [ 80.4393294, 16.3108827 ], [ 80.4393406, 16.3108828 ], [ 80.4393406, 16.3108708 ], [ 80.4393294, 16.3108708 ], [ 80.4393294, 16.3108827 ] ] ] } },
{ "type": "Feature", "properties": { "label": "Pothole", "confidence": 0.83, "on_road": 1, "size_m": 0.9, "gt_road_overlap": 1.0, "gt_roof_overlap": 0.0 }, "geometry": { "type": "Polygon", "coordinates": [ [ [ 80.4391988, 16.3100337 ], [ 80.4392046, 16.3100337 ], [ 80.4392046, 16.3100258 ], [ 80.4391988, 16.3100258 ], [ 80.4391988, 16.3100337 ] ] ] } },
{ "type": "Feature", "properties": { "label": "Pothole", "confidence": 0.73, "on_road": 0, "size_m": 0.8, "gt_road_overlap": 1.0, "gt_roof_overlap": 1.0 }, "geometry": { "type": "Polygon", "coordinates": [ [ [ 80.4399825, 16.3102041 ], [ 80.4399898, 16.3102042 ], [ 80.4399898, 16.3101965 ], [ 80.4399825, 16.3101965 ], [ 80.4399825, 16.3102041 ] ] ] } },
{ "type": "Feature", "properties": { "label": "Pothole", "confidence": 0.69, "on_road": 1, "size_m": 1.4, "gt_road_overlap": 1.0, "gt_roof_overlap": 0.0 }, "geometry": { "type": "Polygon", "coordinates": [ [ [ 80.4392025, 16.3098933 ], [ 80.4392085, 16.3098933 ], [ 80.4392085, 16.309881 ], [ 80.4392026, 16.309881 ], [ 80.4392025, 16.3098933 ] ] ] } },
{ "type": "Feature", "properties": { "label": "Pothole", "confidence": 0.65, "on_road": 1, "size_m": 1.2, "gt_road_overlap": 1.0, "gt_roof_overlap": 0.0 }, "geometry": { "type": "Polygon", "coordinates": [ [ [ 80.4391571, 16.309795 ], [ 80.4391627, 16.309795 ], [ 80.4391628, 16.3097838 ], [ 80.4391572, 16.3097838 ], [ 80.4391571, 16.309795 ] ] ] } },
{ "type": "Feature", "properties": { "label": "Pothole", "confidence": 0.58, "on_road": 1, "size_m": 1.1, "gt_road_overlap": 1.0, "gt_roof_overlap": 0.0 }, "geometry": { "type": "Polygon", "coordinates": [ [ [ 80.4391992, 16.3099338 ], [ 80.4392093, 16.3099338 ], [ 80.4392094, 16.3099247 ], [ 80.4391992, 16.3099247 ], [ 80.4391992, 16.3099338 ] ] ] } },
{ "type": "Feature", "properties": { "label": "Pothole", "confidence": 0.44, "on_road": 1, "size_m": 0.6, "gt_road_overlap": 1.0, "gt_roof_overlap": 0.0 }, "geometry": { "type": "Polygon", "coordinates": [ [ [ 80.4395778, 16.3103014 ], [ 80.4395837, 16.3103014 ], [ 80.4395838, 16.3102956 ], [ 80.4395778, 16.3102956 ], [ 80.4395778, 16.3103014 ] ] ] } },
{ "type": "Feature", "properties": { "label": "Pothole", "confidence": 0.42, "on_road": 1, "size_m": 1.0, "gt_road_overlap": 1.0, "gt_roof_overlap": 0.0 }, "geometry": { "type": "Polygon", "coordinates": [ [ [ 80.4400779, 16.3106965 ], [ 80.440087, 16.3106965 ], [ 80.440087, 16.3106879 ], [ 80.4400779, 16.3106878 ], [ 80.4400779, 16.3106965 ] ] ] } },
{ "type": "Feature", "properties": { "label": "Pothole", "confidence": 0.42, "on_road": 1, "size_m": 1.4, "gt_road_overlap": 1.0, "gt_roof_overlap": 0.0 }, "geometry": { "type": "Polygon", "coordinates": [ [ [ 80.4400796, 16.3106627 ], [ 80.4400889, 16.3106627 ], [ 80.440089, 16.3106501 ], [ 80.4400796, 16.3106501 ], [ 80.4400796, 16.3106627 ] ] ] } },
{ "type": "Feature", "properties": { "label": "Pothole", "confidence": 0.38, "on_road": 1, "size_m": 0.7, "gt_road_overlap": 1.0, "gt_roof_overlap": 0.0 }, "geometry": { "type": "Polygon", "coordinates": [ [ [ 80.4401515, 16.3109943 ], [ 80.4401582, 16.3109943 ], [ 80.4401582, 16.3109878 ], [ 80.4401515, 16.3109878 ], [ 80.4401515, 16.3109943 ] ] ] } },
{ "type": "Feature", "properties": { "label": "Pothole", "confidence": 0.35, "on_road": 1, "size_m": 1.2, "gt_road_overlap": 1.0, "gt_roof_overlap": 0.0 }, "geometry": { "type": "Polygon", "coordinates": [ [ [ 80.4393452, 16.3108491 ], [ 80.4393542, 16.3108492 ], [ 80.4393542, 16.3108383 ], [ 80.4393452, 16.3108383 ], [ 80.4393452, 16.3108491 ] ] ] } },
{ "type": "Feature", "properties": { "label": "Pothole", "confidence": 0.33, "on_road": 0, "size_m": 2.1, "gt_road_overlap": 0.0, "gt_roof_overlap": 1.0 }, "geometry": { "type": "Polygon", "coordinates": [ [ [ 80.4398991, 16.3110516 ], [ 80.4399186, 16.3110516 ], [ 80.4399186, 16.3110415 ], [ 80.4398992, 16.3110414 ], [ 80.4398991, 16.3110516 ] ] ] } },
{ "type": "Feature", "properties": { "label": "Pothole", "confidence": 0.31, "on_road": 1, "size_m": 1.4, "gt_road_overlap": 1.0, "gt_roof_overlap": 0.0 }, "geometry": { "type": "Polygon", "coordinates": [ [ [ 80.4392175, 16.3099756 ], [ 80.4392224, 16.3099756 ], [ 80.4392224, 16.3099633 ], [ 80.4392176, 16.3099633 ], [ 80.4392175, 16.3099756 ] ] ] } },
{ "type": "Feature", "properties": { "label": "Pothole", "confidence": 0.29, "on_road": 0, "size_m": 1.3, "gt_road_overlap": 0.0, "gt_roof_overlap": 0.0 }, "geometry": { "type": "Polygon", "coordinates": [ [ [ 80.43938, 16.3107706 ], [ 80.4393856, 16.3107707 ], [ 80.4393857, 16.3107592 ], [ 80.4393801, 16.3107592 ], [ 80.43938, 16.3107706 ] ] ] } },
{ "type": "Feature", "properties": { "label": "Pothole", "confidence": 0.29, "on_road": 1, "size_m": 0.7, "gt_road_overlap": 1.0, "gt_roof_overlap": 0.0 }, "geometry": { "type": "Polygon", "coordinates": [ [ [ 80.4395452, 16.3101594 ], [ 80.4395519, 16.3101594 ], [ 80.439552, 16.3101531 ], [ 80.4395452, 16.3101531 ], [ 80.4395452, 16.3101594 ] ] ] } },
{ "type": "Feature", "properties": { "label": "Pothole", "confidence": 0.28, "on_road": 0, "size_m": 1.2, "gt_road_overlap": 0.0, "gt_roof_overlap": 1.0 }, "geometry": { "type": "Polygon", "coordinates": [ [ [ 80.4391612, 16.3106321 ], [ 80.4391728, 16.3106321 ], [ 80.4391728, 16.3106213 ], [ 80.4391612, 16.3106212 ], [ 80.4391612, 16.3106321 ] ] ] } },
{ "type": "Feature", "properties": { "label": "Pothole", "confidence": 0.26, "on_road": 1, "size_m": 0.9, "gt_road_overlap": 1.0, "gt_roof_overlap": 0.0 }, "geometry": { "type": "Polygon", "coordinates": [ [ [ 80.439162, 16.3097639 ], [ 80.4391702, 16.3097639 ], [ 80.4391702, 16.309756 ], [ 80.439162, 16.3097559 ], [ 80.439162, 16.3097639 ] ] ] } },
{ "type": "Feature", "properties": { "label": "Pothole", "confidence": 0.96, "on_road": 1, "size_m": 1.0, "gt_road_overlap": 1.0, "gt_roof_overlap": 0.0 }, "geometry": { "type": "Polygon", "coordinates": [ [ [ 80.4405833, 16.3103079 ], [ 80.4405919, 16.3103079 ], [ 80.4405919, 16.3102992 ], [ 80.4405833, 16.3102992 ], [ 80.4405833, 16.3103079 ] ] ] } },
{ "type": "Feature", "properties": { "label": "Pothole", "confidence": 0.9, "on_road": 1, "size_m": 0.8, "gt_road_overlap": 1.0, "gt_roof_overlap": 0.0 }, "geometry": { "type": "Polygon", "coordinates": [ [ [ 80.4414547, 16.3109361 ], [ 80.4414618, 16.3109361 ], [ 80.4414618, 16.3109292 ], [ 80.4414547, 16.3109292 ], [ 80.4414547, 16.3109361 ] ] ] } },
{ "type": "Feature", "properties": { "label": "Pothole", "confidence": 0.69, "on_road": 1, "size_m": 1.0, "gt_road_overlap": 1.0, "gt_roof_overlap": 0.207 }, "geometry": { "type": "Polygon", "coordinates": [ [ [ 80.4413272, 16.3105111 ], [ 80.4413366, 16.3105112 ], [ 80.4413366, 16.310502 ], [ 80.4413273, 16.3105019 ], [ 80.4413272, 16.3105111 ] ] ] } },
{ "type": "Feature", "properties": { "label": "Pothole", "confidence": 0.69, "on_road": 1, "size_m": 0.9, "gt_road_overlap": 1.0, "gt_roof_overlap": 0.0 }, "geometry": { "type": "Polygon", "coordinates": [ [ [ 80.4409562, 16.3097954 ], [ 80.4409621, 16.3097954 ], [ 80.4409622, 16.3097875 ], [ 80.4409562, 16.3097874 ], [ 80.4409562, 16.3097954 ] ] ] } },
{ "type": "Feature", "properties": { "label": "Pothole", "confidence": 0.65, "on_road": 1, "size_m": 1.2, "gt_road_overlap": 1.0, "gt_roof_overlap": 0.22 }, "geometry": { "type": "Polygon", "coordinates": [ [ [ 80.4413173, 16.3097917 ], [ 80.4413252, 16.3097917 ], [ 80.4413252, 16.3097812 ], [ 80.4413173, 16.3097812 ], [ 80.4413173, 16.3097917 ] ] ] } },
{ "type": "Feature", "properties": { "label": "Pothole", "confidence": 0.64, "on_road": 1, "size_m": 1.3, "gt_road_overlap": 1.0, "gt_roof_overlap": 0.0 }, "geometry": { "type": "Polygon", "coordinates": [ [ [ 80.4413589, 16.3104943 ], [ 80.4413668, 16.3104944 ], [ 80.4413668, 16.3104824 ], [ 80.441359, 16.3104824 ], [ 80.4413589, 16.3104943 ] ] ] } },
{ "type": "Feature", "properties": { "label": "Pothole", "confidence": 0.63, "on_road": 1, "size_m": 0.7, "gt_road_overlap": 1.0, "gt_roof_overlap": 0.0 }, "geometry": { "type": "Polygon", "coordinates": [ [ [ 80.4411636, 16.3106347 ], [ 80.44117, 16.3106347 ], [ 80.44117, 16.3106296 ], [ 80.4411637, 16.3106296 ], [ 80.4411636, 16.3106347 ] ] ] } },
{ "type": "Feature", "properties": { "label": "Pothole", "confidence": 0.6, "on_road": 1, "size_m": 0.9, "gt_road_overlap": 1.0, "gt_roof_overlap": 0.0 }, "geometry": { "type": "Polygon", "coordinates": [ [ [ 80.4406922, 16.3108263 ], [ 80.4407006, 16.3108263 ], [ 80.4407006, 16.310818 ], [ 80.4406922, 16.310818 ], [ 80.4406922, 16.3108263 ] ] ] } },
{ "type": "Feature", "properties": { "label": "Pothole", "confidence": 0.58, "on_road": 1, "size_m": 1.2, "gt_road_overlap": 1.0, "gt_roof_overlap": 0.282 }, "geometry": { "type": "Polygon", "coordinates": [ [ [ 80.4414098, 16.3108314 ], [ 80.4414184, 16.3108314 ], [ 80.4414185, 16.3108204 ], [ 80.4414099, 16.3108203 ], [ 80.4414098, 16.3108314 ] ] ] } },
{ "type": "Feature", "properties": { "label": "Pothole", "confidence": 0.58, "on_road": 1, "size_m": 0.8, "gt_road_overlap": 1.0, "gt_roof_overlap": 0.0 }, "geometry": { "type": "Polygon", "coordinates": [ [ [ 80.4412689, 16.3102338 ], [ 80.4412767, 16.3102338 ], [ 80.4412767, 16.3102279 ], [ 80.441269, 16.3102279 ], [ 80.4412689, 16.3102338 ] ] ] } },
{ "type": "Feature", "properties": { "label": "Pothole", "confidence": 0.57, "on_road": 1, "size_m": 0.6, "gt_road_overlap": 1.0, "gt_roof_overlap": 0.0 }, "geometry": { "type": "Polygon", "coordinates": [ [ [ 80.4413873, 16.3105996 ], [ 80.4413921, 16.3105997 ], [ 80.4413922, 16.3105939 ], [ 80.4413873, 16.3105939 ], [ 80.4413873, 16.3105996 ] ] ] } },
{ "type": "Feature", "properties": { "label": "Repaired patch", "confidence": 0.51, "on_road": 0, "size_m": 3.3, "gt_road_overlap": 0.0, "gt_roof_overlap": 0.0 }, "geometry": { "type": "Polygon", "coordinates": [ [ [ 80.4409989, 16.3106745 ], [ 80.44103, 16.3106746 ], [ 80.4410301, 16.3106504 ], [ 80.4409989, 16.3106503 ], [ 80.4409989, 16.3106745 ] ] ] } },
{ "type": "Feature", "properties": { "label": "Pothole", "confidence": 0.48, "on_road": 1, "size_m": 1.6, "gt_road_overlap": 1.0, "gt_roof_overlap": 0.0 }, "geometry": { "type": "Polygon", "coordinates": [ [ [ 80.4404812, 16.309881 ], [ 80.4404917, 16.309881 ], [ 80.4404918, 16.3098669 ], [ 80.4404813, 16.3098669 ], [ 80.4404812, 16.309881 ] ] ] } },
{ "type": "Feature", "properties": { "label": "Pothole", "confidence": 0.48, "on_road": 0, "size_m": 5.7, "gt_road_overlap": 0.0, "gt_roof_overlap": 0.0 }, "geometry": { "type": "Polygon", "coordinates": [ [ [ 80.4407662, 16.3101097 ], [ 80.4408193, 16.3101098 ], [ 80.4408194, 16.3100798 ], [ 80.4407663, 16.3100797 ], [ 80.4407662, 16.3101097 ] ] ] } },
{ "type": "Feature", "properties": { "label": "Pothole", "confidence": 0.46, "on_road": 1, "size_m": 0.8, "gt_road_overlap": 1.0, "gt_roof_overlap": 0.0 }, "geometry": { "type": "Polygon", "coordinates": [ [ [ 80.4409835, 16.3099972 ], [ 80.4409902, 16.3099973 ], [ 80.4409902, 16.3099903 ], [ 80.4409835, 16.3099903 ], [ 80.4409835, 16.3099972 ] ] ] } },
{ "type": "Feature", "properties": { "label": "Pothole", "confidence": 0.44, "on_road": 0, "size_m": 4.0, "gt_road_overlap": 1.0, "gt_roof_overlap": 0.0 }, "geometry": { "type": "Polygon", "coordinates": [ [ [ 80.4412323, 16.3098833 ], [ 80.4412702, 16.3098834 ], [ 80.4412703, 16.3098602 ], [ 80.4412324, 16.3098601 ], [ 80.4412323, 16.3098833 ] ] ] } },
{ "type": "Feature", "properties": { "label": "Pothole", "confidence": 0.42, "on_road": 0, "size_m": 0.7, "gt_road_overlap": 1.0, "gt_roof_overlap": 0.427 }, "geometry": { "type": "Polygon", "coordinates": [ [ [ 80.4410569, 16.3102383 ], [ 80.4410637, 16.3102383 ], [ 80.4410637, 16.3102332 ], [ 80.4410569, 16.3102332 ], [ 80.4410569, 16.3102383 ] ] ] } },
{ "type": "Feature", "properties": { "label": "Pothole", "confidence": 0.4, "on_road": 1, "size_m": 0.7, "gt_road_overlap": 1.0, "gt_roof_overlap": 0.0 }, "geometry": { "type": "Polygon", "coordinates": [ [ [ 80.4405145, 16.3100441 ], [ 80.4405203, 16.3100441 ], [ 80.4405203, 16.310038 ], [ 80.4405145, 16.3100379 ], [ 80.4405145, 16.3100441 ] ] ] } },
{ "type": "Feature", "properties": { "label": "Pothole", "confidence": 0.4, "on_road": 1, "size_m": 1.5, "gt_road_overlap": 0.58, "gt_roof_overlap": 0.0 }, "geometry": { "type": "Polygon", "coordinates": [ [ [ 80.4404254, 16.30982 ], [ 80.4404293, 16.30982 ], [ 80.4404293, 16.3098063 ], [ 80.4404255, 16.3098063 ], [ 80.4404254, 16.30982 ] ] ] } },
{ "type": "Feature", "properties": { "label": "Pothole", "confidence": 0.39, "on_road": 1, "size_m": 3.8, "gt_road_overlap": 0.525, "gt_roof_overlap": 0.0 }, "geometry": { "type": "Polygon", "coordinates": [ [ [ 80.4404809, 16.3100857 ], [ 80.440501, 16.3100857 ], [ 80.4405011, 16.3100517 ], [ 80.440481, 16.3100516 ], [ 80.4404809, 16.3100857 ] ] ] } },
{ "type": "Feature", "properties": { "label": "Pothole", "confidence": 0.38, "on_road": 0, "size_m": 3.0, "gt_road_overlap": 1.0, "gt_roof_overlap": 0.881 }, "geometry": { "type": "Polygon", "coordinates": [ [ [ 80.4413415, 16.3106275 ], [ 80.4413554, 16.3106276 ], [ 80.4413554, 16.3106008 ], [ 80.4413416, 16.3106008 ], [ 80.4413415, 16.3106275 ] ] ] } },
{ "type": "Feature", "properties": { "label": "Pothole", "confidence": 0.33, "on_road": 1, "size_m": 0.6, "gt_road_overlap": 1.0, "gt_roof_overlap": 0.0 }, "geometry": { "type": "Polygon", "coordinates": [ [ [ 80.4413628, 16.3106498 ], [ 80.4413688, 16.3106498 ], [ 80.4413688, 16.3106448 ], [ 80.4413628, 16.3106448 ], [ 80.4413628, 16.3106498 ] ] ] } },
{ "type": "Feature", "properties": { "label": "Pothole", "confidence": 0.32, "on_road": 0, "size_m": 2.2, "gt_road_overlap": 1.0, "gt_roof_overlap": 1.0 }, "geometry": { "type": "Polygon", "coordinates": [ [ [ 80.4409649, 16.3100652 ], [ 80.440975, 16.3100652 ], [ 80.4409751, 16.3100457 ], [ 80.440965, 16.3100456 ], [ 80.4409649, 16.3100652 ] ] ] } },
{ "type": "Feature", "properties": { "label": "Pothole", "confidence": 0.32, "on_road": 0, "size_m": 0.7, "gt_road_overlap": 1.0, "gt_roof_overlap": 1.0 }, "geometry": { "type": "Polygon", "coordinates": [ [ [ 80.4410313, 16.3101547 ], [ 80.4410373, 16.3101547 ], [ 80.4410373, 16.3101483 ], [ 80.4410313, 16.3101483 ], [ 80.4410313, 16.3101547 ] ] ] } },
{ "type": "Feature", "properties": { "label": "Pothole", "confidence": 0.32, "on_road": 1, "size_m": 0.7, "gt_road_overlap": 0.873, "gt_roof_overlap": 0.0 }, "geometry": { "type": "Polygon", "coordinates": [ [ [ 80.4404258, 16.3098126 ], [ 80.4404291, 16.3098126 ], [ 80.4404291, 16.3098065 ], [ 80.4404258, 16.3098065 ], [ 80.4404258, 16.3098126 ] ] ] } },
{ "type": "Feature", "properties": { "label": "Pothole", "confidence": 0.32, "on_road": 0, "size_m": 1.0, "gt_road_overlap": 0.267, "gt_roof_overlap": 0.0 }, "geometry": { "type": "Polygon", "coordinates": [ [ [ 80.440434, 16.3098667 ], [ 80.4404411, 16.3098667 ], [ 80.4404411, 16.3098573 ], [ 80.440434, 16.3098573 ], [ 80.440434, 16.3098667 ] ] ] } },
{ "type": "Feature", "properties": { "label": "Pothole", "confidence": 0.31, "on_road": 1, "size_m": 0.9, "gt_road_overlap": 1.0, "gt_roof_overlap": 0.0 }, "geometry": { "type": "Polygon", "coordinates": [ [ [ 80.440722, 16.3099895 ], [ 80.4407306, 16.3099895 ], [ 80.4407306, 16.3099819 ], [ 80.440722, 16.3099819 ], [ 80.440722, 16.3099895 ] ] ] } },
{ "type": "Feature", "properties": { "label": "Pothole", "confidence": 0.29, "on_road": 1, "size_m": 1.2, "gt_road_overlap": 1.0, "gt_roof_overlap": 0.0 }, "geometry": { "type": "Polygon", "coordinates": [ [ [ 80.4413861, 16.3106049 ], [ 80.4413938, 16.3106049 ], [ 80.4413938, 16.3105937 ], [ 80.4413862, 16.3105937 ], [ 80.4413861, 16.3106049 ] ] ] } },
{ "type": "Feature", "properties": { "label": "Pothole", "confidence": 0.28, "on_road": 1, "size_m": 1.2, "gt_road_overlap": 1.0, "gt_roof_overlap": 0.111 }, "geometry": { "type": "Polygon", "coordinates": [ [ [ 80.4413433, 16.3105785 ], [ 80.4413538, 16.3105786 ], [ 80.4413539, 16.3105677 ], [ 80.4413434, 16.3105677 ], [ 80.4413433, 16.3105785 ] ] ] } },
{ "type": "Feature", "properties": { "label": "Pothole", "confidence": 0.26, "on_road": 0, "size_m": 4.1, "gt_road_overlap": 1.0, "gt_roof_overlap": 0.145 }, "geometry": { "type": "Polygon", "coordinates": [ [ [ 80.4412323, 16.3102012 ], [ 80.4412705, 16.3102013 ], [ 80.4412705, 16.3101733 ], [ 80.4412323, 16.3101732 ], [ 80.4412323, 16.3102012 ] ] ] } },
{ "type": "Feature", "properties": { "label": "Pothole", "confidence": 0.26, "on_road": 1, "size_m": 1.0, "gt_road_overlap": 1.0, "gt_roof_overlap": 0.0 }, "geometry": { "type": "Polygon", "coordinates": [ [ [ 80.4412003, 16.3100577 ], [ 80.4412081, 16.3100577 ], [ 80.4412082, 16.310049 ], [ 80.4412003, 16.310049 ], [ 80.4412003, 16.3100577 ] ] ] } },
{ "type": "Feature", "properties": { "label": "Pothole", "confidence": 0.26, "on_road": 1, "size_m": 1.7, "gt_road_overlap": 1.0, "gt_roof_overlap": 0.0 }, "geometry": { "type": "Polygon", "coordinates": [ [ [ 80.4404507, 16.3099022 ], [ 80.4404538, 16.3099022 ], [ 80.4404538, 16.3098866 ], [ 80.4404507, 16.3098866 ], [ 80.4404507, 16.3099022 ] ] ] } },
{ "type": "Feature", "properties": { "label": "Pothole", "confidence": 0.88, "on_road": 1, "size_m": 1.0, "gt_road_overlap": 1.0, "gt_roof_overlap": 0.0 }, "geometry": { "type": "Polygon", "coordinates": [ [ [ 80.4419148, 16.3098326 ], [ 80.4419238, 16.3098327 ], [ 80.4419238, 16.3098233 ], [ 80.4419148, 16.3098232 ], [ 80.4419148, 16.3098326 ] ] ] } },
{ "type": "Feature", "properties": { "label": "Pothole", "confidence": 0.86, "on_road": 1, "size_m": 1.4, "gt_road_overlap": 1.0, "gt_roof_overlap": 0.0 }, "geometry": { "type": "Polygon", "coordinates": [ [ [ 80.4421229, 16.3106569 ], [ 80.4421358, 16.3106569 ], [ 80.4421358, 16.3106457 ], [ 80.4421229, 16.3106457 ], [ 80.4421229, 16.3106569 ] ] ] } },
{ "type": "Feature", "properties": { "label": "Pothole", "confidence": 0.85, "on_road": 1, "size_m": 1.1, "gt_road_overlap": 1.0, "gt_roof_overlap": 0.0 }, "geometry": { "type": "Polygon", "coordinates": [ [ [ 80.4427205, 16.3105423 ], [ 80.4427291, 16.3105423 ], [ 80.4427291, 16.3105324 ], [ 80.4427205, 16.3105324 ], [ 80.4427205, 16.3105423 ] ] ] } },
{ "type": "Feature", "properties": { "label": "Pothole", "confidence": 0.84, "on_road": 1, "size_m": 1.2, "gt_road_overlap": 1.0, "gt_roof_overlap": 0.0 }, "geometry": { "type": "Polygon", "coordinates": [ [ [ 80.4421292, 16.3106755 ], [ 80.4421408, 16.3106756 ], [ 80.4421408, 16.3106644 ], [ 80.4421292, 16.3106643 ], [ 80.4421292, 16.3106755 ] ] ] } },
{ "type": "Feature", "properties": { "label": "Pothole", "confidence": 0.83, "on_road": 1, "size_m": 1.7, "gt_road_overlap": 1.0, "gt_roof_overlap": 0.0 }, "geometry": { "type": "Polygon", "coordinates": [ [ [ 80.4415313, 16.3098711 ], [ 80.4415415, 16.3098712 ], [ 80.4415415, 16.3098558 ], [ 80.4415314, 16.3098558 ], [ 80.4415313, 16.3098711 ] ] ] } },
{ "type": "Feature", "properties": { "label": "Pothole", "confidence": 0.8, "on_road": 1, "size_m": 0.8, "gt_road_overlap": 1.0, "gt_roof_overlap": 0.0 }, "geometry": { "type": "Polygon", "coordinates": [ [ [ 80.4425195, 16.3098986 ], [ 80.4425273, 16.3098986 ], [ 80.4425274, 16.3098914 ], [ 80.4425195, 16.3098914 ], [ 80.4425195, 16.3098986 ] ] ] } },
{ "type": "Feature", "properties": { "label": "Pothole", "confidence": 0.77, "on_road": 1, "size_m": 1.0, "gt_road_overlap": 1.0, "gt_roof_overlap": 0.0 }, "geometry": { "type": "Polygon", "coordinates": [ [ [ 80.4426136, 16.3098132 ], [ 80.4426227, 16.3098132 ], [ 80.4426228, 16.3098067 ], [ 80.4426136, 16.3098067 ], [ 80.4426136, 16.3098132 ] ] ] } },
{ "type": "Feature", "properties": { "label": "Pothole", "confidence": 0.69, "on_road": 1, "size_m": 0.6, "gt_road_overlap": 1.0, "gt_roof_overlap": 0.0 }, "geometry": { "type": "Polygon", "coordinates": [ [ [ 80.4418057, 16.3108014 ], [ 80.44181, 16.3108014 ], [ 80.44181, 16.3107957 ], [ 80.4418057, 16.3107956 ], [ 80.4418057, 16.3108014 ] ] ] } },
{ "type": "Feature", "properties": { "label": "Pothole", "confidence": 0.68, "on_road": 1, "size_m": 0.9, "gt_road_overlap": 1.0, "gt_roof_overlap": 0.0 }, "geometry": { "type": "Polygon", "coordinates": [ [ [ 80.4426871, 16.3104837 ], [ 80.4426959, 16.3104838 ], [ 80.4426959, 16.3104756 ], [ 80.4426871, 16.3104756 ], [ 80.4426871, 16.3104837 ] ] ] } },
{ "type": "Feature", "properties": { "label": "Pothole", "confidence": 0.55, "on_road": 0, "size_m": 2.7, "gt_road_overlap": 0.0, "gt_roof_overlap": 0.674 }, "geometry": { "type": "Polygon", "coordinates": [ [ [ 80.4427534, 16.3105763 ], [ 80.4427789, 16.3105764 ], [ 80.442779, 16.3105612 ], [ 80.4427535, 16.3105611 ], [ 80.4427534, 16.3105763 ] ] ] } },
{ "type": "Feature", "properties": { "label": "Pothole", "confidence": 0.5, "on_road": 0, "size_m": 3.7, "gt_road_overlap": 0.0, "gt_roof_overlap": 1.0 }, "geometry": { "type": "Polygon", "coordinates": [ [ [ 80.4425932, 16.3105972 ], [ 80.442628, 16.3105973 ], [ 80.4426281, 16.3105771 ], [ 80.4425933, 16.310577 ], [ 80.4425932, 16.3105972 ] ] ] } },
{ "type": "Feature", "properties": { "label": "Pothole", "confidence": 0.49, "on_road": 1, "size_m": 0.8, "gt_road_overlap": 1.0, "gt_roof_overlap": 0.0 }, "geometry": { "type": "Polygon", "coordinates": [ [ [ 80.4417332, 16.3098466 ], [ 80.4417404, 16.3098467 ], [ 80.4417404, 16.3098416 ], [ 80.4417332, 16.3098416 ], [ 80.4417332, 16.3098466 ] ] ] } },
{ "type": "Feature", "properties": { "label": "Pothole", "confidence": 0.43, "on_road": 1, "size_m": 1.4, "gt_road_overlap": 1.0, "gt_roof_overlap": 0.0 }, "geometry": { "type": "Polygon", "coordinates": [ [ [ 80.4424299, 16.3099125 ], [ 80.4424434, 16.3099125 ], [ 80.4424434, 16.3099065 ], [ 80.4424299, 16.3099065 ], [ 80.4424299, 16.3099125 ] ] ] } },
{ "type": "Feature", "properties": { "label": "Pothole", "confidence": 0.42, "on_road": 1, "size_m": 0.6, "gt_road_overlap": 1.0, "gt_roof_overlap": 0.013 }, "geometry": { "type": "Polygon", "coordinates": [ [ [ 80.4417014, 16.3104236 ], [ 80.4417066, 16.3104237 ], [ 80.4417066, 16.3104179 ], [ 80.4417014, 16.3104179 ], [ 80.4417014, 16.3104236 ] ] ] } },
{ "type": "Feature", "properties": { "label": "Pothole", "confidence": 0.42, "on_road": 0, "size_m": 6.4, "gt_road_overlap": 0.174, "gt_roof_overlap": 0.478 }, "geometry": { "type": "Polygon", "coordinates": [ [ [ 80.442572, 16.3104323 ], [ 80.4426315, 16.3104324 ], [ 80.4426316, 16.3103872 ], [ 80.4425722, 16.3103871 ], [ 80.442572, 16.3104323 ] ] ] } },
{ "type": "Feature", "properties": { "label": "Pothole", "confidence": 0.37, "on_road": 1, "size_m": 1.7, "gt_road_overlap": 0.666, "gt_roof_overlap": 0.0 }, "geometry": { "type": "Polygon", "coordinates": [ [ [ 80.4426637, 16.3105927 ], [ 80.4426795, 16.3105927 ], [ 80.4426795, 16.3105786 ], [ 80.4426638, 16.3105786 ], [ 80.4426637, 16.3105927 ] ] ] } },
{ "type": "Feature", "properties": { "label": "Pothole", "confidence": 0.36, "on_road": 1, "size_m": 0.7, "gt_road_overlap": 1.0, "gt_roof_overlap": 0.0 }, "geometry": { "type": "Polygon", "coordinates": [ [ [ 80.4418969, 16.3098821 ], [ 80.4419031, 16.3098821 ], [ 80.4419031, 16.3098774 ], [ 80.441897, 16.3098773 ], [ 80.4418969, 16.3098821 ] ] ] } },
{ "type": "Feature", "properties": { "label": "Pothole", "confidence": 0.35, "on_road": 1, "size_m": 2.0, "gt_road_overlap": 1.0, "gt_roof_overlap": 0.0 }, "geometry": { "type": "Polygon", "coordinates": [ [ [ 80.4421757, 16.310961 ], [ 80.4421945, 16.310961 ], [ 80.4421945, 16.3109469 ], [ 80.4421758, 16.3109469 ], [ 80.4421757, 16.310961 ] ] ] } },
{ "type": "Feature", "properties": { "label": "Pothole", "confidence": 0.35, "on_road": 0, "size_m": 4.2, "gt_road_overlap": 1.0, "gt_roof_overlap": 0.0 }, "geometry": { "type": "Polygon", "coordinates": [ [ [ 80.4423806, 16.3098975 ], [ 80.4424195, 16.3098976 ], [ 80.4424196, 16.3098727 ], [ 80.4423806, 16.3098726 ], [ 80.4423806, 16.3098975 ] ] ] } },
{ "type": "Feature", "properties": { "label": "Pothole", "confidence": 0.34, "on_road": 1, "size_m": 1.1, "gt_road_overlap": 1.0, "gt_roof_overlap": 0.0 }, "geometry": { "type": "Polygon", "coordinates": [ [ [ 80.4420891, 16.3105279 ], [ 80.442099, 16.310528 ], [ 80.442099, 16.3105199 ], [ 80.4420891, 16.3105199 ], [ 80.4420891, 16.3105279 ] ] ] } },
{ "type": "Feature", "properties": { "label": "Pothole", "confidence": 0.34, "on_road": 1, "size_m": 0.8, "gt_road_overlap": 1.0, "gt_roof_overlap": 0.0 }, "geometry": { "type": "Polygon", "coordinates": [ [ [ 80.4426997, 16.3104939 ], [ 80.442707, 16.3104939 ], [ 80.442707, 16.3104878 ], [ 80.4426997, 16.3104878 ], [ 80.4426997, 16.3104939 ] ] ] } },
{ "type": "Feature", "properties": { "label": "Pothole", "confidence": 0.33, "on_road": 1, "size_m": 0.9, "gt_road_overlap": 1.0, "gt_roof_overlap": 0.0 }, "geometry": { "type": "Polygon", "coordinates": [ [ [ 80.4416999, 16.3103987 ], [ 80.4417074, 16.3103987 ], [ 80.4417074, 16.3103904 ], [ 80.4417, 16.3103904 ], [ 80.4416999, 16.3103987 ] ] ] } },
{ "type": "Feature", "properties": { "label": "Pothole", "confidence": 0.31, "on_road": 0, "size_m": 0.8, "gt_road_overlap": 0.0, "gt_roof_overlap": 1.0 }, "geometry": { "type": "Polygon", "coordinates": [ [ [ 80.442577, 16.3105588 ], [ 80.4425844, 16.3105589 ], [ 80.4425845, 16.3105513 ], [ 80.442577, 16.3105513 ], [ 80.442577, 16.3105588 ] ] ] } },
{ "type": "Feature", "properties": { "label": "Pothole", "confidence": 0.31, "on_road": 0, "size_m": 2.0, "gt_road_overlap": 0.0, "gt_roof_overlap": 1.0 }, "geometry": { "type": "Polygon", "coordinates": [ [ [ 80.4416809, 16.3106228 ], [ 80.4416997, 16.3106229 ], [ 80.4416997, 16.3106073 ], [ 80.441681, 16.3106073 ], [ 80.4416809, 16.3106228 ] ] ] } },
{ "type": "Feature", "properties": { "label": "Pothole", "confidence": 0.31, "on_road": 1, "size_m": 2.4, "gt_road_overlap": 1.0, "gt_roof_overlap": 0.0 }, "geometry": { "type": "Polygon", "coordinates": [ [ [ 80.4417924, 16.3108902 ], [ 80.4418152, 16.3108902 ], [ 80.4418153, 16.310875 ], [ 80.4417924, 16.310875 ], [ 80.4417924, 16.3108902 ] ] ] } },
{ "type": "Feature", "properties": { "label": "Pothole", "confidence": 0.29, "on_road": 1, "size_m": 1.3, "gt_road_overlap": 1.0, "gt_roof_overlap": 0.0 }, "geometry": { "type": "Polygon", "coordinates": [ [ [ 80.4422252, 16.3110057 ], [ 80.4422327, 16.3110057 ], [ 80.4422327, 16.3109936 ], [ 80.4422253, 16.3109935 ], [ 80.4422252, 16.3110057 ] ] ] } },
{ "type": "Feature", "properties": { "label": "Pothole", "confidence": 0.26, "on_road": 1, "size_m": 0.9, "gt_road_overlap": 1.0, "gt_roof_overlap": 0.0 }, "geometry": { "type": "Polygon", "coordinates": [ [ [ 80.4420758, 16.3105698 ], [ 80.4420795, 16.3105698 ], [ 80.4420796, 16.3105619 ], [ 80.4420758, 16.3105619 ], [ 80.4420758, 16.3105698 ] ] ] } },
{ "type": "Feature", "properties": { "label": "Pothole", "confidence": 0.25, "on_road": 0, "size_m": 1.1, "gt_road_overlap": 0.0, "gt_roof_overlap": 0.0 }, "geometry": { "type": "Polygon", "coordinates": [ [ [ 80.4421745, 16.3103227 ], [ 80.4421849, 16.3103228 ], [ 80.442185, 16.3103127 ], [ 80.4421745, 16.3103126 ], [ 80.4421745, 16.3103227 ] ] ] } },
{ "type": "Feature", "properties": { "label": "Pothole", "confidence": 0.94, "on_road": 1, "size_m": 0.8, "gt_road_overlap": 1.0, "gt_roof_overlap": 0.0 }, "geometry": { "type": "Polygon", "coordinates": [ [ [ 80.4433262, 16.3098913 ], [ 80.4433337, 16.3098914 ], [ 80.4433337, 16.3098838 ], [ 80.4433262, 16.3098837 ], [ 80.4433262, 16.3098913 ] ] ] } },
{ "type": "Feature", "properties": { "label": "Pothole", "confidence": 0.91, "on_road": 1, "size_m": 1.0, "gt_road_overlap": 1.0, "gt_roof_overlap": 0.0 }, "geometry": { "type": "Polygon", "coordinates": [ [ [ 80.4434013, 16.3098142 ], [ 80.4434095, 16.3098142 ], [ 80.4434096, 16.3098048 ], [ 80.4434013, 16.3098048 ], [ 80.4434013, 16.3098142 ] ] ] } },
{ "type": "Feature", "properties": { "label": "Pothole", "confidence": 0.76, "on_road": 1, "size_m": 0.7, "gt_road_overlap": 1.0, "gt_roof_overlap": 0.0 }, "geometry": { "type": "Polygon", "coordinates": [ [ [ 80.443021, 16.3098953 ], [ 80.4430278, 16.3098953 ], [ 80.4430278, 16.3098892 ], [ 80.443021, 16.3098892 ], [ 80.443021, 16.3098953 ] ] ] } },
{ "type": "Feature", "properties": { "label": "Pothole", "confidence": 0.69, "on_road": 1, "size_m": 0.9, "gt_road_overlap": 1.0, "gt_roof_overlap": 0.0 }, "geometry": { "type": "Polygon", "coordinates": [ [ [ 80.4430663, 16.3099203 ], [ 80.4430723, 16.3099203 ], [ 80.4430723, 16.3099124 ], [ 80.4430663, 16.3099123 ], [ 80.4430663, 16.3099203 ] ] ] } },
{ "type": "Feature", "properties": { "label": "Pothole", "confidence": 0.53, "on_road": 0, "size_m": 2.3, "gt_road_overlap": 0.0, "gt_roof_overlap": 1.0 }, "geometry": { "type": "Polygon", "coordinates": [ [ [ 80.4437373, 16.3106208 ], [ 80.4437587, 16.3106209 ], [ 80.4437587, 16.310601 ], [ 80.4437374, 16.310601 ], [ 80.4437373, 16.3106208 ] ] ] } },
{ "type": "Feature", "properties": { "label": "Pothole", "confidence": 0.48, "on_road": 1, "size_m": 0.8, "gt_road_overlap": 1.0, "gt_roof_overlap": 0.0 }, "geometry": { "type": "Polygon", "coordinates": [ [ [ 80.4434175, 16.3098455 ], [ 80.4434254, 16.3098455 ], [ 80.4434254, 16.3098379 ], [ 80.4434175, 16.3098379 ], [ 80.4434175, 16.3098455 ] ] ] } },
{ "type": "Feature", "properties": { "label": "Pothole", "confidence": 0.46, "on_road": 1, "size_m": 0.9, "gt_road_overlap": 1.0, "gt_roof_overlap": 0.0 }, "geometry": { "type": "Polygon", "coordinates": [ [ [ 80.4436996, 16.3099241 ], [ 80.4437082, 16.3099242 ], [ 80.4437082, 16.3099184 ], [ 80.4436996, 16.3099184 ], [ 80.4436996, 16.3099241 ] ] ] } },
{ "type": "Feature", "properties": { "label": "Pothole", "confidence": 0.42, "on_road": 1, "size_m": 0.6, "gt_road_overlap": 1.0, "gt_roof_overlap": 0.0 }, "geometry": { "type": "Polygon", "coordinates": [ [ [ 80.4434098, 16.3098946 ], [ 80.443415, 16.3098946 ], [ 80.443415, 16.3098889 ], [ 80.4434098, 16.3098888 ], [ 80.4434098, 16.3098946 ] ] ] } },
{ "type": "Feature", "properties": { "label": "Pothole", "confidence": 0.4, "on_road": 1, "size_m": 0.6, "gt_road_overlap": 1.0, "gt_roof_overlap": 0.0 }, "geometry": { "type": "Polygon", "coordinates": [ [ [ 80.4430806, 16.3101454 ], [ 80.4430866, 16.3101454 ], [ 80.4430866, 16.3101397 ], [ 80.4430806, 16.3101396 ], [ 80.4430806, 16.3101454 ] ] ] } },
{ "type": "Feature", "properties": { "label": "Pothole", "confidence": 0.38, "on_road": 1, "size_m": 0.8, "gt_road_overlap": 1.0, "gt_roof_overlap": 0.0 }, "geometry": { "type": "Polygon", "coordinates": [ [ [ 80.4433956, 16.3098438 ], [ 80.4434023, 16.3098438 ], [ 80.4434024, 16.3098366 ], [ 80.4433956, 16.3098366 ], [ 80.4433956, 16.3098438 ] ] ] } },
{ "type": "Feature", "properties": { "label": "Pothole", "confidence": 0.33, "on_road": 0, "size_m": 0.7, "gt_road_overlap": 0.0, "gt_roof_overlap": 0.527 }, "geometry": { "type": "Polygon", "coordinates": [ [ [ 80.443449, 16.3101053 ], [ 80.4434542, 16.3101053 ], [ 80.4434542, 16.3100988 ], [ 80.443449, 16.3100988 ], [ 80.443449, 16.3101053 ] ] ] } },
{ "type": "Feature", "properties": { "label": "Pothole", "confidence": 0.33, "on_road": 0, "size_m": 6.5, "gt_road_overlap": 0.0, "gt_roof_overlap": 0.993 }, "geometry": { "type": "Polygon", "coordinates": [ [ [ 80.443244, 16.3105127 ], [ 80.4433046, 16.3105129 ], [ 80.4433047, 16.3104875 ], [ 80.4432441, 16.3104874 ], [ 80.443244, 16.3105127 ] ] ] } },
{ "type": "Feature", "properties": { "label": "Pothole", "confidence": 0.28, "on_road": 1, "size_m": 4.0, "gt_road_overlap": 1.0, "gt_roof_overlap": 0.0 }, "geometry": { "type": "Polygon", "coordinates": [ [ [ 80.4438144, 16.3099168 ], [ 80.4438518, 16.3099169 ], [ 80.4438519, 16.3098869 ], [ 80.4438145, 16.3098868 ], [ 80.4438144, 16.3099168 ] ] ] } },
{ "type": "Feature", "properties": { "label": "Pothole", "confidence": 0.95, "on_road": 0, "size_m": 0.6, "gt_road_overlap": 0.0, "gt_roof_overlap": 0.0 }, "geometry": { "type": "Polygon", "coordinates": [ [ [ 80.4450934, 16.3104904 ], [ 80.4450992, 16.3104905 ], [ 80.4450992, 16.3104851 ], [ 80.4450934, 16.3104851 ], [ 80.4450934, 16.3104904 ] ] ] } },
{ "type": "Feature", "properties": { "label": "Pothole", "confidence": 0.93, "on_road": 0, "size_m": 0.9, "gt_road_overlap": 0.0, "gt_roof_overlap": 0.997 }, "geometry": { "type": "Polygon", "coordinates": [ [ [ 80.4443955, 16.3103058 ], [ 80.4444038, 16.3103058 ], [ 80.4444038, 16.3102983 ], [ 80.4443955, 16.3102982 ], [ 80.4443955, 16.3103058 ] ] ] } },
{ "type": "Feature", "properties": { "label": "Pothole", "confidence": 0.8, "on_road": 0, "size_m": 1.1, "gt_road_overlap": 0.0, "gt_roof_overlap": 0.0 }, "geometry": { "type": "Polygon", "coordinates": [ [ [ 80.4444153, 16.3098669 ], [ 80.4444239, 16.3098669 ], [ 80.4444239, 16.3098568 ], [ 80.4444153, 16.3098568 ], [ 80.4444153, 16.3098669 ] ] ] } },
{ "type": "Feature", "properties": { "label": "Pothole", "confidence": 0.79, "on_road": 1, "size_m": 1.1, "gt_road_overlap": 1.0, "gt_roof_overlap": 0.0 }, "geometry": { "type": "Polygon", "coordinates": [ [ [ 80.4449527, 16.3105584 ], [ 80.4449565, 16.3105584 ], [ 80.4449565, 16.3105483 ], [ 80.4449527, 16.3105483 ], [ 80.4449527, 16.3105584 ] ] ] } },
{ "type": "Feature", "properties": { "label": "Pothole", "confidence": 0.7, "on_road": 0, "size_m": 0.8, "gt_road_overlap": 0.0, "gt_roof_overlap": 0.0 }, "geometry": { "type": "Polygon", "coordinates": [ [ [ 80.4446121, 16.3099247 ], [ 80.4446188, 16.3099247 ], [ 80.4446188, 16.3099179 ], [ 80.4446121, 16.3099179 ], [ 80.4446121, 16.3099247 ] ] ] } },
{ "type": "Feature", "properties": { "label": "Pothole", "confidence": 0.67, "on_road": 0, "size_m": 1.4, "gt_road_overlap": 0.0, "gt_roof_overlap": 0.0 }, "geometry": { "type": "Polygon", "coordinates": [ [ [ 80.4445448, 16.3098819 ], [ 80.4445579, 16.3098819 ], [ 80.4445579, 16.309874 ], [ 80.4445448, 16.3098739 ], [ 80.4445448, 16.3098819 ] ] ] } },
{ "type": "Feature", "properties": { "label": "Pothole", "confidence": 0.66, "on_road": 0, "size_m": 1.6, "gt_road_overlap": 0.0, "gt_roof_overlap": 0.0 }, "geometry": { "type": "Polygon", "coordinates": [ [ [ 80.4444661, 16.3099245 ], [ 80.4444808, 16.3099246 ], [ 80.4444809, 16.3099125 ], [ 80.4444661, 16.3099124 ], [ 80.4444661, 16.3099245 ] ] ] } },
{ "type": "Feature", "properties": { "label": "Pothole", "confidence": 0.57, "on_road": 0, "size_m": 1.0, "gt_road_overlap": 0.0, "gt_roof_overlap": 0.0 }, "geometry": { "type": "Polygon", "coordinates": [ [ [ 80.4448543, 16.3100209 ], [ 80.4448632, 16.3100209 ], [ 80.4448633, 16.3100138 ], [ 80.4448543, 16.3100138 ], [ 80.4448543, 16.3100209 ] ] ] } },
{ "type": "Feature", "properties": { "label": "Pothole", "confidence": 0.51, "on_road": 0, "size_m": 1.7, "gt_road_overlap": 0.0, "gt_roof_overlap": 0.0 }, "geometry": { "type": "Polygon", "coordinates": [ [ [ 80.4445643, 16.3100371 ], [ 80.4445798, 16.3100371 ], [ 80.4445799, 16.3100281 ], [ 80.4445643, 16.310028 ], [ 80.4445643, 16.3100371 ] ] ] } },
{ "type": "Feature", "properties": { "label": "Pothole", "confidence": 0.5, "on_road": 0, "size_m": 2.8, "gt_road_overlap": 0.0, "gt_roof_overlap": 0.0 }, "geometry": { "type": "Polygon", "coordinates": [ [ [ 80.4450022, 16.3100027 ], [ 80.4450149, 16.3100028 ], [ 80.445015, 16.309977 ], [ 80.4450023, 16.309977 ], [ 80.4450022, 16.3100027 ] ] ] } },
{ "type": "Feature", "properties": { "label": "Pothole", "confidence": 0.49, "on_road": 0, "size_m": 1.3, "gt_road_overlap": 0.0, "gt_roof_overlap": 0.0 }, "geometry": { "type": "Polygon", "coordinates": [ [ [ 80.4448938, 16.309908 ], [ 80.4449058, 16.3099081 ], [ 80.4449058, 16.3098976 ], [ 80.4448938, 16.3098975 ], [ 80.4448938, 16.309908 ] ] ] } },
{ "type": "Feature", "properties": { "label": "Pothole", "confidence": 0.48, "on_road": 0, "size_m": 0.8, "gt_road_overlap": 1.0, "gt_roof_overlap": 0.402 }, "geometry": { "type": "Polygon", "coordinates": [ [ [ 80.4448994, 16.3100694 ], [ 80.4449071, 16.3100694 ], [ 80.4449071, 16.3100618 ], [ 80.4448994, 16.3100618 ], [ 80.4448994, 16.3100694 ] ] ] } },
{ "type": "Feature", "properties": { "label": "Pothole", "confidence": 0.46, "on_road": 0, "size_m": 1.3, "gt_road_overlap": 0.0, "gt_roof_overlap": 0.0 }, "geometry": { "type": "Polygon", "coordinates": [ [ [ 80.4444026, 16.3098548 ], [ 80.4444108, 16.3098548 ], [ 80.4444109, 16.3098432 ], [ 80.4444026, 16.3098432 ], [ 80.4444026, 16.3098548 ] ] ] } },
{ "type": "Feature", "properties": { "label": "Pothole", "confidence": 0.42, "on_road": 1, "size_m": 1.8, "gt_road_overlap": 1.0, "gt_roof_overlap": 0.0 }, "geometry": { "type": "Polygon", "coordinates": [ [ [ 80.4443039, 16.3106697 ], [ 80.4443211, 16.3106697 ], [ 80.4443211, 16.3106614 ], [ 80.4443039, 16.3106614 ], [ 80.4443039, 16.3106697 ] ] ] } },
{ "type": "Feature", "properties": { "label": "Pothole", "confidence": 0.39, "on_road": 0, "size_m": 0.8, "gt_road_overlap": 0.0, "gt_roof_overlap": 0.0 }, "geometry": { "type": "Polygon", "coordinates": [ [ [ 80.4450099, 16.3099345 ], [ 80.445017, 16.3099346 ], [ 80.445017, 16.3099277 ], [ 80.4450099, 16.3099277 ], [ 80.4450099, 16.3099345 ] ] ] } },
{ "type": "Feature", "properties": { "label": "Pothole", "confidence": 0.38, "on_road": 0, "size_m": 6.4, "gt_road_overlap": 0.0, "gt_roof_overlap": 0.0 }, "geometry": { "type": "Polygon", "coordinates": [ [ [ 80.4448171, 16.3100027 ], [ 80.444877, 16.3100029 ], [ 80.444877, 16.3099818 ], [ 80.4448171, 16.3099817 ], [ 80.4448171, 16.3100027 ] ] ] } },
{ "type": "Feature", "properties": { "label": "Pothole", "confidence": 0.36, "on_road": 0, "size_m": 2.8, "gt_road_overlap": 0.0, "gt_roof_overlap": 1.0 }, "geometry": { "type": "Polygon", "coordinates": [ [ [ 80.4444123, 16.3103418 ], [ 80.4444244, 16.3103419 ], [ 80.4444245, 16.3103166 ], [ 80.4444124, 16.3103165 ], [ 80.4444123, 16.3103418 ] ] ] } },
{ "type": "Feature", "properties": { "label": "Pothole", "confidence": 0.36, "on_road": 0, "size_m": 6.4, "gt_road_overlap": 0.0, "gt_roof_overlap": 1.0 }, "geometry": { "type": "Polygon", "coordinates": [ [ [ 80.4442948, 16.3101701 ], [ 80.4443543, 16.3101703 ], [ 80.4443544, 16.3101524 ], [ 80.4442949, 16.3101522 ], [ 80.4442948, 16.3101701 ] ] ] } },
{ "type": "Feature", "properties": { "label": "Pothole", "confidence": 0.35, "on_road": 1, "size_m": 2.2, "gt_road_overlap": 1.0, "gt_roof_overlap": 0.0 }, "geometry": { "type": "Polygon", "coordinates": [ [ [ 80.444541, 16.3107135 ], [ 80.4445619, 16.3107136 ], [ 80.4445619, 16.3107082 ], [ 80.444541, 16.3107081 ], [ 80.444541, 16.3107135 ] ] ] } },
{ "type": "Feature", "properties": { "label": "Pothole", "confidence": 0.34, "on_road": 0, "size_m": 7.0, "gt_road_overlap": 1.0, "gt_roof_overlap": 0.0 }, "geometry": { "type": "Polygon", "coordinates": [ [ [ 80.4449478, 16.3105626 ], [ 80.4449576, 16.3105626 ], [ 80.4449577, 16.3104991 ], [ 80.444948, 16.3104991 ], [ 80.4449478, 16.3105626 ] ] ] } },
{ "type": "Feature", "properties": { "label": "Alligator crack", "confidence": 0.3, "on_road": 0, "size_m": 4.8, "gt_road_overlap": 0.0, "gt_roof_overlap": 1.0 }, "geometry": { "type": "Polygon", "coordinates": [ [ [ 80.4442068, 16.3102372 ], [ 80.4442503, 16.3102373 ], [ 80.4442504, 16.3101939 ], [ 80.4442069, 16.3101938 ], [ 80.4442068, 16.3102372 ] ] ] } },
{ "type": "Feature", "properties": { "label": "Pothole", "confidence": 0.28, "on_road": 0, "size_m": 0.9, "gt_road_overlap": 0.0, "gt_roof_overlap": 0.0 }, "geometry": { "type": "Polygon", "coordinates": [ [ [ 80.4451315, 16.3104439 ], [ 80.4451401, 16.3104439 ], [ 80.4451401, 16.3104374 ], [ 80.4451315, 16.3104374 ], [ 80.4451315, 16.3104439 ] ] ] } },
{ "type": "Feature", "properties": { "label": "Pothole", "confidence": 0.27, "on_road": 1, "size_m": 3.2, "gt_road_overlap": 1.0, "gt_roof_overlap": 0.0 }, "geometry": { "type": "Polygon", "coordinates": [ [ [ 80.4449487, 16.3105286 ], [ 80.4449565, 16.3105286 ], [ 80.4449566, 16.3104993 ], [ 80.4449488, 16.3104993 ], [ 80.4449487, 16.3105286 ] ] ] } },
{ "type": "Feature", "properties": { "label": "Pothole", "confidence": 0.26, "on_road": 1, "size_m": 3.0, "gt_road_overlap": 1.0, "gt_roof_overlap": 0.0 }, "geometry": { "type": "Polygon", "coordinates": [ [ [ 80.4449354, 16.3106715 ], [ 80.4449481, 16.3106716 ], [ 80.4449482, 16.3106441 ], [ 80.4449354, 16.3106441 ], [ 80.4449354, 16.3106715 ] ] ] } },
{ "type": "Feature", "properties": { "label": "Pothole", "confidence": 0.26, "on_road": 1, "size_m": 1.0, "gt_road_overlap": 1.0, "gt_roof_overlap": 0.0 }, "geometry": { "type": "Polygon", "coordinates": [ [ [ 80.444235, 16.3107174 ], [ 80.4442448, 16.3107175 ], [ 80.4442448, 16.3107104 ], [ 80.4442351, 16.3107104 ], [ 80.444235, 16.3107174 ] ] ] } },
{ "type": "Feature", "properties": { "label": "Pothole", "confidence": 0.88, "on_road": 0, "size_m": 1.2, "gt_road_overlap": 0.0, "gt_roof_overlap": 0.0 }, "geometry": { "type": "Polygon", "coordinates": [ [ [ 80.4460745, 16.310448 ], [ 80.4460804, 16.310448 ], [ 80.4460804, 16.3104368 ], [ 80.4460745, 16.3104368 ], [ 80.4460745, 16.310448 ] ] ] } },
{ "type": "Feature", "properties": { "label": "Pothole", "confidence": 0.72, "on_road": 1, "size_m": 1.8, "gt_road_overlap": 0.561, "gt_roof_overlap": 0.0 }, "geometry": { "type": "Polygon", "coordinates": [ [ [ 80.4468191, 16.3098116 ], [ 80.4468363, 16.3098116 ], [ 80.4468364, 16.3097993 ], [ 80.4468191, 16.3097993 ], [ 80.4468191, 16.3098116 ] ] ] } },
{ "type": "Feature", "properties": { "label": "Pothole", "confidence": 0.53, "on_road": 1, "size_m": 1.0, "gt_road_overlap": 1.0, "gt_roof_overlap": 0.0 }, "geometry": { "type": "Polygon", "coordinates": [ [ [ 80.4460119, 16.3105869 ], [ 80.4460164, 16.3105869 ], [ 80.4460164, 16.3105782 ], [ 80.4460119, 16.3105782 ], [ 80.4460119, 16.3105869 ] ] ] } },
{ "type": "Feature", "properties": { "label": "Pothole", "confidence": 0.44, "on_road": 1, "size_m": 1.4, "gt_road_overlap": 1.0, "gt_roof_overlap": 0.0 }, "geometry": { "type": "Polygon", "coordinates": [ [ [ 80.4467386, 16.3098117 ], [ 80.4467513, 16.3098117 ], [ 80.4467514, 16.3098016 ], [ 80.4467386, 16.3098016 ], [ 80.4467386, 16.3098117 ] ] ] } },
{ "type": "Feature", "properties": { "label": "Pothole", "confidence": 0.42, "on_road": 0, "size_m": 0.7, "gt_road_overlap": 0.021, "gt_roof_overlap": 0.0 }, "geometry": { "type": "Polygon", "coordinates": [ [ [ 80.445956, 16.3103488 ], [ 80.4459609, 16.3103488 ], [ 80.4459609, 16.3103423 ], [ 80.445956, 16.3103423 ], [ 80.445956, 16.3103488 ] ] ] } },
{ "type": "Feature", "properties": { "label": "Pothole", "confidence": 0.38, "on_road": 0, "size_m": 2.3, "gt_road_overlap": 0.0, "gt_roof_overlap": 0.0 }, "geometry": { "type": "Polygon", "coordinates": [ [ [ 80.4467812, 16.3107219 ], [ 80.4467905, 16.3107219 ], [ 80.4467906, 16.3107015 ], [ 80.4467812, 16.3107014 ], [ 80.4467812, 16.3107219 ] ] ] } },
{ "type": "Feature", "properties": { "label": "Pothole", "confidence": 0.32, "on_road": 1, "size_m": 0.9, "gt_road_overlap": 1.0, "gt_roof_overlap": 0.0 }, "geometry": { "type": "Polygon", "coordinates": [ [ [ 80.4467907, 16.3107332 ], [ 80.4467993, 16.3107332 ], [ 80.4467993, 16.3107269 ], [ 80.4467907, 16.3107269 ], [ 80.4467907, 16.3107332 ] ] ] } },
{ "type": "Feature", "properties": { "label": "Pothole", "confidence": 0.26, "on_road": 1, "size_m": 1.7, "gt_road_overlap": 1.0, "gt_roof_overlap": 0.0 }, "geometry": { "type": "Polygon", "coordinates": [ [ [ 80.4457856, 16.3107152 ], [ 80.4458014, 16.3107152 ], [ 80.4458014, 16.3107082 ], [ 80.4457856, 16.3107081 ], [ 80.4457856, 16.3107152 ] ] ] } },
{ "type": "Feature", "properties": { "label": "Pothole", "confidence": 0.72, "on_road": 1, "size_m": 1.8, "gt_road_overlap": 0.571, "gt_roof_overlap": 0.0 }, "geometry": { "type": "Polygon", "coordinates": [ [ [ 80.4468197, 16.3098114 ], [ 80.4468365, 16.3098114 ], [ 80.4468365, 16.3097991 ], [ 80.4468197, 16.3097991 ], [ 80.4468197, 16.3098114 ] ] ] } },
{ "type": "Feature", "properties": { "label": "Pothole", "confidence": 0.61, "on_road": 0, "size_m": 7.4, "gt_road_overlap": 0.832, "gt_roof_overlap": 0.0 }, "geometry": { "type": "Polygon", "coordinates": [ [ [ 80.4473625, 16.3103622 ], [ 80.4474322, 16.3103624 ], [ 80.4474323, 16.3103263 ], [ 80.4473626, 16.3103261 ], [ 80.4473625, 16.3103622 ] ] ] } },
{ "type": "Feature", "properties": { "label": "Pothole", "confidence": 0.6, "on_road": 0, "size_m": 1.9, "gt_road_overlap": 0.0, "gt_roof_overlap": 0.0 }, "geometry": { "type": "Polygon", "coordinates": [ [ [ 80.4471375, 16.3101304 ], [ 80.4471505, 16.3101304 ], [ 80.4471505, 16.3101135 ], [ 80.4471376, 16.3101134 ], [ 80.4471375, 16.3101304 ] ] ] } },
{ "type": "Feature", "properties": { "label": "Pothole", "confidence": 0.52, "on_road": 0, "size_m": 2.3, "gt_road_overlap": 0.0, "gt_roof_overlap": 0.0 }, "geometry": { "type": "Polygon", "coordinates": [ [ [ 80.4467808, 16.3107224 ], [ 80.4467905, 16.3107224 ], [ 80.4467906, 16.3107013 ], [ 80.4467808, 16.3107012 ], [ 80.4467808, 16.3107224 ] ] ] } },
{ "type": "Feature", "properties": { "label": "Pothole", "confidence": 0.36, "on_road": 1, "size_m": 0.9, "gt_road_overlap": 0.661, "gt_roof_overlap": 0.0 }, "geometry": { "type": "Polygon", "coordinates": [ [ [ 80.4466121, 16.3107255 ], [ 80.4466166, 16.3107255 ], [ 80.4466166, 16.3107175 ], [ 80.4466121, 16.3107175 ], [ 80.4466121, 16.3107255 ] ] ] } },
{ "type": "Feature", "properties": { "label": "Pothole", "confidence": 0.31, "on_road": 1, "size_m": 1.4, "gt_road_overlap": 1.0, "gt_roof_overlap": 0.0 }, "geometry": { "type": "Polygon", "coordinates": [ [ [ 80.4467388, 16.3098119 ], [ 80.4467517, 16.3098119 ], [ 80.4467517, 16.3098018 ], [ 80.4467388, 16.3098018 ], [ 80.4467388, 16.3098119 ] ] ] } },
{ "type": "Feature", "properties": { "label": "Pothole", "confidence": 0.27, "on_road": 1, "size_m": 0.8, "gt_road_overlap": 1.0, "gt_roof_overlap": 0.0 }, "geometry": { "type": "Polygon", "coordinates": [ [ [ 80.4474231, 16.3107254 ], [ 80.4474269, 16.3107254 ], [ 80.4474269, 16.3107179 ], [ 80.4474231, 16.3107178 ], [ 80.4474231, 16.3107254 ] ] ] } },
{ "type": "Feature", "properties": { "label": "Pothole", "confidence": 0.26, "on_road": 0, "size_m": 0.7, "gt_road_overlap": 0.0, "gt_roof_overlap": 1.0 }, "geometry": { "type": "Polygon", "coordinates": [ [ [ 80.4467093, 16.3101675 ], [ 80.4467161, 16.3101675 ], [ 80.4467161, 16.3101612 ], [ 80.4467093, 16.3101612 ], [ 80.4467093, 16.3101675 ] ] ] } },
{ "type": "Feature", "properties": { "label": "Pothole", "confidence": 0.37, "on_road": 0, "size_m": 1.1, "gt_road_overlap": 0.0, "gt_roof_overlap": 1.0 }, "geometry": { "type": "Polygon", "coordinates": [ [ [ 80.4280769, 16.3091827 ], [ 80.428087, 16.3091828 ], [ 80.428087, 16.3091741 ], [ 80.4280769, 16.3091741 ], [ 80.4280769, 16.3091827 ] ] ] } },
{ "type": "Feature", "properties": { "label": "Pothole", "confidence": 0.79, "on_road": 1, "size_m": 3.9, "gt_road_overlap": 1.0, "gt_roof_overlap": 0.0 }, "geometry": { "type": "Polygon", "coordinates": [ [ [ 80.4286786, 16.3096145 ], [ 80.4287147, 16.3096146 ], [ 80.4287148, 16.3095904 ], [ 80.4286787, 16.3095903 ], [ 80.4286786, 16.3096145 ] ] ] } },
{ "type": "Feature", "properties": { "label": "Pothole", "confidence": 0.78, "on_road": 0, "size_m": 5.6, "gt_road_overlap": 0.0, "gt_roof_overlap": 0.983 }, "geometry": { "type": "Polygon", "coordinates": [ [ [ 80.4289251, 16.3093114 ], [ 80.4289774, 16.3093116 ], [ 80.4289774, 16.3092797 ], [ 80.4289252, 16.3092796 ], [ 80.4289251, 16.3093114 ] ] ] } },
{ "type": "Feature", "properties": { "label": "Pothole", "confidence": 0.77, "on_road": 0, "size_m": 6.8, "gt_road_overlap": 1.0, "gt_roof_overlap": 0.041 }, "geometry": { "type": "Polygon", "coordinates": [ [ [ 80.4287165, 16.3095784 ], [ 80.4287806, 16.3095786 ], [ 80.4287806, 16.3095569 ], [ 80.4287166, 16.3095567 ], [ 80.4287165, 16.3095784 ] ] ] } },
{ "type": "Feature", "properties": { "label": "Pothole", "confidence": 0.7, "on_road": 0, "size_m": 1.1, "gt_road_overlap": 0.0, "gt_roof_overlap": 0.116 }, "geometry": { "type": "Polygon", "coordinates": [ [ [ 80.4292512, 16.3094511 ], [ 80.429261, 16.3094511 ], [ 80.429261, 16.3094413 ], [ 80.4292512, 16.3094413 ], [ 80.4292512, 16.3094511 ] ] ] } },
{ "type": "Feature", "properties": { "label": "Pothole", "confidence": 0.58, "on_road": 1, "size_m": 0.9, "gt_road_overlap": 0.704, "gt_roof_overlap": 0.0 }, "geometry": { "type": "Polygon", "coordinates": [ [ [ 80.4292161, 16.3092448 ], [ 80.4292229, 16.3092448 ], [ 80.4292229, 16.3092368 ], [ 80.4292162, 16.3092368 ], [ 80.4292161, 16.3092448 ] ] ] } },
{ "type": "Feature", "properties": { "label": "Pothole", "confidence": 0.55, "on_road": 1, "size_m": 3.6, "gt_road_overlap": 1.0, "gt_roof_overlap": 0.0 }, "geometry": { "type": "Polygon", "coordinates": [ [ [ 80.4286451, 16.3091513 ], [ 80.4286792, 16.3091514 ], [ 80.4286793, 16.3091355 ], [ 80.4286452, 16.3091354 ], [ 80.4286451, 16.3091513 ] ] ] } },
{ "type": "Feature", "properties": { "label": "Pothole", "confidence": 0.45, "on_road": 0, "size_m": 4.1, "gt_road_overlap": 0.609, "gt_roof_overlap": 0.0 }, "geometry": { "type": "Polygon", "coordinates": [ [ [ 80.4292606, 16.3091995 ], [ 80.4292991, 16.3091996 ], [ 80.4292992, 16.3091635 ], [ 80.4292607, 16.3091634 ], [ 80.4292606, 16.3091995 ] ] ] } },
{ "type": "Feature", "properties": { "label": "Pothole", "confidence": 0.42, "on_road": 0, "size_m": 5.1, "gt_road_overlap": 1.0, "gt_roof_overlap": 0.0 }, "geometry": { "type": "Polygon", "coordinates": [ [ [ 80.4280983, 16.3092916 ], [ 80.4281463, 16.3092918 ], [ 80.4281464, 16.3092636 ], [ 80.4280984, 16.3092634 ], [ 80.4280983, 16.3092916 ] ] ] } },
{ "type": "Feature", "properties": { "label": "Pothole", "confidence": 0.41, "on_road": 1, "size_m": 0.7, "gt_road_overlap": 1.0, "gt_roof_overlap": 0.0 }, "geometry": { "type": "Polygon", "coordinates": [ [ [ 80.4286703, 16.3091307 ], [ 80.428677, 16.3091307 ], [ 80.428677, 16.3091242 ], [ 80.4286703, 16.3091241 ], [ 80.4286703, 16.3091307 ] ] ] } },
{ "type": "Feature", "properties": { "label": "Pothole", "confidence": 0.32, "on_road": 0, "size_m": 1.7, "gt_road_overlap": 0.0, "gt_roof_overlap": 0.0 }, "geometry": { "type": "Polygon", "coordinates": [ [ [ 80.4292204, 16.3093511 ], [ 80.4292362, 16.3093511 ], [ 80.4292362, 16.3093394 ], [ 80.4292205, 16.3093393 ], [ 80.4292204, 16.3093511 ] ] ] } },
{ "type": "Feature", "properties": { "label": "Pothole", "confidence": 0.3, "on_road": 0, "size_m": 5.4, "gt_road_overlap": 1.0, "gt_roof_overlap": 0.019 }, "geometry": { "type": "Polygon", "coordinates": [ [ [ 80.4284098, 16.3096857 ], [ 80.4284607, 16.3096859 ], [ 80.4284608, 16.309658 ], [ 80.4284098, 16.3096579 ], [ 80.4284098, 16.3096857 ] ] ] } },
{ "type": "Feature", "properties": { "label": "Pothole", "confidence": 0.3, "on_road": 0, "size_m": 1.8, "gt_road_overlap": 0.0, "gt_roof_overlap": 0.0 }, "geometry": { "type": "Polygon", "coordinates": [ [ [ 80.4287598, 16.3089629 ], [ 80.4287763, 16.308963 ], [ 80.4287763, 16.3089474 ], [ 80.4287598, 16.3089474 ], [ 80.4287598, 16.3089629 ] ] ] } },
{ "type": "Feature", "properties": { "label": "Pothole", "confidence": 0.27, "on_road": 0, "size_m": 1.8, "gt_road_overlap": 0.002, "gt_roof_overlap": 0.015 }, "geometry": { "type": "Polygon", "coordinates": [ [ [ 80.429156, 16.3091445 ], [ 80.4291715, 16.3091446 ], [ 80.4291715, 16.3091287 ], [ 80.429156, 16.3091286 ], [ 80.429156, 16.3091445 ] ] ] } },
{ "type": "Feature", "properties": { "label": "Pothole", "confidence": 0.25, "on_road": 1, "size_m": 2.0, "gt_road_overlap": 1.0, "gt_roof_overlap": 0.0 }, "geometry": { "type": "Polygon", "coordinates": [ [ [ 80.4282556, 16.3088233 ], [ 80.4282631, 16.3088233 ], [ 80.4282631, 16.308805 ], [ 80.4282556, 16.308805 ], [ 80.4282556, 16.3088233 ] ] ] } },
{ "type": "Feature", "properties": { "label": "Pothole", "confidence": 0.94, "on_road": 1, "size_m": 0.8, "gt_road_overlap": 1.0, "gt_roof_overlap": 0.0 }, "geometry": { "type": "Polygon", "coordinates": [ [ [ 80.4296437, 16.3087683 ], [ 80.4296505, 16.3087684 ], [ 80.4296505, 16.3087611 ], [ 80.4296437, 16.3087611 ], [ 80.4296437, 16.3087683 ] ] ] } },
{ "type": "Feature", "properties": { "label": "Pothole", "confidence": 0.82, "on_road": 1, "size_m": 1.6, "gt_road_overlap": 1.0, "gt_roof_overlap": 0.0 }, "geometry": { "type": "Polygon", "coordinates": [ [ [ 80.4294552, 16.3096578 ], [ 80.429465, 16.3096578 ], [ 80.429465, 16.3096432 ], [ 80.4294553, 16.3096432 ], [ 80.4294552, 16.3096578 ] ] ] } },
{ "type": "Feature", "properties": { "label": "Pothole", "confidence": 0.79, "on_road": 0, "size_m": 1.6, "gt_road_overlap": 0.0, "gt_roof_overlap": 1.0 }, "geometry": { "type": "Polygon", "coordinates": [ [ [ 80.4302734, 16.3093261 ], [ 80.4302861, 16.3093261 ], [ 80.4302862, 16.3093117 ], [ 80.4302734, 16.3093116 ], [ 80.4302734, 16.3093261 ] ] ] } },
{ "type": "Feature", "properties": { "label": "Pothole", "confidence": 0.78, "on_road": 1, "size_m": 2.2, "gt_road_overlap": 1.0, "gt_roof_overlap": 0.0 }, "geometry": { "type": "Polygon", "coordinates": [ [ [ 80.4300585, 16.3090787 ], [ 80.4300664, 16.3090787 ], [ 80.4300664, 16.3090592 ], [ 80.4300586, 16.3090592 ], [ 80.4300585, 16.3090787 ] ] ] } },
{ "type": "Feature", "properties": { "label": "Pothole", "confidence": 0.78, "on_road": 0, "size_m": 0.9, "gt_road_overlap": 0.039, "gt_roof_overlap": 0.0 }, "geometry": { "type": "Polygon", "coordinates": [ [ [ 80.4300619, 16.3089708 ], [ 80.4300675, 16.3089708 ], [ 80.4300676, 16.3089629 ], [ 80.430062, 16.3089628 ], [ 80.4300619, 16.3089708 ] ] ] } },
{ "type": "Feature", "properties": { "label": "Pothole", "confidence": 0.69, "on_road": 0, "size_m": 5.1, "gt_road_overlap": 1.0, "gt_roof_overlap": 0.0 }, "geometry": { "type": "Polygon", "coordinates": [ [ [ 80.4295615, 16.3087272 ], [ 80.4296094, 16.3087273 ], [ 80.4296095, 16.3087063 ], [ 80.4295615, 16.3087062 ], [ 80.4295615, 16.3087272 ] ] ] } },
{ "type": "Feature", "properties": { "label": "Pothole", "confidence": 0.55, "on_road": 1, "size_m": 4.0, "gt_road_overlap": 1.0, "gt_roof_overlap": 0.0 }, "geometry": { "type": "Polygon", "coordinates": [ [ [ 80.4297546, 16.3086803 ], [ 80.4297921, 16.3086804 ], [ 80.4297922, 16.3086486 ], [ 80.4297547, 16.3086485 ], [ 80.4297546, 16.3086803 ] ] ] } },
{ "type": "Feature", "properties": { "label": "Transverse crack", "confidence": 0.46, "on_road": 0, "size_m": 3.2, "gt_road_overlap": 0.0, "gt_roof_overlap": 0.448 }, "geometry": { "type": "Polygon", "coordinates": [ [ [ 80.4299608, 16.3093934 ], [ 80.4299912, 16.3093935 ], [ 80.4299913, 16.3093772 ], [ 80.4299609, 16.3093771 ], [ 80.4299608, 16.3093934 ] ] ] } },
{ "type": "Feature", "properties": { "label": "Pothole", "confidence": 0.39, "on_road": 1, "size_m": 1.3, "gt_road_overlap": 1.0, "gt_roof_overlap": 0.0 }, "geometry": { "type": "Polygon", "coordinates": [ [ [ 80.4305654, 16.3088058 ], [ 80.4305774, 16.3088059 ], [ 80.4305775, 16.3087983 ], [ 80.4305655, 16.3087982 ], [ 80.4305654, 16.3088058 ] ] ] } },
{ "type": "Feature", "properties": { "label": "Pothole", "confidence": 0.33, "on_road": 1, "size_m": 0.6, "gt_road_overlap": 1.0, "gt_roof_overlap": 0.0 }, "geometry": { "type": "Polygon", "coordinates": [ [ [ 80.4296569, 16.3087412 ], [ 80.4296621, 16.3087412 ], [ 80.4296622, 16.3087376 ], [ 80.4296569, 16.3087376 ], [ 80.4296569, 16.3087412 ] ] ] } },
{ "type": "Feature", "properties": { "label": "Pothole", "confidence": 0.33, "on_road": 1, "size_m": 2.8, "gt_road_overlap": 1.0, "gt_roof_overlap": 0.0 }, "geometry": { "type": "Polygon", "coordinates": [ [ [ 80.4301068, 16.3092378 ], [ 80.4301237, 16.3092378 ], [ 80.4301238, 16.3092121 ], [ 80.4301069, 16.3092121 ], [ 80.4301068, 16.3092378 ] ] ] } },
{ "type": "Feature", "properties": { "label": "Pothole", "confidence": 0.31, "on_road": 0, "size_m": 5.3, "gt_road_overlap": 1.0, "gt_roof_overlap": 0.0 }, "geometry": { "type": "Polygon", "coordinates": [ [ [ 80.4299895, 16.3085864 ], [ 80.4300393, 16.3085865 ], [ 80.4300394, 16.3085542 ], [ 80.4299896, 16.308554 ], [ 80.4299895, 16.3085864 ] ] ] } },
{ "type": "Feature", "properties": { "label": "Pothole", "confidence": 0.31, "on_road": 1, "size_m": 1.0, "gt_road_overlap": 1.0, "gt_roof_overlap": 0.0 }, "geometry": { "type": "Polygon", "coordinates": [ [ [ 80.4298748, 16.308613 ], [ 80.4298838, 16.3086131 ], [ 80.4298838, 16.3086073 ], [ 80.4298748, 16.3086073 ], [ 80.4298748, 16.308613 ] ] ] } },
{ "type": "Feature", "properties": { "label": "Pothole", "confidence": 0.31, "on_road": 0, "size_m": 2.5, "gt_road_overlap": 0.0, "gt_roof_overlap": 1.0 }, "geometry": { "type": "Polygon", "coordinates": [ [ [ 80.4302181, 16.3090273 ], [ 80.4302338, 16.3090273 ], [ 80.4302339, 16.3090045 ], [ 80.4302182, 16.3090045 ], [ 80.4302181, 16.3090273 ] ] ] } },
{ "type": "Feature", "properties": { "label": "Pothole", "confidence": 0.28, "on_road": 1, "size_m": 0.5, "gt_road_overlap": 1.0, "gt_roof_overlap": 0.0 }, "geometry": { "type": "Polygon", "coordinates": [ [ [ 80.4301315, 16.3093107 ], [ 80.430136, 16.3093107 ], [ 80.430136, 16.3093064 ], [ 80.4301315, 16.3093064 ], [ 80.4301315, 16.3093107 ] ] ] } },
{ "type": "Feature", "properties": { "label": "Pothole", "confidence": 0.81, "on_road": 1, "size_m": 0.7, "gt_road_overlap": 1.0, "gt_roof_overlap": 0.0 }, "geometry": { "type": "Polygon", "coordinates": [ [ [ 80.4312417, 16.3090362 ], [ 80.431247, 16.3090362 ], [ 80.431247, 16.3090297 ], [ 80.4312418, 16.3090297 ], [ 80.4312417, 16.3090362 ] ] ] } },
{ "type": "Feature", "properties": { "label": "Pothole", "confidence": 0.73, "on_road": 1, "size_m": 1.0, "gt_road_overlap": 1.0, "gt_roof_overlap": 0.0 }, "geometry": { "type": "Polygon", "coordinates": [ [ [ 80.4318495, 16.3093551 ], [ 80.4318554, 16.3093551 ], [ 80.4318555, 16.3093461 ], [ 80.4318495, 16.3093461 ], [ 80.4318495, 16.3093551 ] ] ] } },
{ "type": "Feature", "properties": { "label": "Pothole", "confidence": 0.7, "on_road": 1, "size_m": 0.8, "gt_road_overlap": 1.0, "gt_roof_overlap": 0.0 }, "geometry": { "type": "Polygon", "coordinates": [ [ [ 80.4313666, 16.3089956 ], [ 80.4313738, 16.3089957 ], [ 80.4313739, 16.3089899 ], [ 80.4313667, 16.3089899 ], [ 80.4313666, 16.3089956 ] ] ] } },
{ "type": "Feature", "properties": { "label": "Pothole", "confidence": 0.6, "on_road": 1, "size_m": 0.9, "gt_road_overlap": 1.0, "gt_roof_overlap": 0.0 }, "geometry": { "type": "Polygon", "coordinates": [ [ [ 80.431647, 16.3088719 ], [ 80.4316548, 16.3088719 ], [ 80.4316549, 16.3088638 ], [ 80.431647, 16.3088638 ], [ 80.431647, 16.3088719 ] ] ] } },
{ "type": "Feature", "properties": { "label": "Pothole", "confidence": 0.54, "on_road": 0, "size_m": 6.6, "gt_road_overlap": 1.0, "gt_roof_overlap": 0.0 }, "geometry": { "type": "Polygon", "coordinates": [ [ [ 80.4314526, 16.3086276 ], [ 80.4314811, 16.3086277 ], [ 80.4314812, 16.308568 ], [ 80.4314528, 16.3085679 ], [ 80.4314526, 16.3086276 ] ] ] } },
{ "type": "Feature", "properties": { "label": "Pothole", "confidence": 0.52, "on_road": 1, "size_m": 0.8, "gt_road_overlap": 1.0, "gt_roof_overlap": 0.0 }, "geometry": { "type": "Polygon", "coordinates": [ [ [ 80.4316097, 16.3088792 ], [ 80.4316176, 16.3088793 ], [ 80.4316176, 16.3088718 ], [ 80.4316097, 16.3088718 ], [ 80.4316097, 16.3088792 ] ] ] } },
{ "type": "Feature", "properties": { "label": "Pothole", "confidence": 0.5, "on_road": 1, "size_m": 1.8, "gt_road_overlap": 1.0, "gt_roof_overlap": 0.182 }, "geometry": { "type": "Polygon", "coordinates": [ [ [ 80.4320945, 16.3086366 ], [ 80.4321118, 16.3086367 ], [ 80.4321118, 16.3086226 ], [ 80.4320946, 16.3086225 ], [ 80.4320945, 16.3086366 ] ] ] } },
{ "type": "Feature", "properties": { "label": "Pothole", "confidence": 0.39, "on_road": 0, "size_m": 0.8, "gt_road_overlap": 0.0, "gt_roof_overlap": 0.0 }, "geometry": { "type": "Polygon", "coordinates": [ [ [ 80.4313166, 16.3093781 ], [ 80.4313221, 16.3093781 ], [ 80.4313221, 16.3093705 ], [ 80.4313166, 16.3093705 ], [ 80.4313166, 16.3093781 ] ] ] } },
{ "type": "Feature", "properties": { "label": "Pothole", "confidence": 0.35, "on_road": 1, "size_m": 1.7, "gt_road_overlap": 1.0, "gt_roof_overlap": 0.0 }, "geometry": { "type": "Polygon", "coordinates": [ [ [ 80.4311239, 16.3089212 ], [ 80.43114, 16.3089213 ], [ 80.4311401, 16.308909 ], [ 80.431124, 16.3089089 ], [ 80.4311239, 16.3089212 ] ] ] } },
{ "type": "Feature", "properties": { "label": "Pothole", "confidence": 0.34, "on_road": 1, "size_m": 2.7, "gt_road_overlap": 1.0, "gt_roof_overlap": 0.0 }, "geometry": { "type": "Polygon", "coordinates": [ [ [ 80.4308248, 16.3095129 ], [ 80.4308502, 16.309513 ], [ 80.4308503, 16.3094902 ], [ 80.4308248, 16.3094901 ], [ 80.4308248, 16.3095129 ] ] ] } },
{ "type": "Feature", "properties": { "label": "Pothole", "confidence": 0.33, "on_road": 0, "size_m": 1.4, "gt_road_overlap": 0.0, "gt_roof_overlap": 1.0 }, "geometry": { "type": "Polygon", "coordinates": [ [ [ 80.4311741, 16.3093014 ], [ 80.4311869, 16.3093014 ], [ 80.4311869, 16.3092906 ], [ 80.4311742, 16.3092905 ], [ 80.4311741, 16.3093014 ] ] ] } },
{ "type": "Feature", "properties": { "label": "Pothole", "confidence": 0.32, "on_road": 0, "size_m": 1.0, "gt_road_overlap": 0.0, "gt_roof_overlap": 0.0 }, "geometry": { "type": "Polygon", "coordinates": [ [ [ 80.4311322, 16.3091487 ], [ 80.4311384, 16.3091487 ], [ 80.4311384, 16.3091398 ], [ 80.4311322, 16.3091398 ], [ 80.4311322, 16.3091487 ] ] ] } },
{ "type": "Feature", "properties": { "label": "Pothole", "confidence": 0.31, "on_road": 1, "size_m": 3.0, "gt_road_overlap": 1.0, "gt_roof_overlap": 0.0 }, "geometry": { "type": "Polygon", "coordinates": [ [ [ 80.4311259, 16.3089469 ], [ 80.4311536, 16.308947 ], [ 80.4311537, 16.308935 ], [ 80.431126, 16.308935 ], [ 80.4311259, 16.3089469 ] ] ] } },
{ "type": "Feature", "properties": { "label": "Pothole", "confidence": 0.3, "on_road": 1, "size_m": 3.7, "gt_road_overlap": 1.0, "gt_roof_overlap": 0.0 }, "geometry": { "type": "Polygon", "coordinates": [ [ [ 80.4316659, 16.3095788 ], [ 80.4317007, 16.3095789 ], [ 80.4317008, 16.3095615 ], [ 80.431666, 16.3095614 ], [ 80.4316659, 16.3095788 ] ] ] } },
{ "type": "Feature", "properties": { "label": "Pothole", "confidence": 0.3, "on_road": 1, "size_m": 1.4, "gt_road_overlap": 1.0, "gt_roof_overlap": 0.0 }, "geometry": { "type": "Polygon", "coordinates": [ [ [ 80.4313411, 16.3089901 ], [ 80.4313513, 16.3089902 ], [ 80.4313513, 16.3089779 ], [ 80.4313412, 16.3089779 ], [ 80.4313411, 16.3089901 ] ] ] } },
{ "type": "Feature", "properties": { "label": "Pothole", "confidence": 0.29, "on_road": 1, "size_m": 0.5, "gt_road_overlap": 1.0, "gt_roof_overlap": 0.0 }, "geometry": { "type": "Polygon", "coordinates": [ [ [ 80.431122, 16.3090638 ], [ 80.4311265, 16.3090638 ], [ 80.4311265, 16.30906 ], [ 80.431122, 16.30906 ], [ 80.431122, 16.3090638 ] ] ] } },
{ "type": "Feature", "properties": { "label": "Pothole", "confidence": 0.28, "on_road": 0, "size_m": 1.2, "gt_road_overlap": 0.0, "gt_roof_overlap": 1.0 }, "geometry": { "type": "Polygon", "coordinates": [ [ [ 80.4320581, 16.3096337 ], [ 80.4320679, 16.3096337 ], [ 80.4320679, 16.3096229 ], [ 80.4320582, 16.3096229 ], [ 80.4320581, 16.3096337 ] ] ] } },
{ "type": "Feature", "properties": { "label": "Pothole", "confidence": 0.27, "on_road": 0, "size_m": 6.2, "gt_road_overlap": 0.003, "gt_roof_overlap": 0.0 }, "geometry": { "type": "Polygon", "coordinates": [ [ [ 80.4310058, 16.309191 ], [ 80.4310634, 16.3091912 ], [ 80.4310636, 16.3091534 ], [ 80.4310059, 16.3091532 ], [ 80.4310058, 16.309191 ] ] ] } },
{ "type": "Feature", "properties": { "label": "Pothole", "confidence": 0.27, "on_road": 1, "size_m": 1.6, "gt_road_overlap": 1.0, "gt_roof_overlap": 0.0 }, "geometry": { "type": "Polygon", "coordinates": [ [ [ 80.4318404, 16.3093334 ], [ 80.431849, 16.3093334 ], [ 80.431849, 16.3093186 ], [ 80.4318404, 16.3093186 ], [ 80.4318404, 16.3093334 ] ] ] } },
{ "type": "Feature", "properties": { "label": "Pothole", "confidence": 0.27, "on_road": 1, "size_m": 2.4, "gt_road_overlap": 1.0, "gt_roof_overlap": 0.0 }, "geometry": { "type": "Polygon", "coordinates": [ [ [ 80.4314518, 16.3085894 ], [ 80.4314727, 16.3085895 ], [ 80.4314728, 16.3085678 ], [ 80.4314518, 16.3085677 ], [ 80.4314518, 16.3085894 ] ] ] } },
{ "type": "Feature", "properties": { "label": "Pothole", "confidence": 0.25, "on_road": 0, "size_m": 5.6, "gt_road_overlap": 1.0, "gt_roof_overlap": 0.0 }, "geometry": { "type": "Polygon", "coordinates": [ [ [ 80.4318409, 16.3087832 ], [ 80.4318628, 16.3087833 ], [ 80.4318629, 16.3087328 ], [ 80.431841, 16.3087328 ], [ 80.4318409, 16.3087832 ] ] ] } },
{ "type": "Feature", "properties": { "label": "Pothole", "confidence": 0.7, "on_road": 1, "size_m": 1.2, "gt_road_overlap": 1.0, "gt_roof_overlap": 0.0 }, "geometry": { "type": "Polygon", "coordinates": [ [ [ 80.4334109, 16.3091182 ], [ 80.4334222, 16.3091182 ], [ 80.4334222, 16.3091083 ], [ 80.433411, 16.3091083 ], [ 80.4334109, 16.3091182 ] ] ] } },
{ "type": "Feature", "properties": { "label": "Pothole", "confidence": 0.68, "on_road": 1, "size_m": 1.9, "gt_road_overlap": 1.0, "gt_roof_overlap": 0.0 }, "geometry": { "type": "Polygon", "coordinates": [ [ [ 80.4323561, 16.309139 ], [ 80.4323741, 16.309139 ], [ 80.4323741, 16.3091224 ], [ 80.4323562, 16.3091223 ], [ 80.4323561, 16.309139 ] ] ] } },
{ "type": "Feature", "properties": { "label": "Pothole", "confidence": 0.55, "on_road": 0, "size_m": 1.6, "gt_road_overlap": 0.0, "gt_roof_overlap": 0.0 }, "geometry": { "type": "Polygon", "coordinates": [ [ [ 80.4332844, 16.3085933 ], [ 80.4332934, 16.3085933 ], [ 80.4332934, 16.3085792 ], [ 80.4332844, 16.3085792 ], [ 80.4332844, 16.3085933 ] ] ] } },
{ "type": "Feature", "properties": { "label": "Pothole", "confidence": 0.51, "on_road": 1, "size_m": 3.6, "gt_road_overlap": 1.0, "gt_roof_overlap": 0.0 }, "geometry": { "type": "Polygon", "coordinates": [ [ [ 80.4334323, 16.3093715 ], [ 80.4334555, 16.3093715 ], [ 80.4334556, 16.3093393 ], [ 80.4334324, 16.3093393 ], [ 80.4334323, 16.3093715 ] ] ] } },
{ "type": "Feature", "properties": { "label": "Pothole", "confidence": 0.5, "on_road": 0, "size_m": 1.0, "gt_road_overlap": 0.0, "gt_roof_overlap": 0.0 }, "geometry": { "type": "Polygon", "coordinates": [ [ [ 80.4331739, 16.3086074 ], [ 80.4331833, 16.3086075 ], [ 80.4331833, 16.3085984 ], [ 80.4331739, 16.3085984 ], [ 80.4331739, 16.3086074 ] ] ] } },
{ "type": "Feature", "properties": { "label": "Pothole", "confidence": 0.49, "on_road": 1, "size_m": 0.7, "gt_road_overlap": 1.0, "gt_roof_overlap": 0.0 }, "geometry": { "type": "Polygon", "coordinates": [ [ [ 80.4327179, 16.3091548 ], [ 80.4327237, 16.3091549 ], [ 80.4327237, 16.3091482 ], [ 80.4327179, 16.3091482 ], [ 80.4327179, 16.3091548 ] ] ] } },
{ "type": "Feature", "properties": { "label": "Pothole", "confidence": 0.47, "on_road": 0, "size_m": 4.4, "gt_road_overlap": 1.0, "gt_roof_overlap": 0.0 }, "geometry": { "type": "Polygon", "coordinates": [ [ [ 80.4322785, 16.3085836 ], [ 80.4323193, 16.3085837 ], [ 80.4323194, 16.3085552 ], [ 80.4322786, 16.3085551 ], [ 80.4322785, 16.3085836 ] ] ] } },
{ "type": "Feature", "properties": { "label": "Pothole", "confidence": 0.39, "on_road": 0, "size_m": 5.5, "gt_road_overlap": 1.0, "gt_roof_overlap": 0.0 }, "geometry": { "type": "Polygon", "coordinates": [ [ [ 80.4332511, 16.3096306 ], [ 80.4333028, 16.3096307 ], [ 80.4333028, 16.3096054 ], [ 80.4332512, 16.3096053 ], [ 80.4332511, 16.3096306 ] ] ] } },
{ "type": "Feature", "properties": { "label": "Pothole", "confidence": 0.35, "on_road": 0, "size_m": 0.8, "gt_road_overlap": 0.0, "gt_roof_overlap": 0.0 }, "geometry": { "type": "Polygon", "coordinates": [ [ [ 80.433234, 16.309717 ], [ 80.4332407, 16.309717 ], [ 80.4332407, 16.3097094 ], [ 80.433234, 16.3097094 ], [ 80.433234, 16.309717 ] ] ] } },
{ "type": "Feature", "properties": { "label": "Pothole", "confidence": 0.35, "on_road": 0, "size_m": 4.9, "gt_road_overlap": 0.869, "gt_roof_overlap": 0.0 }, "geometry": { "type": "Polygon", "coordinates": [ [ [ 80.4323411, 16.3085969 ], [ 80.4323871, 16.308597 ], [ 80.4323872, 16.3085713 ], [ 80.4323411, 16.3085712 ], [ 80.4323411, 16.3085969 ] ] ] } },
{ "type": "Feature", "properties": { "label": "Pothole", "confidence": 0.31, "on_road": 1, "size_m": 1.4, "gt_road_overlap": 0.991, "gt_roof_overlap": 0.0 }, "geometry": { "type": "Polygon", "coordinates": [ [ [ 80.4334446, 16.3095326 ], [ 80.4334498, 16.3095326 ], [ 80.4334498, 16.3095196 ], [ 80.4334446, 16.3095196 ], [ 80.4334446, 16.3095326 ] ] ] } },
{ "type": "Feature", "properties": { "label": "Pothole", "confidence": 0.3, "on_road": 0, "size_m": 0.8, "gt_road_overlap": 0.0, "gt_roof_overlap": 0.0 }, "geometry": { "type": "Polygon", "coordinates": [ [ [ 80.4329332, 16.3085884 ], [ 80.4329407, 16.3085884 ], [ 80.4329407, 16.3085808 ], [ 80.4329332, 16.3085808 ], [ 80.4329332, 16.3085884 ] ] ] } },
{ "type": "Feature", "properties": { "label": "Pothole", "confidence": 0.27, "on_road": 0, "size_m": 0.7, "gt_road_overlap": 0.0, "gt_roof_overlap": 1.0 }, "geometry": { "type": "Polygon", "coordinates": [ [ [ 80.4329186, 16.3094804 ], [ 80.4329231, 16.3094804 ], [ 80.4329232, 16.3094739 ], [ 80.4329187, 16.3094739 ], [ 80.4329186, 16.3094804 ] ] ] } },
{ "type": "Feature", "properties": { "label": "Pothole", "confidence": 0.26, "on_road": 1, "size_m": 1.2, "gt_road_overlap": 1.0, "gt_roof_overlap": 0.0 }, "geometry": { "type": "Polygon", "coordinates": [ [ [ 80.4333824, 16.3088791 ], [ 80.4333933, 16.3088791 ], [ 80.4333933, 16.308871 ], [ 80.4333824, 16.308871 ], [ 80.4333824, 16.3088791 ] ] ] } },
{ "type": "Feature", "properties": { "label": "Pothole", "confidence": 0.26, "on_road": 0, "size_m": 1.9, "gt_road_overlap": 0.0, "gt_roof_overlap": 0.0 }, "geometry": { "type": "Polygon", "coordinates": [ [ [ 80.4327988, 16.3085012 ], [ 80.4328164, 16.3085013 ], [ 80.4328165, 16.308489 ], [ 80.4327989, 16.3084889 ], [ 80.4327988, 16.3085012 ] ] ] } },
{ "type": "Feature", "properties": { "label": "Pothole", "confidence": 0.75, "on_road": 1, "size_m": 1.6, "gt_road_overlap": 1.0, "gt_roof_overlap": 0.0 }, "geometry": { "type": "Polygon", "coordinates": [ [ [ 80.4338553, 16.309184 ], [ 80.4338665, 16.3091841 ], [ 80.4338666, 16.3091696 ], [ 80.4338553, 16.3091696 ], [ 80.4338553, 16.309184 ] ] ] } },
{ "type": "Feature", "properties": { "label": "Pothole", "confidence": 0.63, "on_road": 0, "size_m": 5.8, "gt_road_overlap": 1.0, "gt_roof_overlap": 0.0 }, "geometry": { "type": "Polygon", "coordinates": [ [ [ 80.4341398, 16.3094836 ], [ 80.4341943, 16.3094838 ], [ 80.4341944, 16.3094635 ], [ 80.4341399, 16.3094634 ], [ 80.4341398, 16.3094836 ] ] ] } },
{ "type": "Feature", "properties": { "label": "Pothole", "confidence": 0.63, "on_road": 1, "size_m": 3.5, "gt_road_overlap": 1.0, "gt_roof_overlap": 0.0 }, "geometry": { "type": "Polygon", "coordinates": [ [ [ 80.4335067, 16.3095246 ], [ 80.4335243, 16.3095247 ], [ 80.4335244, 16.3094928 ], [ 80.4335068, 16.3094928 ], [ 80.4335067, 16.3095246 ] ] ] } },
{ "type": "Feature", "properties": { "label": "Pothole", "confidence": 0.56, "on_road": 1, "size_m": 1.1, "gt_road_overlap": 1.0, "gt_roof_overlap": 0.0 }, "geometry": { "type": "Polygon", "coordinates": [ [ [ 80.4346452, 16.3093344 ], [ 80.4346557, 16.3093344 ], [ 80.4346557, 16.3093272 ], [ 80.4346452, 16.3093272 ], [ 80.4346452, 16.3093344 ] ] ] } },
{ "type": "Feature", "properties": { "label": "Pothole", "confidence": 0.48, "on_road": 1, "size_m": 1.7, "gt_road_overlap": 1.0, "gt_roof_overlap": 0.0 }, "geometry": { "type": "Polygon", "coordinates": [ [ [ 80.4338769, 16.3086512 ], [ 80.4338912, 16.3086513 ], [ 80.4338912, 16.3086363 ], [ 80.433877, 16.3086362 ], [ 80.4338769, 16.3086512 ] ] ] } },
{ "type": "Feature", "properties": { "label": "Pothole", "confidence": 0.47, "on_road": 1, "size_m": 1.8, "gt_road_overlap": 0.765, "gt_roof_overlap": 0.0 }, "geometry": { "type": "Polygon", "coordinates": [ [ [ 80.4339563, 16.3086553 ], [ 80.4339735, 16.3086553 ], [ 80.4339736, 16.308643 ], [ 80.4339563, 16.308643 ], [ 80.4339563, 16.3086553 ] ] ] } },
{ "type": "Feature", "properties": { "label": "Pothole", "confidence": 0.46, "on_road": 0, "size_m": 1.0, "gt_road_overlap": 0.0, "gt_roof_overlap": 0.0 }, "geometry": { "type": "Polygon", "coordinates": [ [ [ 80.4347216, 16.309175 ], [ 80.4347314, 16.309175 ], [ 80.4347314, 16.3091688 ], [ 80.4347217, 16.3091688 ], [ 80.4347216, 16.309175 ] ] ] } },
{ "type": "Feature", "properties": { "label": "Pothole", "confidence": 0.41, "on_road": 1, "size_m": 1.2, "gt_road_overlap": 1.0, "gt_roof_overlap": 0.0 }, "geometry": { "type": "Polygon", "coordinates": [ [ [ 80.4335146, 16.3095386 ], [ 80.4335187, 16.3095386 ], [ 80.4335187, 16.3095274 ], [ 80.4335146, 16.3095273 ], [ 80.4335146, 16.3095386 ] ] ] } },
{ "type": "Feature", "properties": { "label": "Pothole", "confidence": 0.36, "on_road": 1, "size_m": 3.4, "gt_road_overlap": 1.0, "gt_roof_overlap": 0.0 }, "geometry": { "type": "Polygon", "coordinates": [ [ [ 80.4335397, 16.3097098 ], [ 80.4335717, 16.3097099 ], [ 80.4335718, 16.3096799 ], [ 80.4335398, 16.3096798 ], [ 80.4335397, 16.3097098 ] ] ] } },
{ "type": "Feature", "properties": { "label": "Pothole", "confidence": 0.35, "on_road": 1, "size_m": 1.5, "gt_road_overlap": 1.0, "gt_roof_overlap": 0.0 }, "geometry": { "type": "Polygon", "coordinates": [ [ [ 80.4338904, 16.3086694 ], [ 80.4339042, 16.3086694 ], [ 80.4339043, 16.3086557 ], [ 80.4338904, 16.3086557 ], [ 80.4338904, 16.3086694 ] ] ] } },
{ "type": "Feature", "properties": { "label": "Pothole", "confidence": 0.31, "on_road": 0, "size_m": 9.1, "gt_road_overlap": 0.999, "gt_roof_overlap": 0.033 }, "geometry": { "type": "Polygon", "coordinates": [ [ [ 80.4347466, 16.3092882 ], [ 80.4348316, 16.3092884 ], [ 80.4348317, 16.3092443 ], [ 80.4347467, 16.3092441 ], [ 80.4347466, 16.3092882 ] ] ] } },
{ "type": "Feature", "properties": { "label": "Pothole", "confidence": 0.31, "on_road": 0, "size_m": 1.9, "gt_road_overlap": 0.0, "gt_roof_overlap": 1.0 }, "geometry": { "type": "Polygon", "coordinates": [ [ [ 80.4342728, 16.3086097 ], [ 80.4342833, 16.3086097 ], [ 80.4342834, 16.3085923 ], [ 80.4342729, 16.3085923 ], [ 80.4342728, 16.3086097 ] ] ] } },
{ "type": "Feature", "properties": { "label": "Pothole", "confidence": 0.76, "on_road": 1, "size_m": 1.8, "gt_road_overlap": 1.0, "gt_roof_overlap": 0.0 }, "geometry": { "type": "Polygon", "coordinates": [ [ [ 80.4356799, 16.3085778 ], [ 80.4356927, 16.3085779 ], [ 80.4356927, 16.3085616 ], [ 80.43568, 16.3085615 ], [ 80.4356799, 16.3085778 ] ] ] } },
{ "type": "Feature", "properties": { "label": "Pothole", "confidence": 0.74, "on_road": 1, "size_m": 0.7, "gt_road_overlap": 1.0, "gt_roof_overlap": 0.0 }, "geometry": { "type": "Polygon", "coordinates": [ [ [ 80.4358601, 16.3096119 ], [ 80.4358661, 16.3096119 ], [ 80.4358662, 16.3096054 ], [ 80.4358602, 16.3096054 ], [ 80.4358601, 16.3096119 ] ] ] } },
{ "type": "Feature", "properties": { "label": "Repaired patch", "confidence": 0.63, "on_road": 0, "size_m": 20.4, "gt_road_overlap": 0.198, "gt_roof_overlap": 0.377 }, "geometry": { "type": "Polygon", "coordinates": [ [ [ 80.4355217, 16.3088229 ], [ 80.435713, 16.3088234 ], [ 80.4357132, 16.3087587 ], [ 80.4355219, 16.3087582 ], [ 80.4355217, 16.3088229 ] ] ] } },
{ "type": "Feature", "properties": { "label": "Pothole", "confidence": 0.51, "on_road": 1, "size_m": 3.4, "gt_road_overlap": 1.0, "gt_roof_overlap": 0.0 }, "geometry": { "type": "Polygon", "coordinates": [ [ [ 80.4348767, 16.3095587 ], [ 80.4349066, 16.3095587 ], [ 80.4349067, 16.3095276 ], [ 80.4348768, 16.3095276 ], [ 80.4348767, 16.3095587 ] ] ] } },
{ "type": "Feature", "properties": { "label": "Pothole", "confidence": 0.5, "on_road": 1, "size_m": 0.9, "gt_road_overlap": 1.0, "gt_roof_overlap": 0.0 }, "geometry": { "type": "Polygon", "coordinates": [ [ [ 80.4358063, 16.3093408 ], [ 80.4358141, 16.3093408 ], [ 80.4358141, 16.3093325 ], [ 80.4358063, 16.3093324 ], [ 80.4358063, 16.3093408 ] ] ] } },
{ "type": "Feature", "properties": { "label": "Pothole", "confidence": 0.49, "on_road": 1, "size_m": 1.4, "gt_road_overlap": 1.0, "gt_roof_overlap": 0.0 }, "geometry": { "type": "Polygon", "coordinates": [ [ [ 80.4358025, 16.3094279 ], [ 80.4358069, 16.3094279 ], [ 80.435807, 16.3094156 ], [ 80.4358025, 16.3094156 ], [ 80.4358025, 16.3094279 ] ] ] } },
{ "type": "Feature", "properties": { "label": "Pothole", "confidence": 0.46, "on_road": 0, "size_m": 0.7, "gt_road_overlap": 0.0, "gt_roof_overlap": 0.0 }, "geometry": { "type": "Polygon", "coordinates": [ [ [ 80.4359266, 16.3094512 ], [ 80.4359328, 16.3094512 ], [ 80.4359328, 16.3094445 ], [ 80.4359266, 16.3094445 ], [ 80.4359266, 16.3094512 ] ] ] } },
{ "type": "Feature", "properties": { "label": "Pothole", "confidence": 0.4, "on_road": 1, "size_m": 0.9, "gt_road_overlap": 1.0, "gt_roof_overlap": 0.0 }, "geometry": { "type": "Polygon", "coordinates": [ [ [ 80.435824, 16.3094262 ], [ 80.4358315, 16.3094262 ], [ 80.4358315, 16.3094181 ], [ 80.435824, 16.3094181 ], [ 80.435824, 16.3094262 ] ] ] } },
{ "type": "Feature", "properties": { "label": "Pothole", "confidence": 0.4, "on_road": 1, "size_m": 1.6, "gt_road_overlap": 1.0, "gt_roof_overlap": 0.0 }, "geometry": { "type": "Polygon", "coordinates": [ [ [ 80.4357588, 16.3092265 ], [ 80.4357704, 16.3092265 ], [ 80.4357704, 16.3092122 ], [ 80.4357588, 16.3092122 ], [ 80.4357588, 16.3092265 ] ] ] } },
{ "type": "Feature", "properties": { "label": "Alligator crack", "confidence": 0.38, "on_road": 0, "size_m": 11.0, "gt_road_overlap": 0.014, "gt_roof_overlap": 1.0 }, "geometry": { "type": "Polygon", "coordinates": [ [ [ 80.43567, 16.3089491 ], [ 80.4357126, 16.3089493 ], [ 80.4357129, 16.3088502 ], [ 80.4356702, 16.3088501 ], [ 80.43567, 16.3089491 ] ] ] } },
{ "type": "Feature", "properties": { "label": "Pothole", "confidence": 0.37, "on_road": 1, "size_m": 1.0, "gt_road_overlap": 1.0, "gt_roof_overlap": 0.0 }, "geometry": { "type": "Polygon", "coordinates": [ [ [ 80.4348689, 16.3093449 ], [ 80.4348745, 16.309345 ], [ 80.4348745, 16.3093359 ], [ 80.4348689, 16.3093359 ], [ 80.4348689, 16.3093449 ] ] ] } },
{ "type": "Feature", "properties": { "label": "Pothole", "confidence": 0.34, "on_road": 1, "size_m": 1.7, "gt_road_overlap": 1.0, "gt_roof_overlap": 0.0 }, "geometry": { "type": "Polygon", "coordinates": [ [ [ 80.4350931, 16.3088949 ], [ 80.4350995, 16.3088949 ], [ 80.4350995, 16.3088794 ], [ 80.4350932, 16.3088794 ], [ 80.4350931, 16.3088949 ] ] ] } },
{ "type": "Feature", "properties": { "label": "Pothole", "confidence": 0.33, "on_road": 0, "size_m": 4.9, "gt_road_overlap": 1.0, "gt_roof_overlap": 0.0 }, "geometry": { "type": "Polygon", "coordinates": [ [ [ 80.4353304, 16.3085554 ], [ 80.4353767, 16.3085555 ], [ 80.4353768, 16.3085139 ], [ 80.4353305, 16.3085138 ], [ 80.4353304, 16.3085554 ] ] ] } },
{ "type": "Feature", "properties": { "label": "Pothole", "confidence": 0.33, "on_road": 1, "size_m": 0.8, "gt_road_overlap": 1.0, "gt_roof_overlap": 0.0 }, "geometry": { "type": "Polygon", "coordinates": [ [ [ 80.4352289, 16.3092075 ], [ 80.4352364, 16.3092076 ], [ 80.4352364, 16.309201 ], [ 80.4352289, 16.3092009 ], [ 80.4352289, 16.3092075 ] ] ] } },
{ "type": "Feature", "properties": { "label": "Pothole", "confidence": 0.32, "on_road": 1, "size_m": 0.8, "gt_road_overlap": 1.0, "gt_roof_overlap": 0.0 }, "geometry": { "type": "Polygon", "coordinates": [ [ [ 80.435177, 16.3092122 ], [ 80.4351826, 16.3092123 ], [ 80.4351827, 16.3092052 ], [ 80.435177, 16.3092052 ], [ 80.435177, 16.3092122 ] ] ] } },
{ "type": "Feature", "properties": { "label": "Pothole", "confidence": 0.32, "on_road": 0, "size_m": 4.6, "gt_road_overlap": 1.0, "gt_roof_overlap": 0.0 }, "geometry": { "type": "Polygon", "coordinates": [ [ [ 80.4348846, 16.3096691 ], [ 80.4349061, 16.3096692 ], [ 80.4349062, 16.3096273 ], [ 80.4348847, 16.3096272 ], [ 80.4348846, 16.3096691 ] ] ] } },
{ "type": "Feature", "properties": { "label": "Pothole", "confidence": 0.25, "on_road": 1, "size_m": 2.6, "gt_road_overlap": 1.0, "gt_roof_overlap": 0.0 }, "geometry": { "type": "Polygon", "coordinates": [ [ [ 80.4351952, 16.3088895 ], [ 80.4352199, 16.3088895 ], [ 80.4352199, 16.3088744 ], [ 80.4351952, 16.3088743 ], [ 80.4351952, 16.3088895 ] ] ] } },
{ "type": "Feature", "properties": { "label": "Pothole", "confidence": 0.82, "on_road": 0, "size_m": 1.1, "gt_road_overlap": 1.0, "gt_roof_overlap": 1.0 }, "geometry": { "type": "Polygon", "coordinates": [ [ [ 80.4369277, 16.3087502 ], [ 80.4369378, 16.3087502 ], [ 80.4369378, 16.3087408 ], [ 80.4369277, 16.3087408 ], [ 80.4369277, 16.3087502 ] ] ] } },
{ "type": "Feature", "properties": { "label": "Repaired patch", "confidence": 0.45, "on_road": 1, "size_m": 15.0, "gt_road_overlap": 1.0, "gt_roof_overlap": 0.0 }, "geometry": { "type": "Polygon", "coordinates": [ [ [ 80.4367119, 16.3087192 ], [ 80.4367486, 16.3087193 ], [ 80.436749, 16.3085834 ], [ 80.4367123, 16.3085833 ], [ 80.4367119, 16.3087192 ] ] ] } },
{ "type": "Feature", "properties": { "label": "Pothole", "confidence": 0.44, "on_road": 1, "size_m": 1.7, "gt_road_overlap": 1.0, "gt_roof_overlap": 0.0 }, "geometry": { "type": "Polygon", "coordinates": [ [ [ 80.4368805, 16.3090632 ], [ 80.4368948, 16.3090632 ], [ 80.4368948, 16.3090481 ], [ 80.4368806, 16.309048 ], [ 80.4368805, 16.3090632 ] ] ] } },
{ "type": "Feature", "properties": { "label": "Pothole", "confidence": 0.36, "on_road": 0, "size_m": 1.1, "gt_road_overlap": 0.0, "gt_roof_overlap": 0.0 }, "geometry": { "type": "Polygon", "coordinates": [ [ [ 80.436299, 16.3089016 ], [ 80.4363064, 16.3089016 ], [ 80.4363065, 16.3088913 ], [ 80.436299, 16.3088913 ], [ 80.436299, 16.3089016 ] ] ] } },
{ "type": "Feature", "properties": { "label": "Pothole", "confidence": 0.34, "on_road": 0, "size_m": 1.5, "gt_road_overlap": 0.0, "gt_roof_overlap": 1.0 }, "geometry": { "type": "Polygon", "coordinates": [ [ [ 80.4371798, 16.3084954 ], [ 80.4371941, 16.3084954 ], [ 80.4371941, 16.3084846 ], [ 80.4371799, 16.3084846 ], [ 80.4371798, 16.3084954 ] ] ] } },
{ "type": "Feature", "properties": { "label": "Pothole", "confidence": 0.29, "on_road": 0, "size_m": 1.2, "gt_road_overlap": 0.0, "gt_roof_overlap": 1.0 }, "geometry": { "type": "Polygon", "coordinates": [ [ [ 80.4372817, 16.309103 ], [ 80.4372851, 16.309103 ], [ 80.4372851, 16.3090921 ], [ 80.4372817, 16.3090921 ], [ 80.4372817, 16.309103 ] ] ] } },
{ "type": "Feature", "properties": { "label": "Pothole", "confidence": 0.27, "on_road": 1, "size_m": 1.9, "gt_road_overlap": 1.0, "gt_roof_overlap": 0.0 }, "geometry": { "type": "Polygon", "coordinates": [ [ [ 80.4366923, 16.3087074 ], [ 80.436702, 16.3087075 ], [ 80.4367021, 16.3086905 ], [ 80.4366923, 16.3086904 ], [ 80.4366923, 16.3087074 ] ] ] } },
{ "type": "Feature", "properties": { "label": "Pothole", "confidence": 0.26, "on_road": 0, "size_m": 1.7, "gt_road_overlap": 0.0, "gt_roof_overlap": 0.0 }, "geometry": { "type": "Polygon", "coordinates": [ [ [ 80.436366, 16.3085563 ], [ 80.4363819, 16.3085564 ], [ 80.4363819, 16.3085452 ], [ 80.4363661, 16.3085451 ], [ 80.436366, 16.3085563 ] ] ] } },
{ "type": "Feature", "properties": { "label": "Pothole", "confidence": 0.95, "on_road": 0, "size_m": 1.4, "gt_road_overlap": 1.0, "gt_roof_overlap": 0.608 }, "geometry": { "type": "Polygon", "coordinates": [ [ [ 80.4377209, 16.3092036 ], [ 80.4377291, 16.3092036 ], [ 80.4377291, 16.3091909 ], [ 80.4377209, 16.3091909 ], [ 80.4377209, 16.3092036 ] ] ] } },
{ "type": "Feature", "properties": { "label": "Pothole", "confidence": 0.81, "on_road": 0, "size_m": 0.9, "gt_road_overlap": 0.0, "gt_roof_overlap": 1.0 }, "geometry": { "type": "Polygon", "coordinates": [ [ [ 80.4380186, 16.3084689 ], [ 80.4380261, 16.3084689 ], [ 80.4380261, 16.308461 ], [ 80.4380186, 16.3084609 ], [ 80.4380186, 16.3084689 ] ] ] } },
{ "type": "Feature", "properties": { "label": "Pothole", "confidence": 0.79, "on_road": 0, "size_m": 1.0, "gt_road_overlap": 1.0, "gt_roof_overlap": 1.0 }, "geometry": { "type": "Polygon", "coordinates": [ [ [ 80.4382165, 16.3085408 ], [ 80.4382247, 16.3085408 ], [ 80.4382247, 16.3085322 ], [ 80.4382165, 16.3085321 ], [ 80.4382165, 16.3085408 ] ] ] } },
{ "type": "Feature", "properties": { "label": "Pothole", "confidence": 0.69, "on_road": 1, "size_m": 0.8, "gt_road_overlap": 1.0, "gt_roof_overlap": 0.004 }, "geometry": { "type": "Polygon", "coordinates": [ [ [ 80.4375568, 16.3095103 ], [ 80.4375628, 16.3095103 ], [ 80.4375628, 16.3095027 ], [ 80.4375568, 16.3095027 ], [ 80.4375568, 16.3095103 ] ] ] } },
{ "type": "Feature", "properties": { "label": "Pothole", "confidence": 0.64, "on_road": 0, "size_m": 0.8, "gt_road_overlap": 0.0, "gt_roof_overlap": 1.0 }, "geometry": { "type": "Polygon", "coordinates": [ [ [ 80.4379901, 16.3084757 ], [ 80.4379973, 16.3084757 ], [ 80.4379973, 16.3084685 ], [ 80.4379902, 16.3084684 ], [ 80.4379901, 16.3084757 ] ] ] } },
{ "type": "Feature", "properties": { "label": "Pothole", "confidence": 0.6, "on_road": 0, "size_m": 1.0, "gt_road_overlap": 1.0, "gt_roof_overlap": 0.909 }, "geometry": { "type": "Polygon", "coordinates": [ [ [ 80.4381597, 16.3094899 ], [ 80.4381668, 16.3094899 ], [ 80.4381668, 16.3094813 ], [ 80.4381597, 16.3094813 ], [ 80.4381597, 16.3094899 ] ] ] } },
{ "type": "Feature", "properties": { "label": "Pothole", "confidence": 0.58, "on_road": 1, "size_m": 1.0, "gt_road_overlap": 1.0, "gt_roof_overlap": 0.0 }, "geometry": { "type": "Polygon", "coordinates": [ [ [ 80.438244, 16.3084888 ], [ 80.4382522, 16.3084889 ], [ 80.4382522, 16.3084795 ], [ 80.438244, 16.3084794 ], [ 80.438244, 16.3084888 ] ] ] } },
{ "type": "Feature", "properties": { "label": "Pothole", "confidence": 0.57, "on_road": 0, "size_m": 1.1, "gt_road_overlap": 0.0, "gt_roof_overlap": 1.0 }, "geometry": { "type": "Polygon", "coordinates": [ [ [ 80.4383688, 16.3097045 ], [ 80.4383789, 16.3097045 ], [ 80.438379, 16.3096964 ], [ 80.4383689, 16.3096963 ], [ 80.4383688, 16.3097045 ] ] ] } },
{ "type": "Feature", "properties": { "label": "Pothole", "confidence": 0.51, "on_road": 1, "size_m": 0.9, "gt_road_overlap": 1.0, "gt_roof_overlap": 0.0 }, "geometry": { "type": "Polygon", "coordinates": [ [ [ 80.4382141, 16.3096554 ], [ 80.4382215, 16.3096554 ], [ 80.4382216, 16.3096475 ], [ 80.4382141, 16.3096475 ], [ 80.4382141, 16.3096554 ] ] ] } },
{ "type": "Feature", "properties": { "label": "Pothole", "confidence": 0.5, "on_road": 0, "size_m": 0.7, "gt_road_overlap": 0.0, "gt_roof_overlap": 0.0 }, "geometry": { "type": "Polygon", "coordinates": [ [ [ 80.4385909, 16.3093295 ], [ 80.4385973, 16.3093296 ], [ 80.4385973, 16.3093238 ], [ 80.4385909, 16.3093238 ], [ 80.4385909, 16.3093295 ] ] ] } },
{ "type": "Feature", "properties": { "label": "Pothole", "confidence": 0.5, "on_road": 1, "size_m": 0.7, "gt_road_overlap": 1.0, "gt_roof_overlap": 0.0 }, "geometry": { "type": "Polygon", "coordinates": [ [ [ 80.4383842, 16.3094057 ], [ 80.4383887, 16.3094058 ], [ 80.4383887, 16.3093991 ], [ 80.4383842, 16.3093991 ], [ 80.4383842, 16.3094057 ] ] ] } },
{ "type": "Feature", "properties": { "label": "Pothole", "confidence": 0.45, "on_road": 0, "size_m": 2.0, "gt_road_overlap": 0.0, "gt_roof_overlap": 1.0 }, "geometry": { "type": "Polygon", "coordinates": [ [ [ 80.4381688, 16.308837 ], [ 80.4381804, 16.3088371 ], [ 80.4381805, 16.308819 ], [ 80.4381689, 16.3088189 ], [ 80.4381688, 16.308837 ] ] ] } },
{ "type": "Feature", "properties": { "label": "Pothole", "confidence": 0.41, "on_road": 0, "size_m": 0.8, "gt_road_overlap": 0.0, "gt_roof_overlap": 1.0 }, "geometry": { "type": "Polygon", "coordinates": [ [ [ 80.4380242, 16.3084761 ], [ 80.438031, 16.3084761 ], [ 80.438031, 16.3084689 ], [ 80.4380242, 16.3084689 ], [ 80.4380242, 16.3084761 ] ] ] } },
{ "type": "Feature", "properties": { "label": "Pothole", "confidence": 0.38, "on_road": 1, "size_m": 1.1, "gt_road_overlap": 1.0, "gt_roof_overlap": 0.0 }, "geometry": { "type": "Polygon", "coordinates": [ [ [ 80.4382628, 16.3089703 ], [ 80.4382718, 16.3089704 ], [ 80.4382718, 16.3089602 ], [ 80.4382628, 16.3089602 ], [ 80.4382628, 16.3089703 ] ] ] } },
{ "type": "Feature", "properties": { "label": "Pothole", "confidence": 0.38, "on_road": 1, "size_m": 1.2, "gt_road_overlap": 1.0, "gt_roof_overlap": 0.203 }, "geometry": { "type": "Polygon", "coordinates": [ [ [ 80.4382397, 16.3086851 ], [ 80.4382456, 16.3086851 ], [ 80.4382457, 16.308674 ], [ 80.4382397, 16.308674 ], [ 80.4382397, 16.3086851 ] ] ] } },
{ "type": "Feature", "properties": { "label": "Pothole", "confidence": 0.38, "on_road": 0, "size_m": 2.9, "gt_road_overlap": 0.0, "gt_roof_overlap": 1.0 }, "geometry": { "type": "Polygon", "coordinates": [ [ [ 80.4380225, 16.3095891 ], [ 80.4380499, 16.3095892 ], [ 80.4380499, 16.3095697 ], [ 80.4380226, 16.3095696 ], [ 80.4380225, 16.3095891 ] ] ] } },
{ "type": "Feature", "properties": { "label": "Pothole", "confidence": 0.37, "on_road": 0, "size_m": 1.8, "gt_road_overlap": 1.0, "gt_roof_overlap": 0.738 }, "geometry": { "type": "Polygon", "coordinates": [ [ [ 80.4381782, 16.3095577 ], [ 80.4381887, 16.3095577 ], [ 80.4381887, 16.3095418 ], [ 80.4381782, 16.3095418 ], [ 80.4381782, 16.3095577 ] ] ] } },
{ "type": "Feature", "properties": { "label": "Pothole", "confidence": 0.37, "on_road": 0, "size_m": 1.4, "gt_road_overlap": 0.0, "gt_roof_overlap": 1.0 }, "geometry": { "type": "Polygon", "coordinates": [ [ [ 80.4386611, 16.3094104 ], [ 80.4386723, 16.3094104 ], [ 80.4386723, 16.3093976 ], [ 80.4386611, 16.3093975 ], [ 80.4386611, 16.3094104 ] ] ] } },
{ "type": "Feature", "properties": { "label": "Pothole", "confidence": 0.37, "on_road": 0, "size_m": 2.2, "gt_road_overlap": 0.0, "gt_roof_overlap": 0.97 }, "geometry": { "type": "Polygon", "coordinates": [ [ [ 80.4379991, 16.3084721 ], [ 80.4380119, 16.3084721 ], [ 80.4380119, 16.3084526 ], [ 80.4379992, 16.3084526 ], [ 80.4379991, 16.3084721 ] ] ] } },
{ "type": "Feature", "properties": { "label": "Pothole", "confidence": 0.36, "on_road": 0, "size_m": 1.0, "gt_road_overlap": 1.0, "gt_roof_overlap": 1.0 }, "geometry": { "type": "Polygon", "coordinates": [ [ [ 80.4377915, 16.3094645 ], [ 80.4377962, 16.3094645 ], [ 80.4377962, 16.3094554 ], [ 80.4377915, 16.3094554 ], [ 80.4377915, 16.3094645 ] ] ] } },
{ "type": "Feature", "properties": { "label": "Pothole", "confidence": 0.36, "on_road": 1, "size_m": 1.0, "gt_road_overlap": 1.0, "gt_roof_overlap": 0.0 }, "geometry": { "type": "Polygon", "coordinates": [ [ [ 80.4383794, 16.3093579 ], [ 80.4383867, 16.3093579 ], [ 80.4383867, 16.3093485 ], [ 80.4383794, 16.3093485 ], [ 80.4383794, 16.3093579 ] ] ] } },
{ "type": "Feature", "properties": { "label": "Pothole", "confidence": 0.33, "on_road": 1, "size_m": 0.9, "gt_road_overlap": 1.0, "gt_roof_overlap": 0.0 }, "geometry": { "type": "Polygon", "coordinates": [ [ [ 80.4383733, 16.3093431 ], [ 80.4383797, 16.3093431 ], [ 80.4383797, 16.3093351 ], [ 80.4383733, 16.3093351 ], [ 80.4383733, 16.3093431 ] ] ] } },
{ "type": "Feature", "properties": { "label": "Pothole", "confidence": 0.33, "on_road": 1, "size_m": 0.6, "gt_road_overlap": 1.0, "gt_roof_overlap": 0.0 }, "geometry": { "type": "Polygon", "coordinates": [ [ [ 80.4376338, 16.3088171 ], [ 80.4376395, 16.3088171 ], [ 80.4376395, 16.3088113 ], [ 80.4376339, 16.3088113 ], [ 80.4376338, 16.3088171 ] ] ] } },
{ "type": "Feature", "properties": { "label": "Pothole", "confidence": 0.32, "on_road": 0, "size_m": 0.6, "gt_road_overlap": 0.0, "gt_roof_overlap": 1.0 }, "geometry": { "type": "Polygon", "coordinates": [ [ [ 80.4383834, 16.3097102 ], [ 80.4383881, 16.3097102 ], [ 80.4383881, 16.309705 ], [ 80.4383834, 16.309705 ], [ 80.4383834, 16.3097102 ] ] ] } },
{ "type": "Feature", "properties": { "label": "Pothole", "confidence": 0.32, "on_road": 0, "size_m": 1.7, "gt_road_overlap": 0.0, "gt_roof_overlap": 0.313 }, "geometry": { "type": "Polygon", "coordinates": [ [ [ 80.4377487, 16.3095465 ], [ 80.4377639, 16.3095465 ], [ 80.4377639, 16.3095315 ], [ 80.4377488, 16.3095315 ], [ 80.4377487, 16.3095465 ] ] ] } },
{ "type": "Feature", "properties": { "label": "Pothole", "confidence": 0.29, "on_road": 1, "size_m": 1.1, "gt_road_overlap": 1.0, "gt_roof_overlap": 0.0 }, "geometry": { "type": "Polygon", "coordinates": [ [ [ 80.4377596, 16.3093541 ], [ 80.4377695, 16.3093541 ], [ 80.4377696, 16.3093447 ], [ 80.4377596, 16.3093447 ], [ 80.4377596, 16.3093541 ] ] ] } },
{ "type": "Feature", "properties": { "label": "Pothole", "confidence": 0.29, "on_road": 0, "size_m": 1.0, "gt_road_overlap": 1.0, "gt_roof_overlap": 0.484 }, "geometry": { "type": "Polygon", "coordinates": [ [ [ 80.4382274, 16.3086378 ], [ 80.4382349, 16.3086378 ], [ 80.438235, 16.3086287 ], [ 80.4382275, 16.3086287 ], [ 80.4382274, 16.3086378 ] ] ] } },
{ "type": "Feature", "properties": { "label": "Pothole", "confidence": 0.27, "on_road": 1, "size_m": 0.8, "gt_road_overlap": 1.0, "gt_roof_overlap": 0.0 }, "geometry": { "type": "Polygon", "coordinates": [ [ [ 80.4376413, 16.308816 ], [ 80.4376481, 16.308816 ], [ 80.4376481, 16.3088092 ], [ 80.4376413, 16.3088091 ], [ 80.4376413, 16.308816 ] ] ] } },
{ "type": "Feature", "properties": { "label": "Pothole", "confidence": 0.26, "on_road": 0, "size_m": 2.0, "gt_road_overlap": 1.0, "gt_roof_overlap": 1.0 }, "geometry": { "type": "Polygon", "coordinates": [ [ [ 80.4382248, 16.3085731 ], [ 80.4382282, 16.3085731 ], [ 80.4382282, 16.3085554 ], [ 80.4382249, 16.3085554 ], [ 80.4382248, 16.3085731 ] ] ] } },
{ "type": "Feature", "properties": { "label": "Pothole", "confidence": 0.26, "on_road": 1, "size_m": 1.1, "gt_road_overlap": 1.0, "gt_roof_overlap": 0.0 }, "geometry": { "type": "Polygon", "coordinates": [ [ [ 80.438235, 16.3086188 ], [ 80.4382455, 16.3086188 ], [ 80.4382455, 16.3086109 ], [ 80.438235, 16.3086108 ], [ 80.438235, 16.3086188 ] ] ] } },
{ "type": "Feature", "properties": { "label": "Pothole", "confidence": 0.25, "on_road": 0, "size_m": 0.9, "gt_road_overlap": 0.0, "gt_roof_overlap": 0.0 }, "geometry": { "type": "Polygon", "coordinates": [ [ [ 80.43778, 16.3085294 ], [ 80.4377875, 16.3085294 ], [ 80.4377875, 16.3085214 ], [ 80.43778, 16.3085214 ], [ 80.43778, 16.3085294 ] ] ] } },
{ "type": "Feature", "properties": { "label": "Pothole", "confidence": 0.77, "on_road": 0, "size_m": 0.7, "gt_road_overlap": 0.0, "gt_roof_overlap": 0.0 }, "geometry": { "type": "Polygon", "coordinates": [ [ [ 80.4401643, 16.3089219 ], [ 80.440171, 16.3089219 ], [ 80.440171, 16.3089157 ], [ 80.4401643, 16.3089157 ], [ 80.4401643, 16.3089219 ] ] ] } },
{ "type": "Feature", "properties": { "label": "Pothole", "confidence": 0.73, "on_road": 1, "size_m": 1.1, "gt_road_overlap": 1.0, "gt_roof_overlap": 0.0 }, "geometry": { "type": "Polygon", "coordinates": [ [ [ 80.4390517, 16.3093136 ], [ 80.4390618, 16.3093136 ], [ 80.4390618, 16.3093039 ], [ 80.4390517, 16.3093038 ], [ 80.4390517, 16.3093136 ] ] ] } },
{ "type": "Feature", "properties": { "label": "Pothole", "confidence": 0.72, "on_road": 0, "size_m": 5.2, "gt_road_overlap": 1.0, "gt_roof_overlap": 0.0 }, "geometry": { "type": "Polygon", "coordinates": [ [ [ 80.438962, 16.3089299 ], [ 80.4390107, 16.30893 ], [ 80.4390107, 16.3088963 ], [ 80.4389621, 16.3088961 ], [ 80.438962, 16.3089299 ] ] ] } },
{ "type": "Feature", "properties": { "label": "Pothole", "confidence": 0.7, "on_road": 1, "size_m": 3.8, "gt_road_overlap": 1.0, "gt_roof_overlap": 0.0 }, "geometry": { "type": "Polygon", "coordinates": [ [ [ 80.4391418, 16.3096409 ], [ 80.4391683, 16.309641 ], [ 80.4391684, 16.309607 ], [ 80.4391419, 16.3096069 ], [ 80.4391418, 16.3096409 ] ] ] } },
{ "type": "Feature", "properties": { "label": "Pothole", "confidence": 0.68, "on_road": 1, "size_m": 1.2, "gt_road_overlap": 1.0, "gt_roof_overlap": 0.0 }, "geometry": { "type": "Polygon", "coordinates": [ [ [ 80.4398439, 16.3095343 ], [ 80.439851, 16.3095343 ], [ 80.4398511, 16.3095238 ], [ 80.4398439, 16.3095238 ], [ 80.4398439, 16.3095343 ] ] ] } },
{ "type": "Feature", "properties": { "label": "Pothole", "confidence": 0.65, "on_road": 1, "size_m": 1.6, "gt_road_overlap": 1.0, "gt_roof_overlap": 0.0 }, "geometry": { "type": "Polygon", "coordinates": [ [ [ 80.4391117, 16.3095254 ], [ 80.4391267, 16.3095254 ], [ 80.4391267, 16.3095174 ], [ 80.4391118, 16.3095173 ], [ 80.4391117, 16.3095254 ] ] ] } },
{ "type": "Feature", "properties": { "label": "Pothole", "confidence": 0.62, "on_road": 1, "size_m": 1.2, "gt_road_overlap": 1.0, "gt_roof_overlap": 0.0 }, "geometry": { "type": "Polygon", "coordinates": [ [ [ 80.4391203, 16.3096036 ], [ 80.4391237, 16.3096036 ], [ 80.4391238, 16.3095928 ], [ 80.4391203, 16.3095927 ], [ 80.4391203, 16.3096036 ] ] ] } },
{ "type": "Feature", "properties": { "label": "Pothole", "confidence": 0.61, "on_road": 1, "size_m": 1.1, "gt_road_overlap": 1.0, "gt_roof_overlap": 0.0 }, "geometry": { "type": "Polygon", "coordinates": [ [ [ 80.4391028, 16.3092958 ], [ 80.4391133, 16.3092959 ], [ 80.4391134, 16.3092868 ], [ 80.4391029, 16.3092868 ], [ 80.4391028, 16.3092958 ] ] ] } },
{ "type": "Feature", "properties": { "label": "Pothole", "confidence": 0.58, "on_road": 1, "size_m": 0.9, "gt_road_overlap": 1.0, "gt_roof_overlap": 0.0 }, "geometry": { "type": "Polygon", "coordinates": [ [ [ 80.4391013, 16.30946 ], [ 80.4391094, 16.30946 ], [ 80.4391095, 16.3094537 ], [ 80.4391013, 16.3094537 ], [ 80.4391013, 16.30946 ] ] ] } },
{ "type": "Feature", "properties": { "label": "Pothole", "confidence": 0.57, "on_road": 1, "size_m": 1.4, "gt_road_overlap": 1.0, "gt_roof_overlap": 0.0 }, "geometry": { "type": "Polygon", "coordinates": [ [ [ 80.4390009, 16.3089965 ], [ 80.4390136, 16.3089966 ], [ 80.4390137, 16.3089843 ], [ 80.439001, 16.3089842 ], [ 80.4390009, 16.3089965 ] ] ] } },
{ "type": "Feature", "properties": { "label": "Pothole", "confidence": 0.57, "on_road": 0, "size_m": 8.6, "gt_road_overlap": 0.994, "gt_roof_overlap": 0.0 }, "geometry": { "type": "Polygon", "coordinates": [ [ [ 80.4401182, 16.3086722 ], [ 80.4401983, 16.3086724 ], [ 80.4401984, 16.3086355 ], [ 80.4401183, 16.3086353 ], [ 80.4401182, 16.3086722 ] ] ] } },
{ "type": "Feature", "properties": { "label": "Pothole", "confidence": 0.53, "on_road": 1, "size_m": 0.8, "gt_road_overlap": 1.0, "gt_roof_overlap": 0.0 }, "geometry": { "type": "Polygon", "coordinates": [ [ [ 80.4391865, 16.3097519 ], [ 80.4391903, 16.3097519 ], [ 80.4391903, 16.3097445 ], [ 80.4391866, 16.3097445 ], [ 80.4391865, 16.3097519 ] ] ] } },
{ "type": "Feature", "properties": { "label": "Pothole", "confidence": 0.5, "on_road": 1, "size_m": 1.2, "gt_road_overlap": 1.0, "gt_roof_overlap": 0.0 }, "geometry": { "type": "Polygon", "coordinates": [ [ [ 80.4388641, 16.3086425 ], [ 80.4388757, 16.3086426 ], [ 80.4388758, 16.3086328 ], [ 80.4388642, 16.3086328 ], [ 80.4388641, 16.3086425 ] ] ] } },
{ "type": "Feature", "properties": { "label": "Alligator crack", "confidence": 0.49, "on_road": 0, "size_m": 3.4, "gt_road_overlap": 0.0, "gt_roof_overlap": 0.892 }, "geometry": { "type": "Polygon", "coordinates": [ [ [ 80.4391171, 16.3086392 ], [ 80.4391422, 16.3086393 ], [ 80.4391422, 16.3086082 ], [ 80.4391172, 16.3086081 ], [ 80.4391171, 16.3086392 ] ] ] } },
{ "type": "Feature", "properties": { "label": "Pothole", "confidence": 0.47, "on_road": 0, "size_m": 3.1, "gt_road_overlap": 1.0, "gt_roof_overlap": 0.316 }, "geometry": { "type": "Polygon", "coordinates": [ [ [ 80.4397154, 16.3090198 ], [ 80.4397299, 16.3090198 ], [ 80.4397299, 16.308992 ], [ 80.4397154, 16.3089919 ], [ 80.4397154, 16.3090198 ] ] ] } },
{ "type": "Feature", "properties": { "label": "Pothole", "confidence": 0.46, "on_road": 1, "size_m": 1.1, "gt_road_overlap": 1.0, "gt_roof_overlap": 0.0 }, "geometry": { "type": "Polygon", "coordinates": [ [ [ 80.4390934, 16.3094677 ], [ 80.4390966, 16.3094678 ], [ 80.4390967, 16.3094578 ], [ 80.4390934, 16.3094578 ], [ 80.4390934, 16.3094677 ] ] ] } },
{ "type": "Feature", "properties": { "label": "Pothole", "confidence": 0.45, "on_road": 1, "size_m": 0.6, "gt_road_overlap": 1.0, "gt_roof_overlap": 0.0 }, "geometry": { "type": "Polygon", "coordinates": [ [ [ 80.4391528, 16.3095567 ], [ 80.4391577, 16.3095567 ], [ 80.4391577, 16.3095509 ], [ 80.4391529, 16.3095509 ], [ 80.4391528, 16.3095567 ] ] ] } },
{ "type": "Feature", "properties": { "label": "Pothole", "confidence": 0.37, "on_road": 1, "size_m": 0.8, "gt_road_overlap": 1.0, "gt_roof_overlap": 0.0 }, "geometry": { "type": "Polygon", "coordinates": [ [ [ 80.439176, 16.3097132 ], [ 80.4391795, 16.3097132 ], [ 80.4391796, 16.3097058 ], [ 80.439176, 16.3097058 ], [ 80.439176, 16.3097132 ] ] ] } },
{ "type": "Feature", "properties": { "label": "Pothole", "confidence": 0.36, "on_road": 0, "size_m": 5.3, "gt_road_overlap": 1.0, "gt_roof_overlap": 0.0 }, "geometry": { "type": "Polygon", "coordinates": [ [ [ 80.4390425, 16.3091872 ], [ 80.4390732, 16.3091873 ], [ 80.4390733, 16.3091391 ], [ 80.4390426, 16.309139 ], [ 80.4390425, 16.3091872 ] ] ] } },
{ "type": "Feature", "properties": { "label": "Pothole", "confidence": 0.36, "on_road": 1, "size_m": 0.9, "gt_road_overlap": 1.0, "gt_roof_overlap": 0.0 }, "geometry": { "type": "Polygon", "coordinates": [ [ [ 80.4391432, 16.3095131 ], [ 80.4391503, 16.3095131 ], [ 80.4391504, 16.3095046 ], [ 80.4391433, 16.3095046 ], [ 80.4391432, 16.3095131 ] ] ] } },
{ "type": "Feature", "properties": { "label": "Pothole", "confidence": 0.36, "on_road": 1, "size_m": 1.0, "gt_road_overlap": 1.0, "gt_roof_overlap": 0.0 }, "geometry": { "type": "Polygon", "coordinates": [ [ [ 80.4391131, 16.3095573 ], [ 80.4391173, 16.3095573 ], [ 80.4391173, 16.3095486 ], [ 80.4391132, 16.3095486 ], [ 80.4391131, 16.3095573 ] ] ] } },
{ "type": "Feature", "properties": { "label": "Pothole", "confidence": 0.35, "on_road": 1, "size_m": 0.7, "gt_road_overlap": 1.0, "gt_roof_overlap": 0.0 }, "geometry": { "type": "Polygon", "coordinates": [ [ [ 80.4391471, 16.3095508 ], [ 80.4391512, 16.3095508 ], [ 80.4391512, 16.3095444 ], [ 80.4391471, 16.3095443 ], [ 80.4391471, 16.3095508 ] ] ] } },
{ "type": "Feature", "properties": { "label": "Pothole", "confidence": 0.34, "on_road": 0, "size_m": 1.4, "gt_road_overlap": 0.136, "gt_roof_overlap": 1.0 }, "geometry": { "type": "Polygon", "coordinates": [ [ [ 80.4393517, 16.30961 ], [ 80.4393599, 16.30961 ], [ 80.43936, 16.309597 ], [ 80.4393517, 16.309597 ], [ 80.4393517, 16.30961 ] ] ] } },
{ "type": "Feature", "properties": { "label": "Pothole", "confidence": 0.33, "on_road": 0, "size_m": 3.0, "gt_road_overlap": 0.0, "gt_roof_overlap": 0.975 }, "geometry": { "type": "Polygon", "coordinates": [ [ [ 80.4400538, 16.3088512 ], [ 80.4400819, 16.3088513 ], [ 80.440082, 16.3088255 ], [ 80.4400539, 16.3088254 ], [ 80.4400538, 16.3088512 ] ] ] } },
{ "type": "Feature", "properties": { "label": "Pothole", "confidence": 0.31, "on_road": 1, "size_m": 1.0, "gt_road_overlap": 1.0, "gt_roof_overlap": 0.0 }, "geometry": { "type": "Polygon", "coordinates": [ [ [ 80.4391322, 16.3095505 ], [ 80.4391357, 16.3095505 ], [ 80.4391357, 16.3095419 ], [ 80.4391322, 16.3095419 ], [ 80.4391322, 16.3095505 ] ] ] } },
{ "type": "Feature", "properties": { "label": "Pothole", "confidence": 0.25, "on_road": 1, "size_m": 2.8, "gt_road_overlap": 0.998, "gt_roof_overlap": 0.165 }, "geometry": { "type": "Polygon", "coordinates": [ [ [ 80.4398182, 16.3094261 ], [ 80.4398371, 16.3094261 ], [ 80.4398372, 16.3094005 ], [ 80.4398183, 16.3094004 ], [ 80.4398182, 16.3094261 ] ] ] } },
{ "type": "Feature", "properties": { "label": "Pothole", "confidence": 0.25, "on_road": 0, "size_m": 0.8, "gt_road_overlap": 0.089, "gt_roof_overlap": 1.0 }, "geometry": { "type": "Polygon", "coordinates": [ [ [ 80.4390347, 16.3093107 ], [ 80.4390425, 16.3093107 ], [ 80.4390425, 16.3093038 ], [ 80.4390347, 16.3093038 ], [ 80.4390347, 16.3093107 ] ] ] } },
{ "type": "Feature", "properties": { "label": "Pothole", "confidence": 0.25, "on_road": 0, "size_m": 7.1, "gt_road_overlap": 1.0, "gt_roof_overlap": 0.0 }, "geometry": { "type": "Polygon", "coordinates": [ [ [ 80.4396926, 16.3090284 ], [ 80.4397091, 16.3090284 ], [ 80.4397092, 16.3089641 ], [ 80.4396928, 16.308964 ], [ 80.4396926, 16.3090284 ] ] ] } },
{ "type": "Feature", "properties": { "label": "Pothole", "confidence": 0.7, "on_road": 1, "size_m": 1.0, "gt_road_overlap": 1.0, "gt_roof_overlap": 0.0 }, "geometry": { "type": "Polygon", "coordinates": [ [ [ 80.4406643, 16.3086619 ], [ 80.4406733, 16.308662 ], [ 80.4406733, 16.3086533 ], [ 80.4406643, 16.3086533 ], [ 80.4406643, 16.3086619 ] ] ] } },
{ "type": "Feature", "properties": { "label": "Pothole", "confidence": 0.64, "on_road": 0, "size_m": 5.4, "gt_road_overlap": 0.0, "gt_roof_overlap": 1.0 }, "geometry": { "type": "Polygon", "coordinates": [ [ [ 80.4410035, 16.3090055 ], [ 80.4410537, 16.3090056 ], [ 80.4410538, 16.3089767 ], [ 80.4410036, 16.3089765 ], [ 80.4410035, 16.3090055 ] ] ] } },
{ "type": "Feature", "properties": { "label": "Pothole", "confidence": 0.61, "on_road": 1, "size_m": 1.6, "gt_road_overlap": 1.0, "gt_roof_overlap": 0.0 }, "geometry": { "type": "Polygon", "coordinates": [ [ [ 80.4410651, 16.3088208 ], [ 80.4410741, 16.3088209 ], [ 80.4410741, 16.308806 ], [ 80.4410651, 16.308806 ], [ 80.4410651, 16.3088208 ] ] ] } },
{ "type": "Feature", "properties": { "label": "Pothole", "confidence": 0.58, "on_road": 1, "size_m": 0.9, "gt_road_overlap": 1.0, "gt_roof_overlap": 0.0 }, "geometry": { "type": "Polygon", "coordinates": [ [ [ 80.4412534, 16.3094964 ], [ 80.4412616, 16.3094965 ], [ 80.4412616, 16.3094881 ], [ 80.4412534, 16.3094881 ], [ 80.4412534, 16.3094964 ] ] ] } },
{ "type": "Feature", "properties": { "label": "Pothole", "confidence": 0.49, "on_road": 1, "size_m": 3.1, "gt_road_overlap": 0.995, "gt_roof_overlap": 0.25 }, "geometry": { "type": "Polygon", "coordinates": [ [ [ 80.4409355, 16.3097539 ], [ 80.4409475, 16.309754 ], [ 80.4409476, 16.3097258 ], [ 80.4409356, 16.3097257 ], [ 80.4409355, 16.3097539 ] ] ] } },
{ "type": "Feature", "properties": { "label": "Pothole", "confidence": 0.48, "on_road": 1, "size_m": 0.6, "gt_road_overlap": 1.0, "gt_roof_overlap": 0.0 }, "geometry": { "type": "Polygon", "coordinates": [ [ [ 80.4408439, 16.3093135 ], [ 80.4408488, 16.3093135 ], [ 80.4408488, 16.3093084 ], [ 80.4408439, 16.3093084 ], [ 80.4408439, 16.3093135 ] ] ] } },
{ "type": "Feature", "properties": { "label": "Pothole", "confidence": 0.46, "on_road": 1, "size_m": 0.7, "gt_road_overlap": 1.0, "gt_roof_overlap": 0.0 }, "geometry": { "type": "Polygon", "coordinates": [ [ [ 80.4407406, 16.3088951 ], [ 80.4407443, 16.3088951 ], [ 80.4407444, 16.3088888 ], [ 80.4407406, 16.3088888 ], [ 80.4407406, 16.3088951 ] ] ] } },
{ "type": "Feature", "properties": { "label": "Pothole", "confidence": 0.44, "on_road": 1, "size_m": 1.2, "gt_road_overlap": 1.0, "gt_roof_overlap": 0.0 }, "geometry": { "type": "Polygon", "coordinates": [ [ [ 80.4407366, 16.3089552 ], [ 80.4407446, 16.3089552 ], [ 80.4407447, 16.3089444 ], [ 80.4407366, 16.3089444 ], [ 80.4407366, 16.3089552 ] ] ] } },
{ "type": "Feature", "properties": { "label": "Pothole", "confidence": 0.39, "on_road": 1, "size_m": 1.0, "gt_road_overlap": 1.0, "gt_roof_overlap": 0.248 }, "geometry": { "type": "Polygon", "coordinates": [ [ [ 80.4409054, 16.3093952 ], [ 80.4409144, 16.3093952 ], [ 80.4409144, 16.3093869 ], [ 80.4409055, 16.3093869 ], [ 80.4409054, 16.3093952 ] ] ] } },
{ "type": "Feature", "properties": { "label": "Pothole", "confidence": 0.38, "on_road": 0, "size_m": 0.9, "gt_road_overlap": 0.0, "gt_roof_overlap": 1.0 }, "geometry": { "type": "Polygon", "coordinates": [ [ [ 80.4410549, 16.3089369 ], [ 80.4410609, 16.3089369 ], [ 80.4410609, 16.3089289 ], [ 80.4410549, 16.3089289 ], [ 80.4410549, 16.3089369 ] ] ] } },
{ "type": "Feature", "properties": { "label": "Pothole", "confidence": 0.37, "on_road": 1, "size_m": 1.0, "gt_road_overlap": 1.0, "gt_roof_overlap": 0.0 }, "geometry": { "type": "Polygon", "coordinates": [ [ [ 80.441289, 16.3096876 ], [ 80.4412976, 16.3096876 ], [ 80.4412976, 16.309679 ], [ 80.441289, 16.3096789 ], [ 80.441289, 16.3096876 ] ] ] } },
{ "type": "Feature", "properties": { "label": "Pothole", "confidence": 0.35, "on_road": 0, "size_m": 1.3, "gt_road_overlap": 1.0, "gt_roof_overlap": 0.786 }, "geometry": { "type": "Polygon", "coordinates": [ [ [ 80.4411616, 16.3091914 ], [ 80.4411735, 16.3091914 ], [ 80.4411736, 16.309186 ], [ 80.4411616, 16.3091859 ], [ 80.4411616, 16.3091914 ] ] ] } },
{ "type": "Feature", "properties": { "label": "Pothole", "confidence": 0.34, "on_road": 1, "size_m": 0.8, "gt_road_overlap": 1.0, "gt_roof_overlap": 0.0 }, "geometry": { "type": "Polygon", "coordinates": [ [ [ 80.4413062, 16.3096866 ], [ 80.4413125, 16.3096866 ], [ 80.4413126, 16.3096797 ], [ 80.4413062, 16.3096797 ], [ 80.4413062, 16.3096866 ] ] ] } },
{ "type": "Feature", "properties": { "label": "Pothole", "confidence": 0.31, "on_road": 1, "size_m": 0.9, "gt_road_overlap": 1.0, "gt_roof_overlap": 0.0 }, "geometry": { "type": "Polygon", "coordinates": [ [ [ 80.4411918, 16.3092132 ], [ 80.4411993, 16.3092133 ], [ 80.4411993, 16.3092049 ], [ 80.4411918, 16.3092049 ], [ 80.4411918, 16.3092132 ] ] ] } },
{ "type": "Feature", "properties": { "label": "Pothole", "confidence": 0.31, "on_road": 1, "size_m": 0.6, "gt_road_overlap": 1.0, "gt_roof_overlap": 0.0 }, "geometry": { "type": "Polygon", "coordinates": [ [ [ 80.4412391, 16.3094071 ], [ 80.441245, 16.3094071 ], [ 80.441245, 16.3094017 ], [ 80.4412391, 16.3094017 ], [ 80.4412391, 16.3094071 ] ] ] } },
{ "type": "Feature", "properties": { "label": "Pothole", "confidence": 0.3, "on_road": 0, "size_m": 0.6, "gt_road_overlap": 0.0, "gt_roof_overlap": 1.0 }, "geometry": { "type": "Polygon", "coordinates": [ [ [ 80.4411752, 16.3095149 ], [ 80.4411803, 16.3095149 ], [ 80.4411803, 16.3095093 ], [ 80.4411753, 16.3095093 ], [ 80.4411752, 16.3095149 ] ] ] } },
{ "type": "Feature", "properties": { "label": "Pothole", "confidence": 0.26, "on_road": 0, "size_m": 1.0, "gt_road_overlap": 1.0, "gt_roof_overlap": 0.397 }, "geometry": { "type": "Polygon", "coordinates": [ [ [ 80.4412517, 16.3095448 ], [ 80.4412615, 16.3095448 ], [ 80.4412615, 16.3095403 ], [ 80.4412517, 16.3095403 ], [ 80.4412517, 16.3095448 ] ] ] } },
{ "type": "Feature", "properties": { "label": "Pothole", "confidence": 0.26, "on_road": 1, "size_m": 0.8, "gt_road_overlap": 1.0, "gt_roof_overlap": 0.0 }, "geometry": { "type": "Polygon", "coordinates": [ [ [ 80.4407836, 16.3091293 ], [ 80.4407909, 16.3091293 ], [ 80.4407909, 16.3091239 ], [ 80.4407836, 16.3091238 ], [ 80.4407836, 16.3091293 ] ] ] } },
{ "type": "Feature", "properties": { "label": "Pothole", "confidence": 0.26, "on_road": 0, "size_m": 3.0, "gt_road_overlap": 0.0, "gt_roof_overlap": 0.127 }, "geometry": { "type": "Polygon", "coordinates": [ [ [ 80.4413985, 16.3092752 ], [ 80.4414227, 16.3092752 ], [ 80.4414227, 16.3092485 ], [ 80.4413986, 16.3092484 ], [ 80.4413985, 16.3092752 ] ] ] } },
{ "type": "Feature", "properties": { "label": "Pothole", "confidence": 0.25, "on_road": 1, "size_m": 1.0, "gt_road_overlap": 1.0, "gt_roof_overlap": 0.0 }, "geometry": { "type": "Polygon", "coordinates": [ [ [ 80.4411603, 16.3091124 ], [ 80.4411696, 16.3091124 ], [ 80.4411697, 16.3091062 ], [ 80.4411603, 16.3091062 ], [ 80.4411603, 16.3091124 ] ] ] } },
{ "type": "Feature", "properties": { "label": "Pothole", "confidence": 0.79, "on_road": 1, "size_m": 1.6, "gt_road_overlap": 1.0, "gt_roof_overlap": 0.0 }, "geometry": { "type": "Polygon", "coordinates": [ [ [ 80.4417037, 16.309138 ], [ 80.4417116, 16.309138 ], [ 80.4417116, 16.3091239 ], [ 80.4417037, 16.3091239 ], [ 80.4417037, 16.309138 ] ] ] } },
{ "type": "Feature", "properties": { "label": "Pothole", "confidence": 0.65, "on_road": 0, "size_m": 1.2, "gt_road_overlap": 0.0, "gt_roof_overlap": 1.0 }, "geometry": { "type": "Polygon", "coordinates": [ [ [ 80.4415831, 16.3091523 ], [ 80.4415943, 16.3091524 ], [ 80.4415943, 16.3091422 ], [ 80.4415831, 16.3091422 ], [ 80.4415831, 16.3091523 ] ] ] } },
{ "type": "Feature", "properties": { "label": "Pothole", "confidence": 0.63, "on_road": 0, "size_m": 2.6, "gt_road_overlap": 0.0, "gt_roof_overlap": 1.0 }, "geometry": { "type": "Polygon", "coordinates": [ [ [ 80.4423083, 16.3086281 ], [ 80.4423177, 16.3086282 ], [ 80.4423178, 16.3086043 ], [ 80.4423084, 16.3086043 ], [ 80.4423083, 16.3086281 ] ] ] } },
{ "type": "Feature", "properties": { "label": "Pothole", "confidence": 0.57, "on_road": 1, "size_m": 0.8, "gt_road_overlap": 0.881, "gt_roof_overlap": 0.0 }, "geometry": { "type": "Polygon", "coordinates": [ [ [ 80.4416663, 16.3090007 ], [ 80.4416738, 16.3090007 ], [ 80.4416738, 16.3089942 ], [ 80.4416663, 16.3089942 ], [ 80.4416663, 16.3090007 ] ] ] } },
{ "type": "Feature", "properties": { "label": "Pothole", "confidence": 0.54, "on_road": 1, "size_m": 2.9, "gt_road_overlap": 1.0, "gt_roof_overlap": 0.0 }, "geometry": { "type": "Polygon", "coordinates": [ [ [ 80.4418128, 16.3090398 ], [ 80.4418404, 16.3090398 ], [ 80.4418404, 16.3090312 ], [ 80.4418129, 16.3090311 ], [ 80.4418128, 16.3090398 ] ] ] } },
{ "type": "Feature", "properties": { "label": "Pothole", "confidence": 0.5, "on_road": 0, "size_m": 1.2, "gt_road_overlap": 1.0, "gt_roof_overlap": 1.0 }, "geometry": { "type": "Polygon", "coordinates": [ [ [ 80.4418288, 16.3090055 ], [ 80.44184, 16.3090055 ], [ 80.44184, 16.3089946 ], [ 80.4418288, 16.3089946 ], [ 80.4418288, 16.3090055 ] ] ] } },
{ "type": "Feature", "properties": { "label": "Pothole", "confidence": 0.48, "on_road": 1, "size_m": 0.6, "gt_road_overlap": 1.0, "gt_roof_overlap": 0.0 }, "geometry": { "type": "Polygon", "coordinates": [ [ [ 80.4418401, 16.3096421 ], [ 80.4418457, 16.3096421 ], [ 80.4418457, 16.3096374 ], [ 80.4418401, 16.3096374 ], [ 80.4418401, 16.3096421 ] ] ] } },
{ "type": "Feature", "properties": { "label": "Pothole", "confidence": 0.48, "on_road": 1, "size_m": 1.4, "gt_road_overlap": 1.0, "gt_roof_overlap": 0.0 }, "geometry": { "type": "Polygon", "coordinates": [ [ [ 80.4427199, 16.3087265 ], [ 80.4427289, 16.3087265 ], [ 80.4427289, 16.3087142 ], [ 80.44272, 16.3087142 ], [ 80.4427199, 16.3087265 ] ] ] } },
{ "type": "Feature", "properties": { "label": "Pothole", "confidence": 0.48, "on_road": 0, "size_m": 0.7, "gt_road_overlap": 0.0, "gt_roof_overlap": 1.0 }, "geometry": { "type": "Polygon", "coordinates": [ [ [ 80.4415954, 16.3091691 ], [ 80.4416021, 16.3091691 ], [ 80.4416021, 16.3091639 ], [ 80.4415954, 16.3091639 ], [ 80.4415954, 16.3091691 ] ] ] } },
{ "type": "Feature", "properties": { "label": "Pothole", "confidence": 0.47, "on_road": 0, "size_m": 5.7, "gt_road_overlap": 0.0, "gt_roof_overlap": 0.054 }, "geometry": { "type": "Polygon", "coordinates": [ [ [ 80.4417601, 16.3086548 ], [ 80.4417923, 16.3086549 ], [ 80.4417924, 16.3086034 ], [ 80.4417602, 16.3086033 ], [ 80.4417601, 16.3086548 ] ] ] } },
{ "type": "Feature", "properties": { "label": "Pothole", "confidence": 0.47, "on_road": 0, "size_m": 7.0, "gt_road_overlap": 0.497, "gt_roof_overlap": 0.506 }, "geometry": { "type": "Polygon", "coordinates": [ [ [ 80.442683, 16.3092641 ], [ 80.4427484, 16.3092643 ], [ 80.4427484, 16.3092412 ], [ 80.4426831, 16.3092411 ], [ 80.442683, 16.3092641 ] ] ] } },
{ "type": "Feature", "properties": { "label": "Pothole", "confidence": 0.46, "on_road": 1, "size_m": 0.7, "gt_road_overlap": 1.0, "gt_roof_overlap": 0.0 }, "geometry": { "type": "Polygon", "coordinates": [ [ [ 80.4415959, 16.3085888 ], [ 80.4416021, 16.3085889 ], [ 80.4416021, 16.3085831 ], [ 80.4415959, 16.3085831 ], [ 80.4415959, 16.3085888 ] ] ] } },
{ "type": "Feature", "properties": { "label": "Pothole", "confidence": 0.46, "on_road": 1, "size_m": 1.1, "gt_road_overlap": 1.0, "gt_roof_overlap": 0.0 }, "geometry": { "type": "Polygon", "coordinates": [ [ [ 80.4415896, 16.3086725 ], [ 80.4415976, 16.3086725 ], [ 80.4415977, 16.3086625 ], [ 80.4415896, 16.3086625 ], [ 80.4415896, 16.3086725 ] ] ] } },
{ "type": "Feature", "properties": { "label": "Pothole", "confidence": 0.44, "on_road": 0, "size_m": 5.6, "gt_road_overlap": 0.0, "gt_roof_overlap": 0.779 }, "geometry": { "type": "Polygon", "coordinates": [ [ [ 80.4423812, 16.3089212 ], [ 80.4424332, 16.3089214 ], [ 80.4424333, 16.3088939 ], [ 80.4423813, 16.3088937 ], [ 80.4423812, 16.3089212 ] ] ] } },
{ "type": "Feature", "properties": { "label": "Pothole", "confidence": 0.39, "on_road": 1, "size_m": 0.6, "gt_road_overlap": 1.0, "gt_roof_overlap": 0.0 }, "geometry": { "type": "Polygon", "coordinates": [ [ [ 80.442372, 16.3088337 ], [ 80.4423776, 16.3088337 ], [ 80.4423776, 16.308829 ], [ 80.442372, 16.308829 ], [ 80.442372, 16.3088337 ] ] ] } },
{ "type": "Feature", "properties": { "label": "Pothole", "confidence": 0.38, "on_road": 0, "size_m": 2.5, "gt_road_overlap": 0.0, "gt_roof_overlap": 1.0 }, "geometry": { "type": "Polygon", "coordinates": [ [ [ 80.4418757, 16.3087575 ], [ 80.4418995, 16.3087576 ], [ 80.4418995, 16.3087355 ], [ 80.4418758, 16.3087355 ], [ 80.4418757, 16.3087575 ] ] ] } },
{ "type": "Feature", "properties": { "label": "Pothole", "confidence": 0.35, "on_road": 1, "size_m": 3.7, "gt_road_overlap": 1.0, "gt_roof_overlap": 0.0 }, "geometry": { "type": "Polygon", "coordinates": [ [ [ 80.4426831, 16.3093024 ], [ 80.4427175, 16.3093025 ], [ 80.4427176, 16.3092772 ], [ 80.4426832, 16.3092771 ], [ 80.4426831, 16.3093024 ] ] ] } },
{ "type": "Feature", "properties": { "label": "Pothole", "confidence": 0.35, "on_road": 0, "size_m": 0.9, "gt_road_overlap": 0.0, "gt_roof_overlap": 0.0 }, "geometry": { "type": "Polygon", "coordinates": [ [ [ 80.4416573, 16.3089833 ], [ 80.4416618, 16.3089833 ], [ 80.4416618, 16.3089754 ], [ 80.4416573, 16.3089754 ], [ 80.4416573, 16.3089833 ] ] ] } },
{ "type": "Feature", "properties": { "label": "Pothole", "confidence": 0.32, "on_road": 0, "size_m": 2.4, "gt_road_overlap": 0.0, "gt_roof_overlap": 0.669 }, "geometry": { "type": "Polygon", "coordinates": [ [ [ 80.4418109, 16.3089225 ], [ 80.441833, 16.3089226 ], [ 80.4418331, 16.3089016 ], [ 80.441811, 16.3089015 ], [ 80.4418109, 16.3089225 ] ] ] } },
{ "type": "Feature", "properties": { "label": "Pothole", "confidence": 0.3, "on_road": 1, "size_m": 2.0, "gt_road_overlap": 1.0, "gt_roof_overlap": 0.0 }, "geometry": { "type": "Polygon", "coordinates": [ [ [ 80.4426286, 16.3087823 ], [ 80.4426433, 16.3087823 ], [ 80.4426433, 16.3087646 ], [ 80.4426286, 16.3087646 ], [ 80.4426286, 16.3087823 ] ] ] } },
{ "type": "Feature", "properties": { "label": "Pothole", "confidence": 0.27, "on_road": 1, "size_m": 0.8, "gt_road_overlap": 1.0, "gt_roof_overlap": 0.0 }, "geometry": { "type": "Polygon", "coordinates": [ [ [ 80.4416274, 16.308696 ], [ 80.4416331, 16.3086961 ], [ 80.4416331, 16.308689 ], [ 80.4416275, 16.308689 ], [ 80.4416274, 16.308696 ] ] ] } },
{ "type": "Feature", "properties": { "label": "Pothole", "confidence": 0.26, "on_road": 1, "size_m": 0.6, "gt_road_overlap": 1.0, "gt_roof_overlap": 0.0 }, "geometry": { "type": "Polygon", "coordinates": [ [ [ 80.4418042, 16.3090437 ], [ 80.4418095, 16.3090437 ], [ 80.4418095, 16.309038 ], [ 80.4418042, 16.3090379 ], [ 80.4418042, 16.3090437 ] ] ] } },
{ "type": "Feature", "properties": { "label": "Pothole", "confidence": 0.26, "on_road": 1, "size_m": 1.3, "gt_road_overlap": 1.0, "gt_roof_overlap": 0.0 }, "geometry": { "type": "Polygon", "coordinates": [ [ [ 80.4418751, 16.3096633 ], [ 80.4418873, 16.3096634 ], [ 80.4418873, 16.3096518 ], [ 80.4418751, 16.3096517 ], [ 80.4418751, 16.3096633 ] ] ] } },
{ "type": "Feature", "properties": { "label": "Pothole", "confidence": 0.26, "on_road": 0, "size_m": 1.2, "gt_road_overlap": 0.0, "gt_roof_overlap": 0.738 }, "geometry": { "type": "Polygon", "coordinates": [ [ [ 80.4418443, 16.3087797 ], [ 80.4418549, 16.3087797 ], [ 80.441855, 16.3087685 ], [ 80.4418443, 16.3087685 ], [ 80.4418443, 16.3087797 ] ] ] } },
{ "type": "Feature", "properties": { "label": "Pothole", "confidence": 0.25, "on_road": 0, "size_m": 1.4, "gt_road_overlap": 0.0, "gt_roof_overlap": 0.961 }, "geometry": { "type": "Polygon", "coordinates": [ [ [ 80.4426624, 16.3084805 ], [ 80.4426718, 16.3084805 ], [ 80.4426718, 16.3084675 ], [ 80.4426624, 16.3084674 ], [ 80.4426624, 16.3084805 ] ] ] } },
{ "type": "Feature", "properties": { "label": "Pothole", "confidence": 0.78, "on_road": 0, "size_m": 1.6, "gt_road_overlap": 1.0, "gt_roof_overlap": 0.993 }, "geometry": { "type": "Polygon", "coordinates": [ [ [ 80.4440505, 16.3089159 ], [ 80.4440655, 16.3089159 ], [ 80.4440655, 16.3089022 ], [ 80.4440505, 16.3089021 ], [ 80.4440505, 16.3089159 ] ] ] } },
{ "type": "Feature", "properties": { "label": "Pothole", "confidence": 0.74, "on_road": 1, "size_m": 1.2, "gt_road_overlap": 1.0, "gt_roof_overlap": 0.0 }, "geometry": { "type": "Polygon", "coordinates": [ [ [ 80.4430993, 16.3089115 ], [ 80.4431067, 16.3089115 ], [ 80.4431068, 16.3089004 ], [ 80.4430993, 16.3089004 ], [ 80.4430993, 16.3089115 ] ] ] } },
{ "type": "Feature", "properties": { "label": "Pothole", "confidence": 0.69, "on_road": 0, "size_m": 1.3, "gt_road_overlap": 0.0, "gt_roof_overlap": 0.794 }, "geometry": { "type": "Polygon", "coordinates": [ [ [ 80.4433622, 16.3085977 ], [ 80.4433724, 16.3085977 ], [ 80.4433724, 16.3085858 ], [ 80.4433623, 16.3085857 ], [ 80.4433622, 16.3085977 ] ] ] } },
{ "type": "Feature", "properties": { "label": "Pothole", "confidence": 0.62, "on_road": 0, "size_m": 1.2, "gt_road_overlap": 0.0, "gt_roof_overlap": 1.0 }, "geometry": { "type": "Polygon", "coordinates": [ [ [ 80.4437333, 16.3090989 ], [ 80.4437433, 16.3090989 ], [ 80.4437433, 16.3090877 ], [ 80.4437334, 16.3090877 ], [ 80.4437333, 16.3090989 ] ] ] } },
{ "type": "Feature", "properties": { "label": "Pothole", "confidence": 0.62, "on_road": 1, "size_m": 0.6, "gt_road_overlap": 1.0, "gt_roof_overlap": 0.0 }, "geometry": { "type": "Polygon", "coordinates": [ [ [ 80.4439877, 16.3089415 ], [ 80.4439937, 16.3089416 ], [ 80.4439937, 16.3089359 ], [ 80.4439877, 16.3089359 ], [ 80.4439877, 16.3089415 ] ] ] } },
{ "type": "Feature", "properties": { "label": "Pothole", "confidence": 0.52, "on_road": 0, "size_m": 8.5, "gt_road_overlap": 0.0, "gt_roof_overlap": 0.0 }, "geometry": { "type": "Polygon", "coordinates": [ [ [ 80.4436287, 16.3096472 ], [ 80.4436579, 16.3096472 ], [ 80.4436581, 16.3095702 ], [ 80.4436289, 16.3095701 ], [ 80.4436287, 16.3096472 ] ] ] } },
{ "type": "Feature", "properties": { "label": "Pothole", "confidence": 0.49, "on_road": 1, "size_m": 1.2, "gt_road_overlap": 1.0, "gt_roof_overlap": 0.0 }, "geometry": { "type": "Polygon", "coordinates": [ [ [ 80.4437508, 16.3095019 ], [ 80.4437624, 16.309502 ], [ 80.4437624, 16.3094926 ], [ 80.4437508, 16.3094925 ], [ 80.4437508, 16.3095019 ] ] ] } },
{ "type": "Feature", "properties": { "label": "Pothole", "confidence": 0.46, "on_road": 1, "size_m": 0.9, "gt_road_overlap": 1.0, "gt_roof_overlap": 0.0 }, "geometry": { "type": "Polygon", "coordinates": [ [ [ 80.4430405, 16.3086312 ], [ 80.4430484, 16.3086312 ], [ 80.4430484, 16.3086229 ], [ 80.4430405, 16.3086228 ], [ 80.4430405, 16.3086312 ] ] ] } },
{ "type": "Feature", "properties": { "label": "Pothole", "confidence": 0.44, "on_road": 1, "size_m": 0.6, "gt_road_overlap": 1.0, "gt_roof_overlap": 0.0 }, "geometry": { "type": "Polygon", "coordinates": [ [ [ 80.443305, 16.3094395 ], [ 80.4433095, 16.3094395 ], [ 80.4433095, 16.3094344 ], [ 80.443305, 16.3094344 ], [ 80.443305, 16.3094395 ] ] ] } },
{ "type": "Feature", "properties": { "label": "Pothole", "confidence": 0.34, "on_road": 1, "size_m": 2.2, "gt_road_overlap": 1.0, "gt_roof_overlap": 0.0 }, "geometry": { "type": "Polygon", "coordinates": [ [ [ 80.4434509, 16.3085066 ], [ 80.4434713, 16.3085066 ], [ 80.4434713, 16.3084987 ], [ 80.4434509, 16.3084986 ], [ 80.4434509, 16.3085066 ] ] ] } },
{ "type": "Feature", "properties": { "label": "Pothole", "confidence": 0.32, "on_road": 0, "size_m": 5.0, "gt_road_overlap": 1.0, "gt_roof_overlap": 0.0 }, "geometry": { "type": "Polygon", "coordinates": [ [ [ 80.4431114, 16.3096528 ], [ 80.4431584, 16.309653 ], [ 80.4431585, 16.3096125 ], [ 80.4431115, 16.3096123 ], [ 80.4431114, 16.3096528 ] ] ] } },
{ "type": "Feature", "properties": { "label": "Pothole", "confidence": 0.3, "on_road": 0, "size_m": 5.5, "gt_road_overlap": 0.031, "gt_roof_overlap": 0.0 }, "geometry": { "type": "Polygon", "coordinates": [ [ [ 80.4428474, 16.3087457 ], [ 80.4428987, 16.3087459 ], [ 80.4428987, 16.3087251 ], [ 80.4428475, 16.3087249 ], [ 80.4428474, 16.3087457 ] ] ] } },
{ "type": "Feature", "properties": { "label": "Pothole", "confidence": 0.29, "on_road": 0, "size_m": 6.9, "gt_road_overlap": 0.0, "gt_roof_overlap": 0.0 }, "geometry": { "type": "Polygon", "coordinates": [ [ [ 80.4432851, 16.3086844 ], [ 80.4433495, 16.3086846 ], [ 80.4433496, 16.3086499 ], [ 80.4432852, 16.3086497 ], [ 80.4432851, 16.3086844 ] ] ] } },
{ "type": "Feature", "properties": { "label": "Pothole", "confidence": 0.27, "on_road": 1, "size_m": 0.9, "gt_road_overlap": 1.0, "gt_roof_overlap": 0.0 }, "geometry": { "type": "Polygon", "coordinates": [ [ [ 80.4434449, 16.308484 ], [ 80.4434528, 16.308484 ], [ 80.4434528, 16.308476 ], [ 80.443445, 16.308476 ], [ 80.4434449, 16.308484 ] ] ] } },
{ "type": "Feature", "properties": { "label": "Pothole", "confidence": 0.25, "on_road": 1, "size_m": 2.0, "gt_road_overlap": 1.0, "gt_roof_overlap": 0.0 }, "geometry": { "type": "Polygon", "coordinates": [ [ [ 80.4434437, 16.3084843 ], [ 80.443454, 16.3084844 ], [ 80.4434541, 16.3084663 ], [ 80.4434438, 16.3084663 ], [ 80.4434437, 16.3084843 ] ] ] } },
{ "type": "Feature", "properties": { "label": "Pothole", "confidence": 0.3, "on_road": 0, "size_m": 1.7, "gt_road_overlap": 0.0, "gt_roof_overlap": 0.0 }, "geometry": { "type": "Polygon", "coordinates": [ [ [ 80.4444905, 16.3091069 ], [ 80.4445063, 16.3091069 ], [ 80.4445063, 16.3090946 ], [ 80.4444906, 16.3090946 ], [ 80.4444905, 16.3091069 ] ] ] } },
{ "type": "Feature", "properties": { "label": "Pothole", "confidence": 0.28, "on_road": 0, "size_m": 1.2, "gt_road_overlap": 0.0, "gt_roof_overlap": 0.0 }, "geometry": { "type": "Polygon", "coordinates": [ [ [ 80.4452575, 16.3093638 ], [ 80.4452676, 16.3093638 ], [ 80.4452676, 16.309353 ], [ 80.4452575, 16.3093529 ], [ 80.4452575, 16.3093638 ] ] ] } },
{ "type": "Feature", "properties": { "label": "Longitudinal crack", "confidence": 0.27, "on_road": 0, "size_m": 4.6, "gt_road_overlap": 0.0, "gt_roof_overlap": 0.0 }, "geometry": { "type": "Polygon", "coordinates": [ [ [ 80.4454541, 16.3088248 ], [ 80.4454698, 16.3088249 ], [ 80.4454699, 16.3087836 ], [ 80.4454542, 16.3087836 ], [ 80.4454541, 16.3088248 ] ] ] } },
{ "type": "Feature", "properties": { "label": "Pothole", "confidence": 0.71, "on_road": 1, "size_m": 2.2, "gt_road_overlap": 1.0, "gt_roof_overlap": 0.0 }, "geometry": { "type": "Polygon", "coordinates": [ [ [ 80.4457291, 16.3086256 ], [ 80.4457411, 16.3086256 ], [ 80.4457411, 16.3086057 ], [ 80.4457292, 16.3086057 ], [ 80.4457291, 16.3086256 ] ] ] } },
{ "type": "Feature", "properties": { "label": "Pothole", "confidence": 0.71, "on_road": 0, "size_m": 0.9, "gt_road_overlap": 0.0, "gt_roof_overlap": 0.0 }, "geometry": { "type": "Polygon", "coordinates": [ [ [ 80.4456817, 16.3089659 ], [ 80.4456885, 16.3089659 ], [ 80.4456885, 16.308958 ], [ 80.4456817, 16.3089579 ], [ 80.4456817, 16.3089659 ] ] ] } },
{ "type": "Feature", "properties": { "label": "Pothole", "confidence": 0.55, "on_road": 0, "size_m": 0.7, "gt_road_overlap": 0.0, "gt_roof_overlap": 0.0 }, "geometry": { "type": "Polygon", "coordinates": [ [ [ 80.446539, 16.3093382 ], [ 80.446546, 16.3093382 ], [ 80.446546, 16.3093325 ], [ 80.4465391, 16.3093324 ], [ 80.446539, 16.3093382 ] ] ] } },
{ "type": "Feature", "properties": { "label": "Pothole", "confidence": 0.45, "on_road": 0, "size_m": 4.8, "gt_road_overlap": 1.0, "gt_roof_overlap": 0.0 }, "geometry": { "type": "Polygon", "coordinates": [ [ [ 80.4458561, 16.309547 ], [ 80.445901, 16.3095471 ], [ 80.445901, 16.3095303 ], [ 80.4458561, 16.3095302 ], [ 80.4458561, 16.309547 ] ] ] } },
{ "type": "Feature", "properties": { "label": "Pothole", "confidence": 0.41, "on_road": 1, "size_m": 2.1, "gt_road_overlap": 1.0, "gt_roof_overlap": 0.0 }, "geometry": { "type": "Polygon", "coordinates": [ [ [ 80.4458501, 16.3093769 ], [ 80.4458634, 16.309377 ], [ 80.4458634, 16.3093581 ], [ 80.4458501, 16.3093581 ], [ 80.4458501, 16.3093769 ] ] ] } },
{ "type": "Feature", "properties": { "label": "Pothole", "confidence": 0.34, "on_road": 1, "size_m": 1.7, "gt_road_overlap": 1.0, "gt_roof_overlap": 0.0 }, "geometry": { "type": "Polygon", "coordinates": [ [ [ 80.445866, 16.3094902 ], [ 80.4458768, 16.3094903 ], [ 80.4458769, 16.3094749 ], [ 80.445866, 16.3094749 ], [ 80.445866, 16.3094902 ] ] ] } },
{ "type": "Feature", "properties": { "label": "Pothole", "confidence": 0.34, "on_road": 0, "size_m": 1.4, "gt_road_overlap": 0.0, "gt_roof_overlap": 0.0 }, "geometry": { "type": "Polygon", "coordinates": [ [ [ 80.4465373, 16.3093621 ], [ 80.446547, 16.3093621 ], [ 80.4465471, 16.3093495 ], [ 80.4465373, 16.3093494 ], [ 80.4465373, 16.3093621 ] ] ] } },
{ "type": "Feature", "properties": { "label": "Pothole", "confidence": 0.31, "on_road": 0, "size_m": 2.8, "gt_road_overlap": 0.0, "gt_roof_overlap": 0.0 }, "geometry": { "type": "Polygon", "coordinates": [ [ [ 80.4466558, 16.3092087 ], [ 80.4466823, 16.3092088 ], [ 80.4466823, 16.3091995 ], [ 80.4466558, 16.3091994 ], [ 80.4466558, 16.3092087 ] ] ] } },
{ "type": "Feature", "properties": { "label": "Pothole", "confidence": 0.3, "on_road": 0, "size_m": 4.6, "gt_road_overlap": 0.558, "gt_roof_overlap": 0.0 }, "geometry": { "type": "Polygon", "coordinates": [ [ [ 80.4457757, 16.30876 ], [ 80.4458186, 16.3087601 ], [ 80.4458187, 16.308733 ], [ 80.4457758, 16.3087329 ], [ 80.4457757, 16.30876 ] ] ] } },
{ "type": "Feature", "properties": { "label": "Pothole", "confidence": 0.28, "on_road": 0, "size_m": 4.6, "gt_road_overlap": 0.0, "gt_roof_overlap": 0.0 }, "geometry": { "type": "Polygon", "coordinates": [ [ [ 80.4464191, 16.3088946 ], [ 80.4464371, 16.3088946 ], [ 80.4464373, 16.3088534 ], [ 80.4464192, 16.3088534 ], [ 80.4464191, 16.3088946 ] ] ] } },
{ "type": "Feature", "properties": { "label": "Pothole", "confidence": 0.28, "on_road": 0, "size_m": 0.9, "gt_road_overlap": 0.0, "gt_roof_overlap": 0.0 }, "geometry": { "type": "Polygon", "coordinates": [ [ [ 80.4462308, 16.3092552 ], [ 80.446239, 16.3092553 ], [ 80.446239, 16.3092474 ], [ 80.4462308, 16.3092473 ], [ 80.4462308, 16.3092552 ] ] ] } },
{ "type": "Feature", "properties": { "label": "Pothole", "confidence": 0.27, "on_road": 0, "size_m": 0.6, "gt_road_overlap": 0.0, "gt_roof_overlap": 0.0 }, "geometry": { "type": "Polygon", "coordinates": [ [ [ 80.4457038, 16.3089609 ], [ 80.4457083, 16.3089609 ], [ 80.4457083, 16.3089551 ], [ 80.4457038, 16.3089551 ], [ 80.4457038, 16.3089609 ] ] ] } },
{ "type": "Feature", "properties": { "label": "Pothole", "confidence": 0.76, "on_road": 0, "size_m": 1.4, "gt_road_overlap": 0.0, "gt_roof_overlap": 0.0 }, "geometry": { "type": "Polygon", "coordinates": [ [ [ 80.4465377, 16.3093623 ], [ 80.4465467, 16.3093623 ], [ 80.4465467, 16.3093496 ], [ 80.4465377, 16.3093496 ], [ 80.4465377, 16.3093623 ] ] ] } },
{ "type": "Feature", "properties": { "label": "Pothole", "confidence": 0.58, "on_road": 0, "size_m": 0.7, "gt_road_overlap": 0.0, "gt_roof_overlap": 0.0 }, "geometry": { "type": "Polygon", "coordinates": [ [ [ 80.4465392, 16.3093382 ], [ 80.4465456, 16.3093382 ], [ 80.4465456, 16.3093321 ], [ 80.4465393, 16.3093321 ], [ 80.4465392, 16.3093382 ] ] ] } },
{ "type": "Feature", "properties": { "label": "Pothole", "confidence": 0.51, "on_road": 0, "size_m": 6.0, "gt_road_overlap": 0.0, "gt_roof_overlap": 0.0 }, "geometry": { "type": "Polygon", "coordinates": [ [ [ 80.4469014, 16.3090387 ], [ 80.4469576, 16.3090388 ], [ 80.4469576, 16.30902 ], [ 80.4469014, 16.3090199 ], [ 80.4469014, 16.3090387 ] ] ] } },
{ "type": "Feature", "properties": { "label": "Pothole", "confidence": 0.46, "on_road": 0, "size_m": 1.4, "gt_road_overlap": 0.0, "gt_roof_overlap": 0.0 }, "geometry": { "type": "Polygon", "coordinates": [ [ [ 80.4462173, 16.3085137 ], [ 80.44623, 16.3085137 ], [ 80.4462301, 16.3085029 ], [ 80.4462173, 16.3085028 ], [ 80.4462173, 16.3085137 ] ] ] } },
{ "type": "Feature", "properties": { "label": "Pothole", "confidence": 0.4, "on_road": 1, "size_m": 1.8, "gt_road_overlap": 1.0, "gt_roof_overlap": 0.0 }, "geometry": { "type": "Polygon", "coordinates": [ [ [ 80.4470285, 16.3097147 ], [ 80.447045, 16.3097147 ], [ 80.447045, 16.3097071 ], [ 80.4470285, 16.3097071 ], [ 80.4470285, 16.3097147 ] ] ] } },
{ "type": "Feature", "properties": { "label": "Pothole", "confidence": 0.29, "on_road": 1, "size_m": 3.2, "gt_road_overlap": 1.0, "gt_roof_overlap": 0.0 }, "geometry": { "type": "Polygon", "coordinates": [ [ [ 80.4471477, 16.3086643 ], [ 80.447166, 16.3086643 ], [ 80.4471661, 16.3086356 ], [ 80.4471478, 16.3086355 ], [ 80.4471477, 16.3086643 ] ] ] } },
{ "type": "Feature", "properties": { "label": "Pothole", "confidence": 0.28, "on_road": 0, "size_m": 4.7, "gt_road_overlap": 0.0, "gt_roof_overlap": 0.0 }, "geometry": { "type": "Polygon", "coordinates": [ [ [ 80.446418, 16.3088953 ], [ 80.4464424, 16.3088954 ], [ 80.4464425, 16.3088531 ], [ 80.4464182, 16.308853 ], [ 80.446418, 16.3088953 ] ] ] } },
{ "type": "Feature", "properties": { "label": "Pothole", "confidence": 0.28, "on_road": 0, "size_m": 3.4, "gt_road_overlap": 0.0, "gt_roof_overlap": 0.0 }, "geometry": { "type": "Polygon", "coordinates": [ [ [ 80.446883, 16.3090799 ], [ 80.4469145, 16.3090799 ], [ 80.4469146, 16.3090503 ], [ 80.4468831, 16.3090502 ], [ 80.446883, 16.3090799 ] ] ] } },
{ "type": "Feature", "properties": { "label": "Pothole", "confidence": 0.27, "on_road": 0, "size_m": 3.6, "gt_road_overlap": 0.0, "gt_roof_overlap": 0.129 }, "geometry": { "type": "Polygon", "coordinates": [ [ [ 80.4470086, 16.3094792 ], [ 80.4470426, 16.3094793 ], [ 80.4470427, 16.3094601 ], [ 80.4470086, 16.30946 ], [ 80.4470086, 16.3094792 ] ] ] } },
{ "type": "Feature", "properties": { "label": "Pothole", "confidence": 0.61, "on_road": 0, "size_m": 1.5, "gt_road_overlap": 0.0, "gt_roof_overlap": 1.0 }, "geometry": { "type": "Polygon", "coordinates": [ [ [ 80.4276394, 16.3073092 ], [ 80.4276521, 16.3073093 ], [ 80.4276521, 16.3072955 ], [ 80.4276394, 16.3072955 ], [ 80.4276394, 16.3073092 ] ] ] } },
{ "type": "Feature", "properties": { "label": "Pothole", "confidence": 0.52, "on_road": 1, "size_m": 0.9, "gt_road_overlap": 1.0, "gt_roof_overlap": 0.0 }, "geometry": { "type": "Polygon", "coordinates": [ [ [ 80.427631, 16.3080474 ], [ 80.4276385, 16.3080474 ], [ 80.4276385, 16.3080395 ], [ 80.4276311, 16.3080395 ], [ 80.427631, 16.3080474 ] ] ] } },
{ "type": "Feature", "properties": { "label": "Pothole", "confidence": 0.42, "on_road": 1, "size_m": 0.9, "gt_road_overlap": 1.0, "gt_roof_overlap": 0.0 }, "geometry": { "type": "Polygon", "coordinates": [ [ [ 80.427967, 16.3079751 ], [ 80.4279745, 16.3079751 ], [ 80.4279745, 16.3079672 ], [ 80.427967, 16.3079671 ], [ 80.427967, 16.3079751 ] ] ] } },
{ "type": "Feature", "properties": { "label": "Pothole", "confidence": 0.41, "on_road": 0, "size_m": 1.3, "gt_road_overlap": 0.0, "gt_roof_overlap": 0.0 }, "geometry": { "type": "Polygon", "coordinates": [ [ [ 80.4279916, 16.3076684 ], [ 80.4280039, 16.3076684 ], [ 80.428004, 16.3076583 ], [ 80.4279916, 16.3076582 ], [ 80.4279916, 16.3076684 ] ] ] } },
{ "type": "Feature", "properties": { "label": "Pothole", "confidence": 0.34, "on_road": 1, "size_m": 3.4, "gt_road_overlap": 1.0, "gt_roof_overlap": 0.0 }, "geometry": { "type": "Polygon", "coordinates": [ [ [ 80.4279522, 16.3073713 ], [ 80.4279765, 16.3073714 ], [ 80.4279766, 16.3073406 ], [ 80.4279523, 16.3073406 ], [ 80.4279522, 16.3073713 ] ] ] } },
{ "type": "Feature", "properties": { "label": "Pothole", "confidence": 0.27, "on_road": 0, "size_m": 1.4, "gt_road_overlap": 0.0, "gt_roof_overlap": 0.0 }, "geometry": { "type": "Polygon", "coordinates": [ [ [ 80.4279525, 16.3074598 ], [ 80.427963, 16.3074598 ], [ 80.427963, 16.3074475 ], [ 80.4279525, 16.3074475 ], [ 80.4279525, 16.3074598 ] ] ] } },
{ "type": "Feature", "properties": { "label": "Pothole", "confidence": 0.74, "on_road": 0, "size_m": 6.7, "gt_road_overlap": 1.0, "gt_roof_overlap": 0.0 }, "geometry": { "type": "Polygon", "coordinates": [ [ [ 80.4291326, 16.3074695 ], [ 80.4291746, 16.3074696 ], [ 80.4291748, 16.3074092 ], [ 80.4291328, 16.3074091 ], [ 80.4291326, 16.3074695 ] ] ] } },
{ "type": "Feature", "properties": { "label": "Pothole", "confidence": 0.35, "on_road": 0, "size_m": 4.6, "gt_road_overlap": 0.995, "gt_roof_overlap": 0.325 }, "geometry": { "type": "Polygon", "coordinates": [ [ [ 80.4293886, 16.3071928 ], [ 80.4294317, 16.307193 ], [ 80.4294317, 16.3071778 ], [ 80.4293887, 16.3071777 ], [ 80.4293886, 16.3071928 ] ] ] } },
{ "type": "Feature", "properties": { "label": "Pothole", "confidence": 0.33, "on_road": 1, "size_m": 0.5, "gt_road_overlap": 1.0, "gt_roof_overlap": 0.0 }, "geometry": { "type": "Polygon", "coordinates": [ [ [ 80.4290956, 16.3071555 ], [ 80.4290991, 16.3071555 ], [ 80.4290991, 16.3071508 ], [ 80.4290956, 16.3071508 ], [ 80.4290956, 16.3071555 ] ] ] } },
{ "type": "Feature", "properties": { "label": "Pothole", "confidence": 0.31, "on_road": 0, "size_m": 3.4, "gt_road_overlap": 0.0, "gt_roof_overlap": 1.0 }, "geometry": { "type": "Polygon", "coordinates": [ [ [ 80.4281094, 16.3080266 ], [ 80.4281409, 16.3080267 ], [ 80.4281409, 16.3080141 ], [ 80.4281095, 16.308014 ], [ 80.4281094, 16.3080266 ] ] ] } },
{ "type": "Feature", "properties": { "label": "Pothole", "confidence": 0.75, "on_road": 0, "size_m": 7.8, "gt_road_overlap": 0.38, "gt_roof_overlap": 0.221 }, "geometry": { "type": "Polygon", "coordinates": [ [ [ 80.4294229, 16.3084171 ], [ 80.4294957, 16.3084173 ], [ 80.4294958, 16.3083844 ], [ 80.429423, 16.3083842 ], [ 80.4294229, 16.3084171 ] ] ] } },
{ "type": "Feature", "properties": { "label": "Pothole", "confidence": 0.6, "on_road": 0, "size_m": 2.8, "gt_road_overlap": 0.0, "gt_roof_overlap": 1.0 }, "geometry": { "type": "Polygon", "coordinates": [ [ [ 80.4297625, 16.3077775 ], [ 80.4297887, 16.3077775 ], [ 80.4297887, 16.3077598 ], [ 80.4297625, 16.3077597 ], [ 80.4297625, 16.3077775 ] ] ] } },
{ "type": "Feature", "properties": { "label": "Pothole", "confidence": 0.57, "on_road": 1, "size_m": 1.8, "gt_road_overlap": 1.0, "gt_roof_overlap": 0.0 }, "geometry": { "type": "Polygon", "coordinates": [ [ [ 80.4301214, 16.3073613 ], [ 80.4301302, 16.3073614 ], [ 80.4301303, 16.3073447 ], [ 80.4301215, 16.3073447 ], [ 80.4301214, 16.3073613 ] ] ] } },
{ "type": "Feature", "properties": { "label": "Pothole", "confidence": 0.52, "on_road": 0, "size_m": 0.6, "gt_road_overlap": 0.0, "gt_roof_overlap": 1.0 }, "geometry": { "type": "Polygon", "coordinates": [ [ [ 80.430547, 16.3082048 ], [ 80.4305515, 16.3082048 ], [ 80.4305515, 16.3081998 ], [ 80.430547, 16.3081997 ], [ 80.430547, 16.3082048 ] ] ] } },
{ "type": "Feature", "properties": { "label": "Pothole", "confidence": 0.45, "on_road": 1, "size_m": 0.7, "gt_road_overlap": 1.0, "gt_roof_overlap": 0.0 }, "geometry": { "type": "Polygon", "coordinates": [ [ [ 80.4303206, 16.3080086 ], [ 80.4303257, 16.3080086 ], [ 80.4303257, 16.3080024 ], [ 80.4303206, 16.3080024 ], [ 80.4303206, 16.3080086 ] ] ] } },
{ "type": "Feature", "properties": { "label": "Pothole", "confidence": 0.39, "on_road": 0, "size_m": 2.2, "gt_road_overlap": 0.0, "gt_roof_overlap": 1.0 }, "geometry": { "type": "Polygon", "coordinates": [ [ [ 80.4297966, 16.3077712 ], [ 80.4298172, 16.3077713 ], [ 80.4298172, 16.3077539 ], [ 80.4297966, 16.3077539 ], [ 80.4297966, 16.3077712 ] ] ] } },
{ "type": "Feature", "properties": { "label": "Pothole", "confidence": 0.37, "on_road": 0, "size_m": 3.0, "gt_road_overlap": 0.0, "gt_roof_overlap": 0.124 }, "geometry": { "type": "Polygon", "coordinates": [ [ [ 80.4301423, 16.3071967 ], [ 80.4301706, 16.3071968 ], [ 80.4301707, 16.307174 ], [ 80.4301424, 16.3071739 ], [ 80.4301423, 16.3071967 ] ] ] } },
{ "type": "Feature", "properties": { "label": "Pothole", "confidence": 0.35, "on_road": 0, "size_m": 0.8, "gt_road_overlap": 1.0, "gt_roof_overlap": 0.617 }, "geometry": { "type": "Polygon", "coordinates": [ [ [ 80.4304461, 16.3083172 ], [ 80.4304517, 16.3083172 ], [ 80.4304517, 16.3083096 ], [ 80.4304461, 16.3083096 ], [ 80.4304461, 16.3083172 ] ] ] } },
{ "type": "Feature", "properties": { "label": "Pothole", "confidence": 0.34, "on_road": 0, "size_m": 1.1, "gt_road_overlap": 0.0, "gt_roof_overlap": 0.0 }, "geometry": { "type": "Polygon", "coordinates": [ [ [ 80.4295586, 16.3072739 ], [ 80.429569, 16.307274 ], [ 80.4295691, 16.3072667 ], [ 80.4295586, 16.3072667 ], [ 80.4295586, 16.3072739 ] ] ] } },
{ "type": "Feature", "properties": { "label": "Pothole", "confidence": 0.28, "on_road": 1, "size_m": 2.4, "gt_road_overlap": 0.565, "gt_roof_overlap": 0.0 }, "geometry": { "type": "Polygon", "coordinates": [ [ [ 80.429627, 16.3076921 ], [ 80.4296495, 16.3076922 ], [ 80.4296495, 16.3076734 ], [ 80.429627, 16.3076733 ], [ 80.429627, 16.3076921 ] ] ] } },
{ "type": "Feature", "properties": { "label": "Pothole", "confidence": 0.25, "on_road": 0, "size_m": 0.9, "gt_road_overlap": 0.0, "gt_roof_overlap": 0.0 }, "geometry": { "type": "Polygon", "coordinates": [ [ [ 80.4296729, 16.3073986 ], [ 80.4296791, 16.3073986 ], [ 80.4296791, 16.3073907 ], [ 80.4296729, 16.3073907 ], [ 80.4296729, 16.3073986 ] ] ] } },
{ "type": "Feature", "properties": { "label": "Pothole", "confidence": 0.7, "on_road": 0, "size_m": 1.0, "gt_road_overlap": 0.118, "gt_roof_overlap": 0.0 }, "geometry": { "type": "Polygon", "coordinates": [ [ [ 80.4314519, 16.3073472 ], [ 80.4314613, 16.3073472 ], [ 80.4314613, 16.3073378 ], [ 80.4314519, 16.3073378 ], [ 80.4314519, 16.3073472 ] ] ] } },
{ "type": "Feature", "properties": { "label": "Pothole", "confidence": 0.62, "on_road": 1, "size_m": 1.2, "gt_road_overlap": 1.0, "gt_roof_overlap": 0.0 }, "geometry": { "type": "Polygon", "coordinates": [ [ [ 80.4315492, 16.3074002 ], [ 80.43156, 16.3074002 ], [ 80.4315601, 16.3073904 ], [ 80.4315492, 16.3073904 ], [ 80.4315492, 16.3074002 ] ] ] } },
{ "type": "Feature", "properties": { "label": "Pothole", "confidence": 0.6, "on_road": 1, "size_m": 1.0, "gt_road_overlap": 1.0, "gt_roof_overlap": 0.0 }, "geometry": { "type": "Polygon", "coordinates": [ [ [ 80.4315071, 16.3073715 ], [ 80.4315161, 16.3073716 ], [ 80.4315162, 16.3073628 ], [ 80.4315072, 16.3073628 ], [ 80.4315071, 16.3073715 ] ] ] } },
{ "type": "Feature", "properties": { "label": "Pothole", "confidence": 0.38, "on_road": 0, "size_m": 0.9, "gt_road_overlap": 0.0, "gt_roof_overlap": 0.344 }, "geometry": { "type": "Polygon", "coordinates": [ [ [ 80.4319813, 16.3081698 ], [ 80.4319869, 16.3081698 ], [ 80.4319869, 16.3081615 ], [ 80.4319813, 16.3081615 ], [ 80.4319813, 16.3081698 ] ] ] } },
{ "type": "Feature", "properties": { "label": "Pothole", "confidence": 0.37, "on_road": 1, "size_m": 1.4, "gt_road_overlap": 1.0, "gt_roof_overlap": 0.0 }, "geometry": { "type": "Polygon", "coordinates": [ [ [ 80.4315342, 16.3073341 ], [ 80.4315469, 16.3073342 ], [ 80.431547, 16.3073235 ], [ 80.4315342, 16.3073235 ], [ 80.4315342, 16.3073341 ] ] ] } },
{ "type": "Feature", "properties": { "label": "Pothole", "confidence": 0.35, "on_road": 1, "size_m": 2.0, "gt_road_overlap": 1.0, "gt_roof_overlap": 0.0 }, "geometry": { "type": "Polygon", "coordinates": [ [ [ 80.4314536, 16.3072677 ], [ 80.4314714, 16.3072677 ], [ 80.4314715, 16.3072496 ], [ 80.4314537, 16.3072496 ], [ 80.4314536, 16.3072677 ] ] ] } },
{ "type": "Feature", "properties": { "label": "Pothole", "confidence": 0.32, "on_road": 1, "size_m": 1.0, "gt_road_overlap": 0.601, "gt_roof_overlap": 0.0 }, "geometry": { "type": "Polygon", "coordinates": [ [ [ 80.4312142, 16.3071616 ], [ 80.4312239, 16.3071616 ], [ 80.431224, 16.3071537 ], [ 80.4312142, 16.3071536 ], [ 80.4312142, 16.3071616 ] ] ] } },
{ "type": "Feature", "properties": { "label": "Pothole", "confidence": 0.31, "on_road": 0, "size_m": 1.3, "gt_road_overlap": 0.0, "gt_roof_overlap": 0.0 }, "geometry": { "type": "Polygon", "coordinates": [ [ [ 80.4319654, 16.3072491 ], [ 80.4319776, 16.3072492 ], [ 80.4319776, 16.3072371 ], [ 80.4319655, 16.307237 ], [ 80.4319654, 16.3072491 ] ] ] } },
{ "type": "Feature", "properties": { "label": "Pothole", "confidence": 0.31, "on_road": 1, "size_m": 1.0, "gt_road_overlap": 1.0, "gt_roof_overlap": 0.0 }, "geometry": { "type": "Polygon", "coordinates": [ [ [ 80.4315451, 16.3073373 ], [ 80.4315541, 16.3073373 ], [ 80.4315541, 16.3073304 ], [ 80.4315451, 16.3073304 ], [ 80.4315451, 16.3073373 ] ] ] } },
{ "type": "Feature", "properties": { "label": "Pothole", "confidence": 0.27, "on_road": 0, "size_m": 1.6, "gt_road_overlap": 0.0, "gt_roof_overlap": 0.0 }, "geometry": { "type": "Polygon", "coordinates": [ [ [ 80.4313916, 16.3073158 ], [ 80.431407, 16.3073158 ], [ 80.431407, 16.307306 ], [ 80.4313916, 16.307306 ], [ 80.4313916, 16.3073158 ] ] ] } },
{ "type": "Feature", "properties": { "label": "Pothole", "confidence": 0.26, "on_road": 1, "size_m": 1.0, "gt_road_overlap": 1.0, "gt_roof_overlap": 0.0 }, "geometry": { "type": "Polygon", "coordinates": [ [ [ 80.4315008, 16.3072944 ], [ 80.4315038, 16.3072944 ], [ 80.4315038, 16.3072855 ], [ 80.4315008, 16.3072855 ], [ 80.4315008, 16.3072944 ] ] ] } },
{ "type": "Feature", "properties": { "label": "Pothole", "confidence": 0.26, "on_road": 0, "size_m": 0.8, "gt_road_overlap": 0.0, "gt_roof_overlap": 0.99 }, "geometry": { "type": "Polygon", "coordinates": [ [ [ 80.4308786, 16.3073267 ], [ 80.4308861, 16.3073267 ], [ 80.4308861, 16.3073202 ], [ 80.4308786, 16.3073202 ], [ 80.4308786, 16.3073267 ] ] ] } },
{ "type": "Feature", "properties": { "label": "Pothole", "confidence": 0.88, "on_road": 0, "size_m": 7.7, "gt_road_overlap": 0.0, "gt_roof_overlap": 0.0 }, "geometry": { "type": "Polygon", "coordinates": [ [ [ 80.4332213, 16.3084638 ], [ 80.4332514, 16.3084639 ], [ 80.4332516, 16.3083945 ], [ 80.4332215, 16.3083944 ], [ 80.4332213, 16.3084638 ] ] ] } },
{ "type": "Feature", "properties": { "label": "Pothole", "confidence": 0.87, "on_road": 1, "size_m": 1.1, "gt_road_overlap": 1.0, "gt_roof_overlap": 0.0 }, "geometry": { "type": "Polygon", "coordinates": [ [ [ 80.4329899, 16.3074524 ], [ 80.4330004, 16.3074524 ], [ 80.4330004, 16.3074423 ], [ 80.4329899, 16.3074423 ], [ 80.4329899, 16.3074524 ] ] ] } },
{ "type": "Feature", "properties": { "label": "Pothole", "confidence": 0.81, "on_road": 0, "size_m": 2.7, "gt_road_overlap": 0.0, "gt_roof_overlap": 1.0 }, "geometry": { "type": "Polygon", "coordinates": [ [ [ 80.432835, 16.3074429 ], [ 80.4328586, 16.307443 ], [ 80.4328587, 16.3074184 ], [ 80.4328351, 16.3074184 ], [ 80.432835, 16.3074429 ] ] ] } },
{ "type": "Feature", "properties": { "label": "Pothole", "confidence": 0.72, "on_road": 0, "size_m": 4.0, "gt_road_overlap": 0.0, "gt_roof_overlap": 0.0 }, "geometry": { "type": "Polygon", "coordinates": [ [ [ 80.4333084, 16.3075933 ], [ 80.4333271, 16.3075933 ], [ 80.4333272, 16.307557 ], [ 80.4333085, 16.3075569 ], [ 80.4333084, 16.3075933 ] ] ] } },
{ "type": "Feature", "properties": { "label": "Pothole", "confidence": 0.62, "on_road": 1, "size_m": 1.1, "gt_road_overlap": 1.0, "gt_roof_overlap": 0.0 }, "geometry": { "type": "Polygon", "coordinates": [ [ [ 80.432966, 16.3074098 ], [ 80.4329734, 16.3074099 ], [ 80.4329734, 16.3074001 ], [ 80.4329661, 16.3074001 ], [ 80.432966, 16.3074098 ] ] ] } },
{ "type": "Feature", "properties": { "label": "Pothole", "confidence": 0.6, "on_road": 1, "size_m": 1.2, "gt_road_overlap": 1.0, "gt_roof_overlap": 0.0 }, "geometry": { "type": "Polygon", "coordinates": [ [ [ 80.4333687, 16.3082627 ], [ 80.4333793, 16.3082627 ], [ 80.4333794, 16.3082518 ], [ 80.4333687, 16.3082518 ], [ 80.4333687, 16.3082627 ] ] ] } },
{ "type": "Feature", "properties": { "label": "Pothole", "confidence": 0.52, "on_road": 1, "size_m": 3.9, "gt_road_overlap": 0.989, "gt_roof_overlap": 0.0 }, "geometry": { "type": "Polygon", "coordinates": [ [ [ 80.4333758, 16.3082659 ], [ 80.4334125, 16.308266 ], [ 80.4334125, 16.3082393 ], [ 80.4333758, 16.3082392 ], [ 80.4333758, 16.3082659 ] ] ] } },
{ "type": "Feature", "properties": { "label": "Pothole", "confidence": 0.48, "on_road": 0, "size_m": 5.7, "gt_road_overlap": 0.161, "gt_roof_overlap": 0.002 }, "geometry": { "type": "Polygon", "coordinates": [ [ [ 80.4323303, 16.3083635 ], [ 80.4323838, 16.3083636 ], [ 80.4323839, 16.3083249 ], [ 80.4323304, 16.3083248 ], [ 80.4323303, 16.3083635 ] ] ] } },
{ "type": "Feature", "properties": { "label": "Pothole", "confidence": 0.48, "on_road": 0, "size_m": 9.1, "gt_road_overlap": 0.14, "gt_roof_overlap": 0.0 }, "geometry": { "type": "Polygon", "coordinates": [ [ [ 80.4324313, 16.3078007 ], [ 80.4324845, 16.3078009 ], [ 80.4324847, 16.3077183 ], [ 80.4324315, 16.3077181 ], [ 80.4324313, 16.3078007 ] ] ] } },
{ "type": "Feature", "properties": { "label": "Pothole", "confidence": 0.45, "on_road": 0, "size_m": 0.7, "gt_road_overlap": 0.0, "gt_roof_overlap": 0.0 }, "geometry": { "type": "Polygon", "coordinates": [ [ [ 80.4332108, 16.3080037 ], [ 80.4332174, 16.3080037 ], [ 80.4332174, 16.3079986 ], [ 80.4332108, 16.3079986 ], [ 80.4332108, 16.3080037 ] ] ] } },
{ "type": "Feature", "properties": { "label": "Pothole", "confidence": 0.43, "on_road": 1, "size_m": 0.8, "gt_road_overlap": 1.0, "gt_roof_overlap": 0.0 }, "geometry": { "type": "Polygon", "coordinates": [ [ [ 80.4329035, 16.3072009 ], [ 80.4329087, 16.3072009 ], [ 80.4329088, 16.3071936 ], [ 80.4329035, 16.3071936 ], [ 80.4329035, 16.3072009 ] ] ] } },
{ "type": "Feature", "properties": { "label": "Longitudinal crack", "confidence": 0.41, "on_road": 0, "size_m": 0.9, "gt_road_overlap": 0.0, "gt_roof_overlap": 0.226 }, "geometry": { "type": "Polygon", "coordinates": [ [ [ 80.4321466, 16.3082229 ], [ 80.4321552, 16.3082229 ], [ 80.4321552, 16.3082149 ], [ 80.4321466, 16.3082149 ], [ 80.4321466, 16.3082229 ] ] ] } },
{ "type": "Feature", "properties": { "label": "Pothole", "confidence": 0.38, "on_road": 0, "size_m": 0.6, "gt_road_overlap": 0.0, "gt_roof_overlap": 0.0 }, "geometry": { "type": "Polygon", "coordinates": [ [ [ 80.4332166, 16.3083458 ], [ 80.4332204, 16.3083458 ], [ 80.4332204, 16.30834 ], [ 80.4332166, 16.30834 ], [ 80.4332166, 16.3083458 ] ] ] } },
{ "type": "Feature", "properties": { "label": "Pothole", "confidence": 0.35, "on_road": 1, "size_m": 3.9, "gt_road_overlap": 1.0, "gt_roof_overlap": 0.0 }, "geometry": { "type": "Polygon", "coordinates": [ [ [ 80.4328834, 16.3072731 ], [ 80.4329201, 16.3072732 ], [ 80.4329202, 16.3072475 ], [ 80.4328835, 16.3072474 ], [ 80.4328834, 16.3072731 ] ] ] } },
{ "type": "Feature", "properties": { "label": "Pothole", "confidence": 0.32, "on_road": 0, "size_m": 4.1, "gt_road_overlap": 1.0, "gt_roof_overlap": 0.068 }, "geometry": { "type": "Polygon", "coordinates": [ [ [ 80.4328059, 16.3083179 ], [ 80.4328443, 16.308318 ], [ 80.4328444, 16.3082927 ], [ 80.432806, 16.3082926 ], [ 80.4328059, 16.3083179 ] ] ] } },
{ "type": "Feature", "properties": { "label": "Pothole", "confidence": 0.31, "on_road": 0, "size_m": 1.6, "gt_road_overlap": 0.0, "gt_roof_overlap": 0.0 }, "geometry": { "type": "Polygon", "coordinates": [ [ [ 80.4324782, 16.3078439 ], [ 80.4324931, 16.3078439 ], [ 80.4324932, 16.3078318 ], [ 80.4324782, 16.3078318 ], [ 80.4324782, 16.3078439 ] ] ] } },
{ "type": "Feature", "properties": { "label": "Pothole", "confidence": 0.31, "on_road": 1, "size_m": 0.8, "gt_road_overlap": 1.0, "gt_roof_overlap": 0.003 }, "geometry": { "type": "Polygon", "coordinates": [ [ [ 80.4328426, 16.3083173 ], [ 80.4328479, 16.3083173 ], [ 80.4328479, 16.3083101 ], [ 80.4328426, 16.3083101 ], [ 80.4328426, 16.3083173 ] ] ] } },
{ "type": "Feature", "properties": { "label": "Pothole", "confidence": 0.3, "on_road": 0, "size_m": 5.2, "gt_road_overlap": 0.0, "gt_roof_overlap": 1.0 }, "geometry": { "type": "Polygon", "coordinates": [ [ [ 80.4328518, 16.3076155 ], [ 80.4329001, 16.3076156 ], [ 80.4329001, 16.3075885 ], [ 80.4328518, 16.3075883 ], [ 80.4328518, 16.3076155 ] ] ] } },
{ "type": "Feature", "properties": { "label": "Pothole", "confidence": 0.3, "on_road": 0, "size_m": 6.9, "gt_road_overlap": 0.996, "gt_roof_overlap": 0.0 }, "geometry": { "type": "Polygon", "coordinates": [ [ [ 80.43335, 16.3082283 ], [ 80.4334144, 16.3082284 ], [ 80.4334145, 16.3081923 ], [ 80.4333501, 16.3081921 ], [ 80.43335, 16.3082283 ] ] ] } },
{ "type": "Feature", "properties": { "label": "Longitudinal crack", "confidence": 0.29, "on_road": 0, "size_m": 1.5, "gt_road_overlap": 0.0, "gt_roof_overlap": 0.397 }, "geometry": { "type": "Polygon", "coordinates": [ [ [ 80.4321451, 16.3082261 ], [ 80.432159, 16.3082261 ], [ 80.432159, 16.3082131 ], [ 80.4321452, 16.3082131 ], [ 80.4321451, 16.3082261 ] ] ] } },
{ "type": "Feature", "properties": { "label": "Pothole", "confidence": 0.28, "on_road": 0, "size_m": 0.6, "gt_road_overlap": 0.0, "gt_roof_overlap": 1.0 }, "geometry": { "type": "Polygon", "coordinates": [ [ [ 80.4329941, 16.307319 ], [ 80.4329994, 16.307319 ], [ 80.4329994, 16.3073139 ], [ 80.4329942, 16.3073139 ], [ 80.4329941, 16.307319 ] ] ] } },
{ "type": "Feature", "properties": { "label": "Pothole", "confidence": 0.27, "on_road": 1, "size_m": 1.9, "gt_road_overlap": 1.0, "gt_roof_overlap": 0.0 }, "geometry": { "type": "Polygon", "coordinates": [ [ [ 80.4329493, 16.3073363 ], [ 80.4329568, 16.3073363 ], [ 80.4329569, 16.307319 ], [ 80.4329494, 16.307319 ], [ 80.4329493, 16.3073363 ] ] ] } },
{ "type": "Feature", "properties": { "label": "Pothole", "confidence": 0.26, "on_road": 0, "size_m": 6.4, "gt_road_overlap": 0.0, "gt_roof_overlap": 0.0 }, "geometry": { "type": "Polygon", "coordinates": [ [ [ 80.4327391, 16.30789 ], [ 80.4327995, 16.3078901 ], [ 80.4327995, 16.3078677 ], [ 80.4327392, 16.3078676 ], [ 80.4327391, 16.30789 ] ] ] } },
{ "type": "Feature", "properties": { "label": "Pothole", "confidence": 0.25, "on_road": 1, "size_m": 1.4, "gt_road_overlap": 0.984, "gt_roof_overlap": 0.0 }, "geometry": { "type": "Polygon", "coordinates": [ [ [ 80.4330128, 16.3074852 ], [ 80.4330242, 16.3074852 ], [ 80.4330242, 16.3074726 ], [ 80.4330128, 16.3074725 ], [ 80.4330128, 16.3074852 ] ] ] } },
{ "type": "Feature", "properties": { "label": "Pothole", "confidence": 0.99, "on_road": 1, "size_m": 2.2, "gt_road_overlap": 1.0, "gt_roof_overlap": 0.0 }, "geometry": { "type": "Polygon", "coordinates": [ [ [ 80.4334743, 16.3082398 ], [ 80.4334949, 16.3082398 ], [ 80.4334949, 16.3082267 ], [ 80.4334743, 16.3082266 ], [ 80.4334743, 16.3082398 ] ] ] } },
{ "type": "Feature", "properties": { "label": "Pothole", "confidence": 0.84, "on_road": 0, "size_m": 0.9, "gt_road_overlap": 0.0, "gt_roof_overlap": 0.0 }, "geometry": { "type": "Polygon", "coordinates": [ [ [ 80.4340633, 16.3080338 ], [ 80.4340708, 16.3080338 ], [ 80.4340709, 16.3080255 ], [ 80.4340633, 16.3080255 ], [ 80.4340633, 16.3080338 ] ] ] } },
{ "type": "Feature", "properties": { "label": "Pothole", "confidence": 0.56, "on_road": 0, "size_m": 1.6, "gt_road_overlap": 0.0, "gt_roof_overlap": 0.0 }, "geometry": { "type": "Polygon", "coordinates": [ [ [ 80.434621, 16.3073706 ], [ 80.4346362, 16.3073706 ], [ 80.4346362, 16.3073588 ], [ 80.4346211, 16.3073587 ], [ 80.434621, 16.3073706 ] ] ] } },
{ "type": "Feature", "properties": { "label": "Repaired patch", "confidence": 0.5, "on_road": 0, "size_m": 11.1, "gt_road_overlap": 0.0, "gt_roof_overlap": 0.0 }, "geometry": { "type": "Polygon", "coordinates": [ [ [ 80.4342987, 16.3074953 ], [ 80.4344028, 16.3074956 ], [ 80.4344029, 16.3074591 ], [ 80.4342988, 16.3074588 ], [ 80.4342987, 16.3074953 ] ] ] } },
{ "type": "Feature", "properties": { "label": "Alligator crack", "confidence": 0.45, "on_road": 0, "size_m": 12.7, "gt_road_overlap": 0.0, "gt_roof_overlap": 0.958 }, "geometry": { "type": "Polygon", "coordinates": [ [ [ 80.4346594, 16.3081542 ], [ 80.4347736, 16.3081545 ], [ 80.4347739, 16.3080395 ], [ 80.4346598, 16.3080392 ], [ 80.4346594, 16.3081542 ] ] ] } },
{ "type": "Feature", "properties": { "label": "Pothole", "confidence": 0.3, "on_road": 1, "size_m": 2.2, "gt_road_overlap": 1.0, "gt_roof_overlap": 0.0 }, "geometry": { "type": "Polygon", "coordinates": [ [ [ 80.4342606, 16.3082951 ], [ 80.4342808, 16.3082951 ], [ 80.4342809, 16.3082879 ], [ 80.4342606, 16.3082878 ], [ 80.4342606, 16.3082951 ] ] ] } },
{ "type": "Feature", "properties": { "label": "Pothole", "confidence": 0.29, "on_road": 0, "size_m": 3.4, "gt_road_overlap": 0.0, "gt_roof_overlap": 0.0 }, "geometry": { "type": "Polygon", "coordinates": [ [ [ 80.433863, 16.307386 ], [ 80.4338854, 16.3073861 ], [ 80.4338855, 16.307355 ], [ 80.4338631, 16.3073549 ], [ 80.433863, 16.307386 ] ] ] } },
{ "type": "Feature", "properties": { "label": "Pothole", "confidence": 0.29, "on_road": 0, "size_m": 3.0, "gt_road_overlap": 0.0, "gt_roof_overlap": 0.0 }, "geometry": { "type": "Polygon", "coordinates": [ [ [ 80.4342482, 16.3079157 ], [ 80.4342759, 16.3079157 ], [ 80.434276, 16.3078994 ], [ 80.4342483, 16.3078994 ], [ 80.4342482, 16.3079157 ] ] ] } },
{ "type": "Feature", "properties": { "label": "Pothole", "confidence": 0.27, "on_road": 0, "size_m": 0.9, "gt_road_overlap": 0.0, "gt_roof_overlap": 1.0 }, "geometry": { "type": "Polygon", "coordinates": [ [ [ 80.4340792, 16.3082086 ], [ 80.4340874, 16.3082087 ], [ 80.4340874, 16.3082013 ], [ 80.4340792, 16.3082013 ], [ 80.4340792, 16.3082086 ] ] ] } },
{ "type": "Feature", "properties": { "label": "Pothole", "confidence": 0.89, "on_road": 1, "size_m": 4.0, "gt_road_overlap": 1.0, "gt_roof_overlap": 0.0 }, "geometry": { "type": "Polygon", "coordinates": [ [ [ 80.4361021, 16.3073526 ], [ 80.4361321, 16.3073527 ], [ 80.4361322, 16.3073165 ], [ 80.4361022, 16.3073165 ], [ 80.4361021, 16.3073526 ] ] ] } },
{ "type": "Feature", "properties": { "label": "Pothole", "confidence": 0.88, "on_road": 0, "size_m": 4.2, "gt_road_overlap": 1.0, "gt_roof_overlap": 0.0 }, "geometry": { "type": "Polygon", "coordinates": [ [ [ 80.4356597, 16.3082283 ], [ 80.4356907, 16.3082284 ], [ 80.4356909, 16.30819 ], [ 80.4356598, 16.30819 ], [ 80.4356597, 16.3082283 ] ] ] } },
{ "type": "Feature", "properties": { "label": "Pothole", "confidence": 0.86, "on_road": 0, "size_m": 1.4, "gt_road_overlap": 0.0, "gt_roof_overlap": 0.0 }, "geometry": { "type": "Polygon", "coordinates": [ [ [ 80.4354515, 16.3071941 ], [ 80.4354649, 16.3071942 ], [ 80.435465, 16.3071811 ], [ 80.4354515, 16.3071811 ], [ 80.4354515, 16.3071941 ] ] ] } },
{ "type": "Feature", "properties": { "label": "Pothole", "confidence": 0.82, "on_road": 1, "size_m": 3.8, "gt_road_overlap": 1.0, "gt_roof_overlap": 0.0 }, "geometry": { "type": "Polygon", "coordinates": [ [ [ 80.4358122, 16.3079136 ], [ 80.4358433, 16.3079136 ], [ 80.4358434, 16.3078793 ], [ 80.4358123, 16.3078792 ], [ 80.4358122, 16.3079136 ] ] ] } },
{ "type": "Feature", "properties": { "label": "Pothole", "confidence": 0.73, "on_road": 0, "size_m": 1.1, "gt_road_overlap": 0.0, "gt_roof_overlap": 1.0 }, "geometry": { "type": "Polygon", "coordinates": [ [ [ 80.435412, 16.3074237 ], [ 80.4354227, 16.3074237 ], [ 80.4354227, 16.3074164 ], [ 80.4354121, 16.3074164 ], [ 80.435412, 16.3074237 ] ] ] } },
{ "type": "Feature", "properties": { "label": "Pothole", "confidence": 0.7, "on_road": 0, "size_m": 1.2, "gt_road_overlap": 0.0, "gt_roof_overlap": 1.0 }, "geometry": { "type": "Polygon", "coordinates": [ [ [ 80.4354427, 16.3074373 ], [ 80.4354524, 16.3074373 ], [ 80.4354525, 16.3074264 ], [ 80.4354427, 16.3074264 ], [ 80.4354427, 16.3074373 ] ] ] } },
{ "type": "Feature", "properties": { "label": "Pothole", "confidence": 0.7, "on_road": 1, "size_m": 2.8, "gt_road_overlap": 1.0, "gt_roof_overlap": 0.0 }, "geometry": { "type": "Polygon", "coordinates": [ [ [ 80.4360012, 16.307539 ], [ 80.4360228, 16.3075391 ], [ 80.4360229, 16.3075139 ], [ 80.4360013, 16.3075139 ], [ 80.4360012, 16.307539 ] ] ] } },
{ "type": "Feature", "properties": { "label": "Pothole", "confidence": 0.69, "on_road": 1, "size_m": 3.6, "gt_road_overlap": 1.0, "gt_roof_overlap": 0.0 }, "geometry": { "type": "Polygon", "coordinates": [ [ [ 80.436066, 16.3074201 ], [ 80.4360937, 16.3074202 ], [ 80.4360938, 16.3073877 ], [ 80.4360661, 16.3073876 ], [ 80.436066, 16.3074201 ] ] ] } },
{ "type": "Feature", "properties": { "label": "Pothole", "confidence": 0.67, "on_road": 0, "size_m": 1.3, "gt_road_overlap": 0.0, "gt_roof_overlap": 0.0 }, "geometry": { "type": "Polygon", "coordinates": [ [ [ 80.4348447, 16.3076187 ], [ 80.4348571, 16.3076187 ], [ 80.4348571, 16.3076111 ], [ 80.4348447, 16.3076111 ], [ 80.4348447, 16.3076187 ] ] ] } },
{ "type": "Feature", "properties": { "label": "Pothole", "confidence": 0.64, "on_road": 1, "size_m": 3.0, "gt_road_overlap": 1.0, "gt_roof_overlap": 0.0 }, "geometry": { "type": "Polygon", "coordinates": [ [ [ 80.435961, 16.3075908 ], [ 80.4359895, 16.3075909 ], [ 80.4359896, 16.307569 ], [ 80.4359611, 16.3075689 ], [ 80.435961, 16.3075908 ] ] ] } },
{ "type": "Feature", "properties": { "label": "Pothole", "confidence": 0.64, "on_road": 0, "size_m": 1.0, "gt_road_overlap": 0.0, "gt_roof_overlap": 0.946 }, "geometry": { "type": "Polygon", "coordinates": [ [ [ 80.4355045, 16.3072393 ], [ 80.4355139, 16.3072393 ], [ 80.4355139, 16.3072299 ], [ 80.4355045, 16.3072299 ], [ 80.4355045, 16.3072393 ] ] ] } },
{ "type": "Feature", "properties": { "label": "Pothole", "confidence": 0.6, "on_road": 0, "size_m": 1.5, "gt_road_overlap": 0.0, "gt_roof_overlap": 0.0 }, "geometry": { "type": "Polygon", "coordinates": [ [ [ 80.4354336, 16.3072239 ], [ 80.4354448, 16.3072239 ], [ 80.4354449, 16.3072102 ], [ 80.4354336, 16.3072102 ], [ 80.4354336, 16.3072239 ] ] ] } },
{ "type": "Feature", "properties": { "label": "Pothole", "confidence": 0.59, "on_road": 1, "size_m": 3.4, "gt_road_overlap": 1.0, "gt_roof_overlap": 0.0 }, "geometry": { "type": "Polygon", "coordinates": [ [ [ 80.436036, 16.307476 ], [ 80.4360601, 16.3074761 ], [ 80.4360602, 16.3074458 ], [ 80.4360361, 16.3074457 ], [ 80.436036, 16.307476 ] ] ] } },
{ "type": "Feature", "properties": { "label": "Pothole", "confidence": 0.56, "on_road": 1, "size_m": 3.2, "gt_road_overlap": 1.0, "gt_roof_overlap": 0.0 }, "geometry": { "type": "Polygon", "coordinates": [ [ [ 80.4361298, 16.3072945 ], [ 80.4361598, 16.3072945 ], [ 80.4361599, 16.3072653 ], [ 80.4361299, 16.3072652 ], [ 80.4361298, 16.3072945 ] ] ] } },
{ "type": "Feature", "properties": { "label": "Pothole", "confidence": 0.53, "on_road": 1, "size_m": 2.9, "gt_road_overlap": 1.0, "gt_roof_overlap": 0.0 }, "geometry": { "type": "Polygon", "coordinates": [ [ [ 80.4357289, 16.3080878 ], [ 80.4357508, 16.3080879 ], [ 80.4357509, 16.3080618 ], [ 80.435729, 16.3080618 ], [ 80.4357289, 16.3080878 ] ] ] } },
{ "type": "Feature", "properties": { "label": "Pothole", "confidence": 0.51, "on_road": 1, "size_m": 3.9, "gt_road_overlap": 1.0, "gt_roof_overlap": 0.0 }, "geometry": { "type": "Polygon", "coordinates": [ [ [ 80.4357815, 16.3079769 ], [ 80.4358115, 16.307977 ], [ 80.4358116, 16.3079416 ], [ 80.4357816, 16.3079415 ], [ 80.4357815, 16.3079769 ] ] ] } },
{ "type": "Feature", "properties": { "label": "Pothole", "confidence": 0.47, "on_road": 1, "size_m": 1.2, "gt_road_overlap": 1.0, "gt_roof_overlap": 0.0 }, "geometry": { "type": "Polygon", "coordinates": [ [ [ 80.4359348, 16.3073012 ], [ 80.4359427, 16.3073012 ], [ 80.4359427, 16.3072907 ], [ 80.4359348, 16.3072907 ], [ 80.4359348, 16.3073012 ] ] ] } },
{ "type": "Feature", "properties": { "label": "Pothole", "confidence": 0.41, "on_road": 0, "size_m": 1.3, "gt_road_overlap": 0.0, "gt_roof_overlap": 0.0 }, "geometry": { "type": "Polygon", "coordinates": [ [ [ 80.4354446, 16.3072091 ], [ 80.4354556, 16.3072091 ], [ 80.4354557, 16.3071972 ], [ 80.4354446, 16.3071972 ], [ 80.4354446, 16.3072091 ] ] ] } },
{ "type": "Feature", "properties": { "label": "Pothole", "confidence": 0.4, "on_road": 1, "size_m": 0.7, "gt_road_overlap": 1.0, "gt_roof_overlap": 0.0 }, "geometry": { "type": "Polygon", "coordinates": [ [ [ 80.435669, 16.3083532 ], [ 80.4356737, 16.3083533 ], [ 80.4356737, 16.3083467 ], [ 80.435669, 16.3083467 ], [ 80.435669, 16.3083532 ] ] ] } },
{ "type": "Feature", "properties": { "label": "Pothole", "confidence": 0.39, "on_road": 1, "size_m": 1.0, "gt_road_overlap": 1.0, "gt_roof_overlap": 0.0 }, "geometry": { "type": "Polygon", "coordinates": [ [ [ 80.435661, 16.308368 ], [ 80.4356685, 16.3083681 ], [ 80.4356685, 16.308359 ], [ 80.435661, 16.308359 ], [ 80.435661, 16.308368 ] ] ] } },
{ "type": "Feature", "properties": { "label": "Pothole", "confidence": 0.39, "on_road": 0, "size_m": 2.9, "gt_road_overlap": 0.0, "gt_roof_overlap": 0.951 }, "geometry": { "type": "Polygon", "coordinates": [ [ [ 80.435424, 16.3073888 ], [ 80.435451, 16.3073888 ], [ 80.435451, 16.3073708 ], [ 80.4354241, 16.3073707 ], [ 80.435424, 16.3073888 ] ] ] } },
{ "type": "Feature", "properties": { "label": "Pothole", "confidence": 0.35, "on_road": 1, "size_m": 1.4, "gt_road_overlap": 1.0, "gt_roof_overlap": 0.0 }, "geometry": { "type": "Polygon", "coordinates": [ [ [ 80.4360268, 16.3076927 ], [ 80.4360399, 16.3076927 ], [ 80.43604, 16.3076833 ], [ 80.4360269, 16.3076833 ], [ 80.4360268, 16.3076927 ] ] ] } },
{ "type": "Feature", "properties": { "label": "Pothole", "confidence": 0.34, "on_road": 0, "size_m": 0.5, "gt_road_overlap": 0.0, "gt_roof_overlap": 0.0 }, "geometry": { "type": "Polygon", "coordinates": [ [ [ 80.4349543, 16.3075605 ], [ 80.4349588, 16.3075605 ], [ 80.4349588, 16.307556 ], [ 80.4349543, 16.307556 ], [ 80.4349543, 16.3075605 ] ] ] } },
{ "type": "Feature", "properties": { "label": "Pothole", "confidence": 0.33, "on_road": 1, "size_m": 2.9, "gt_road_overlap": 1.0, "gt_roof_overlap": 0.0 }, "geometry": { "type": "Polygon", "coordinates": [ [ [ 80.4356925, 16.3081585 ], [ 80.4357192, 16.3081586 ], [ 80.4357193, 16.3081325 ], [ 80.4356926, 16.3081325 ], [ 80.4356925, 16.3081585 ] ] ] } },
{ "type": "Feature", "properties": { "label": "Pothole", "confidence": 0.32, "on_road": 1, "size_m": 3.8, "gt_road_overlap": 1.0, "gt_roof_overlap": 0.0 }, "geometry": { "type": "Polygon", "coordinates": [ [ [ 80.4359336, 16.3074469 ], [ 80.4359552, 16.307447 ], [ 80.4359553, 16.3074122 ], [ 80.4359337, 16.3074122 ], [ 80.4359336, 16.3074469 ] ] ] } },
{ "type": "Feature", "properties": { "label": "Pothole", "confidence": 0.31, "on_road": 1, "size_m": 3.5, "gt_road_overlap": 1.0, "gt_roof_overlap": 0.0 }, "geometry": { "type": "Polygon", "coordinates": [ [ [ 80.4358241, 16.307738 ], [ 80.4358507, 16.3077381 ], [ 80.4358508, 16.3077063 ], [ 80.4358242, 16.3077062 ], [ 80.4358241, 16.307738 ] ] ] } },
{ "type": "Feature", "properties": { "label": "Pothole", "confidence": 0.3, "on_road": 0, "size_m": 0.8, "gt_road_overlap": 0.0, "gt_roof_overlap": 0.0 }, "geometry": { "type": "Polygon", "coordinates": [ [ [ 80.4353413, 16.3074137 ], [ 80.4353484, 16.3074137 ], [ 80.4353484, 16.3074072 ], [ 80.4353413, 16.3074072 ], [ 80.4353413, 16.3074137 ] ] ] } },
{ "type": "Feature", "properties": { "label": "Pothole", "confidence": 0.29, "on_road": 0, "size_m": 8.3, "gt_road_overlap": 0.0, "gt_roof_overlap": 0.0 }, "geometry": { "type": "Polygon", "coordinates": [ [ [ 80.4357123, 16.3073671 ], [ 80.4357904, 16.3073673 ], [ 80.4357905, 16.3073355 ], [ 80.4357124, 16.3073353 ], [ 80.4357123, 16.3073671 ] ] ] } },
{ "type": "Feature", "properties": { "label": "Pothole", "confidence": 0.28, "on_road": 0, "size_m": 6.3, "gt_road_overlap": 1.0, "gt_roof_overlap": 0.0 }, "geometry": { "type": "Polygon", "coordinates": [ [ [ 80.4360074, 16.3073639 ], [ 80.4360663, 16.3073641 ], [ 80.4360665, 16.3073207 ], [ 80.4360075, 16.3073205 ], [ 80.4360074, 16.3073639 ] ] ] } },
{ "type": "Feature", "properties": { "label": "Pothole", "confidence": 0.27, "on_road": 0, "size_m": 1.5, "gt_road_overlap": 0.0, "gt_roof_overlap": 0.0 }, "geometry": { "type": "Polygon", "coordinates": [ [ [ 80.4351646, 16.3077399 ], [ 80.4351736, 16.3077399 ], [ 80.4351736, 16.3077265 ], [ 80.4351646, 16.3077265 ], [ 80.4351646, 16.3077399 ] ] ] } },
{ "type": "Feature", "properties": { "label": "Pothole", "confidence": 0.27, "on_road": 1, "size_m": 0.7, "gt_road_overlap": 1.0, "gt_roof_overlap": 0.0 }, "geometry": { "type": "Polygon", "coordinates": [ [ [ 80.4359251, 16.3073231 ], [ 80.4359319, 16.3073231 ], [ 80.4359319, 16.3073177 ], [ 80.4359251, 16.3073177 ], [ 80.4359251, 16.3073231 ] ] ] } },
{ "type": "Feature", "properties": { "label": "Pothole", "confidence": 0.87, "on_road": 1, "size_m": 3.4, "gt_road_overlap": 1.0, "gt_roof_overlap": 0.0 }, "geometry": { "type": "Polygon", "coordinates": [ [ [ 80.4361658, 16.3072324 ], [ 80.4361919, 16.3072324 ], [ 80.436192, 16.3072021 ], [ 80.4361659, 16.307202 ], [ 80.4361658, 16.3072324 ] ] ] } },
{ "type": "Feature", "properties": { "label": "Pothole", "confidence": 0.82, "on_road": 1, "size_m": 0.9, "gt_road_overlap": 1.0, "gt_roof_overlap": 0.0 }, "geometry": { "type": "Polygon", "coordinates": [ [ [ 80.4368396, 16.3071765 ], [ 80.4368467, 16.3071765 ], [ 80.4368467, 16.3071686 ], [ 80.4368396, 16.3071685 ], [ 80.4368396, 16.3071765 ] ] ] } },
{ "type": "Feature", "properties": { "label": "Pothole", "confidence": 0.7, "on_road": 1, "size_m": 1.0, "gt_road_overlap": 1.0, "gt_roof_overlap": 0.0 }, "geometry": { "type": "Polygon", "coordinates": [ [ [ 80.4362675, 16.30792 ], [ 80.4362742, 16.30792 ], [ 80.4362743, 16.3079114 ], [ 80.4362675, 16.3079113 ], [ 80.4362675, 16.30792 ] ] ] } },
{ "type": "Feature", "properties": { "label": "Pothole", "confidence": 0.69, "on_road": 1, "size_m": 0.8, "gt_road_overlap": 1.0, "gt_roof_overlap": 0.0 }, "geometry": { "type": "Polygon", "coordinates": [ [ [ 80.4371954, 16.3073525 ], [ 80.4372033, 16.3073525 ], [ 80.4372033, 16.3073449 ], [ 80.4371955, 16.3073449 ], [ 80.4371954, 16.3073525 ] ] ] } },
{ "type": "Feature", "properties": { "label": "Pothole", "confidence": 0.59, "on_road": 1, "size_m": 1.0, "gt_road_overlap": 1.0, "gt_roof_overlap": 0.0 }, "geometry": { "type": "Polygon", "coordinates": [ [ [ 80.4362385, 16.3079172 ], [ 80.4362478, 16.3079173 ], [ 80.4362479, 16.3079126 ], [ 80.4362385, 16.3079125 ], [ 80.4362385, 16.3079172 ] ] ] } },
{ "type": "Feature", "properties": { "label": "Pothole", "confidence": 0.52, "on_road": 0, "size_m": 3.7, "gt_road_overlap": 1.0, "gt_roof_overlap": 1.0 }, "geometry": { "type": "Polygon", "coordinates": [ [ [ 80.4361458, 16.3083402 ], [ 80.4361801, 16.3083403 ], [ 80.4361802, 16.3083107 ], [ 80.4361459, 16.3083106 ], [ 80.4361458, 16.3083402 ] ] ] } },
{ "type": "Feature", "properties": { "label": "Pothole", "confidence": 0.5, "on_road": 1, "size_m": 0.7, "gt_road_overlap": 1.0, "gt_roof_overlap": 0.0 }, "geometry": { "type": "Polygon", "coordinates": [ [ [ 80.4373545, 16.3074545 ], [ 80.4373608, 16.3074545 ], [ 80.4373609, 16.307448 ], [ 80.4373545, 16.307448 ], [ 80.4373545, 16.3074545 ] ] ] } },
{ "type": "Feature", "properties": { "label": "Pothole", "confidence": 0.46, "on_road": 1, "size_m": 2.5, "gt_road_overlap": 1.0, "gt_roof_overlap": 0.0 }, "geometry": { "type": "Polygon", "coordinates": [ [ [ 80.4367292, 16.3072028 ], [ 80.4367467, 16.3072028 ], [ 80.4367467, 16.3071804 ], [ 80.4367293, 16.3071804 ], [ 80.4367292, 16.3072028 ] ] ] } },
{ "type": "Feature", "properties": { "label": "Pothole", "confidence": 0.41, "on_road": 1, "size_m": 1.4, "gt_road_overlap": 1.0, "gt_roof_overlap": 0.0 }, "geometry": { "type": "Polygon", "coordinates": [ [ [ 80.436241, 16.3072217 ], [ 80.43625, 16.3072217 ], [ 80.4362501, 16.3072095 ], [ 80.4362411, 16.3072094 ], [ 80.436241, 16.3072217 ] ] ] } },
{ "type": "Feature", "properties": { "label": "Pothole", "confidence": 0.37, "on_road": 0, "size_m": 5.5, "gt_road_overlap": 0.0, "gt_roof_overlap": 0.169 }, "geometry": { "type": "Polygon", "coordinates": [ [ [ 80.4362637, 16.3080865 ], [ 80.4363153, 16.3080867 ], [ 80.4363154, 16.3080606 ], [ 80.4362637, 16.3080605 ], [ 80.4362637, 16.3080865 ] ] ] } },
{ "type": "Feature", "properties": { "label": "Pothole", "confidence": 0.34, "on_road": 1, "size_m": 0.5, "gt_road_overlap": 1.0, "gt_roof_overlap": 0.0 }, "geometry": { "type": "Polygon", "coordinates": [ [ [ 80.4362599, 16.3072259 ], [ 80.4362637, 16.3072259 ], [ 80.4362637, 16.3072212 ], [ 80.4362599, 16.3072212 ], [ 80.4362599, 16.3072259 ] ] ] } },
{ "type": "Feature", "properties": { "label": "Pothole", "confidence": 0.33, "on_road": 1, "size_m": 0.6, "gt_road_overlap": 1.0, "gt_roof_overlap": 0.0 }, "geometry": { "type": "Polygon", "coordinates": [ [ [ 80.4369062, 16.307678 ], [ 80.4369107, 16.307678 ], [ 80.4369107, 16.307673 ], [ 80.4369062, 16.307673 ], [ 80.4369062, 16.307678 ] ] ] } },
{ "type": "Feature", "properties": { "label": "Pothole", "confidence": 0.3, "on_road": 1, "size_m": 0.8, "gt_road_overlap": 1.0, "gt_roof_overlap": 0.0 }, "geometry": { "type": "Polygon", "coordinates": [ [ [ 80.4362198, 16.3079731 ], [ 80.4362269, 16.3079731 ], [ 80.4362269, 16.3079655 ], [ 80.4362198, 16.3079655 ], [ 80.4362198, 16.3079731 ] ] ] } },
{ "type": "Feature", "properties": { "label": "Pothole", "confidence": 0.28, "on_road": 0, "size_m": 1.4, "gt_road_overlap": 0.0, "gt_roof_overlap": 0.0 }, "geometry": { "type": "Polygon", "coordinates": [ [ [ 80.4361622, 16.3078203 ], [ 80.4361757, 16.3078203 ], [ 80.4361757, 16.3078084 ], [ 80.4361622, 16.3078084 ], [ 80.4361622, 16.3078203 ] ] ] } },
{ "type": "Feature", "properties": { "label": "Pothole", "confidence": 0.95, "on_road": 1, "size_m": 1.3, "gt_road_overlap": 1.0, "gt_roof_overlap": 0.0 }, "geometry": { "type": "Polygon", "coordinates": [ [ [ 80.4387073, 16.3081171 ], [ 80.4387185, 16.3081171 ], [ 80.4387185, 16.3081052 ], [ 80.4387073, 16.3081051 ], [ 80.4387073, 16.3081171 ] ] ] } },
{ "type": "Feature", "properties": { "label": "Pothole", "confidence": 0.76, "on_road": 1, "size_m": 0.8, "gt_road_overlap": 1.0, "gt_roof_overlap": 0.0 }, "geometry": { "type": "Polygon", "coordinates": [ [ [ 80.4386572, 16.3082214 ], [ 80.4386646, 16.3082215 ], [ 80.4386647, 16.3082142 ], [ 80.4386572, 16.3082142 ], [ 80.4386572, 16.3082214 ] ] ] } },
{ "type": "Feature", "properties": { "label": "Pothole", "confidence": 0.73, "on_road": 1, "size_m": 0.8, "gt_road_overlap": 1.0, "gt_roof_overlap": 0.0 }, "geometry": { "type": "Polygon", "coordinates": [ [ [ 80.4384323, 16.3079533 ], [ 80.4384398, 16.3079533 ], [ 80.4384398, 16.3079461 ], [ 80.4384323, 16.307946 ], [ 80.4384323, 16.3079533 ] ] ] } },
{ "type": "Feature", "properties": { "label": "Pothole", "confidence": 0.65, "on_road": 1, "size_m": 1.1, "gt_road_overlap": 1.0, "gt_roof_overlap": 0.0 }, "geometry": { "type": "Polygon", "coordinates": [ [ [ 80.4379606, 16.3072734 ], [ 80.4379696, 16.3072734 ], [ 80.4379696, 16.3072637 ], [ 80.4379606, 16.3072636 ], [ 80.4379606, 16.3072734 ] ] ] } },
{ "type": "Feature", "properties": { "label": "Pothole", "confidence": 0.61, "on_road": 1, "size_m": 0.8, "gt_road_overlap": 1.0, "gt_roof_overlap": 0.0 }, "geometry": { "type": "Polygon", "coordinates": [ [ [ 80.4386698, 16.3075889 ], [ 80.4386747, 16.3075889 ], [ 80.4386747, 16.3075813 ], [ 80.4386698, 16.3075813 ], [ 80.4386698, 16.3075889 ] ] ] } },
{ "type": "Feature", "properties": { "label": "Pothole", "confidence": 0.6, "on_road": 0, "size_m": 4.2, "gt_road_overlap": 1.0, "gt_roof_overlap": 0.061 }, "geometry": { "type": "Polygon", "coordinates": [ [ [ 80.4382012, 16.3083967 ], [ 80.438215, 16.3083967 ], [ 80.4382151, 16.3083588 ], [ 80.4382013, 16.3083587 ], [ 80.4382012, 16.3083967 ] ] ] } },
{ "type": "Feature", "properties": { "label": "Pothole", "confidence": 0.55, "on_road": 1, "size_m": 2.0, "gt_road_overlap": 1.0, "gt_roof_overlap": 0.0 }, "geometry": { "type": "Polygon", "coordinates": [ [ [ 80.4382008, 16.3073365 ], [ 80.4382199, 16.3073366 ], [ 80.43822, 16.3073214 ], [ 80.4382009, 16.3073213 ], [ 80.4382008, 16.3073365 ] ] ] } },
{ "type": "Feature", "properties": { "label": "Pothole", "confidence": 0.51, "on_road": 1, "size_m": 2.3, "gt_road_overlap": 1.0, "gt_roof_overlap": 0.0 }, "geometry": { "type": "Polygon", "coordinates": [ [ [ 80.4378645, 16.3076643 ], [ 80.4378858, 16.3076644 ], [ 80.4378859, 16.3076492 ], [ 80.4378645, 16.3076491 ], [ 80.4378645, 16.3076643 ] ] ] } },
{ "type": "Feature", "properties": { "label": "Pothole", "confidence": 0.51, "on_road": 1, "size_m": 3.2, "gt_road_overlap": 1.0, "gt_roof_overlap": 0.0 }, "geometry": { "type": "Polygon", "coordinates": [ [ [ 80.4377125, 16.3084258 ], [ 80.4377402, 16.3084258 ], [ 80.4377402, 16.3083971 ], [ 80.4377125, 16.308397 ], [ 80.4377125, 16.3084258 ] ] ] } },
{ "type": "Feature", "properties": { "label": "Pothole", "confidence": 0.51, "on_road": 1, "size_m": 0.9, "gt_road_overlap": 1.0, "gt_roof_overlap": 0.0 }, "geometry": { "type": "Polygon", "coordinates": [ [ [ 80.4375372, 16.3075722 ], [ 80.4375457, 16.3075722 ], [ 80.4375457, 16.3075637 ], [ 80.4375373, 16.3075637 ], [ 80.4375372, 16.3075722 ] ] ] } },
{ "type": "Feature", "properties": { "label": "Pothole", "confidence": 0.44, "on_road": 1, "size_m": 0.9, "gt_road_overlap": 1.0, "gt_roof_overlap": 0.0 }, "geometry": { "type": "Polygon", "coordinates": [ [ [ 80.4377817, 16.307646 ], [ 80.4377869, 16.307646 ], [ 80.437787, 16.3076381 ], [ 80.4377817, 16.307638 ], [ 80.4377817, 16.307646 ] ] ] } },
{ "type": "Feature", "properties": { "label": "Pothole", "confidence": 0.44, "on_road": 0, "size_m": 4.6, "gt_road_overlap": 1.0, "gt_roof_overlap": 0.0 }, "geometry": { "type": "Polygon", "coordinates": [ [ [ 80.4382991, 16.3081776 ], [ 80.4383426, 16.3081777 ], [ 80.4383426, 16.3081603 ], [ 80.4382992, 16.3081602 ], [ 80.4382991, 16.3081776 ] ] ] } },
{ "type": "Feature", "properties": { "label": "Pothole", "confidence": 0.44, "on_road": 1, "size_m": 1.3, "gt_road_overlap": 1.0, "gt_roof_overlap": 0.0 }, "geometry": { "type": "Polygon", "coordinates": [ [ [ 80.4376049, 16.3073989 ], [ 80.4376169, 16.307399 ], [ 80.4376169, 16.3073896 ], [ 80.437605, 16.3073895 ], [ 80.4376049, 16.3073989 ] ] ] } },
{ "type": "Feature", "properties": { "label": "Pothole", "confidence": 0.43, "on_road": 1, "size_m": 1.8, "gt_road_overlap": 1.0, "gt_roof_overlap": 0.0 }, "geometry": { "type": "Polygon", "coordinates": [ [ [ 80.4382183, 16.3078202 ], [ 80.4382266, 16.3078202 ], [ 80.4382266, 16.3078043 ], [ 80.4382184, 16.3078043 ], [ 80.4382183, 16.3078202 ] ] ] } },
{ "type": "Feature", "properties": { "label": "Pothole", "confidence": 0.39, "on_road": 0, "size_m": 5.9, "gt_road_overlap": 0.808, "gt_roof_overlap": 0.906 }, "geometry": { "type": "Polygon", "coordinates": [ [ [ 80.4375548, 16.3082959 ], [ 80.4376099, 16.308296 ], [ 80.4376099, 16.3082765 ], [ 80.4375549, 16.3082764 ], [ 80.4375548, 16.3082959 ] ] ] } },
{ "type": "Feature", "properties": { "label": "Pothole", "confidence": 0.34, "on_road": 0, "size_m": 1.3, "gt_road_overlap": 0.0, "gt_roof_overlap": 0.0 }, "geometry": { "type": "Polygon", "coordinates": [ [ [ 80.437679, 16.3079531 ], [ 80.4376891, 16.3079531 ], [ 80.4376891, 16.3079412 ], [ 80.437679, 16.3079411 ], [ 80.437679, 16.3079531 ] ] ] } },
{ "type": "Feature", "properties": { "label": "Pothole", "confidence": 0.33, "on_road": 0, "size_m": 2.6, "gt_road_overlap": 0.58, "gt_roof_overlap": 0.354 }, "geometry": { "type": "Polygon", "coordinates": [ [ [ 80.438521, 16.3077051 ], [ 80.4385338, 16.3077051 ], [ 80.4385338, 16.307682 ], [ 80.4385211, 16.307682 ], [ 80.438521, 16.3077051 ] ] ] } },
{ "type": "Feature", "properties": { "label": "Pothole", "confidence": 0.33, "on_road": 1, "size_m": 0.8, "gt_road_overlap": 1.0, "gt_roof_overlap": 0.0 }, "geometry": { "type": "Polygon", "coordinates": [ [ [ 80.4375843, 16.3074896 ], [ 80.4375918, 16.3074896 ], [ 80.4375918, 16.3074824 ], [ 80.4375843, 16.3074824 ], [ 80.4375843, 16.3074896 ] ] ] } },
{ "type": "Feature", "properties": { "label": "Pothole", "confidence": 0.33, "on_road": 0, "size_m": 2.7, "gt_road_overlap": 0.0, "gt_roof_overlap": 1.0 }, "geometry": { "type": "Polygon", "coordinates": [ [ [ 80.437821, 16.3074469 ], [ 80.4378461, 16.3074469 ], [ 80.4378462, 16.3074332 ], [ 80.4378211, 16.3074331 ], [ 80.437821, 16.3074469 ] ] ] } },
{ "type": "Feature", "properties": { "label": "Pothole", "confidence": 0.32, "on_road": 1, "size_m": 1.8, "gt_road_overlap": 0.348, "gt_roof_overlap": 0.0 }, "geometry": { "type": "Polygon", "coordinates": [ [ [ 80.4383203, 16.3074601 ], [ 80.4383375, 16.3074602 ], [ 80.4383375, 16.3074504 ], [ 80.4383203, 16.3074504 ], [ 80.4383203, 16.3074601 ] ] ] } },
{ "type": "Feature", "properties": { "label": "Pothole", "confidence": 0.32, "on_road": 1, "size_m": 2.9, "gt_road_overlap": 0.451, "gt_roof_overlap": 0.0 }, "geometry": { "type": "Polygon", "coordinates": [ [ [ 80.4385545, 16.3075774 ], [ 80.4385819, 16.3075775 ], [ 80.4385819, 16.3075521 ], [ 80.4385546, 16.307552 ], [ 80.4385545, 16.3075774 ] ] ] } },
{ "type": "Feature", "properties": { "label": "Pothole", "confidence": 0.26, "on_road": 1, "size_m": 2.0, "gt_road_overlap": 1.0, "gt_roof_overlap": 0.0 }, "geometry": { "type": "Polygon", "coordinates": [ [ [ 80.4382842, 16.308229 ], [ 80.4382996, 16.308229 ], [ 80.4382996, 16.3082114 ], [ 80.4382843, 16.3082113 ], [ 80.4382842, 16.308229 ] ] ] } },
{ "type": "Feature", "properties": { "label": "Pothole", "confidence": 0.76, "on_road": 1, "size_m": 1.2, "gt_road_overlap": 1.0, "gt_roof_overlap": 0.0 }, "geometry": { "type": "Polygon", "coordinates": [ [ [ 80.4398142, 16.3071781 ], [ 80.4398256, 16.3071781 ], [ 80.4398256, 16.3071701 ], [ 80.4398142, 16.3071701 ], [ 80.4398142, 16.3071781 ] ] ] } },
{ "type": "Feature", "properties": { "label": "Pothole", "confidence": 0.68, "on_road": 1, "size_m": 1.9, "gt_road_overlap": 1.0, "gt_roof_overlap": 0.0 }, "geometry": { "type": "Polygon", "coordinates": [ [ [ 80.4390255, 16.3072698 ], [ 80.4390435, 16.3072699 ], [ 80.4390435, 16.307255 ], [ 80.4390255, 16.307255 ], [ 80.4390255, 16.3072698 ] ] ] } },
{ "type": "Feature", "properties": { "label": "Pothole", "confidence": 0.66, "on_road": 1, "size_m": 0.7, "gt_road_overlap": 1.0, "gt_roof_overlap": 0.0 }, "geometry": { "type": "Polygon", "coordinates": [ [ [ 80.4391568, 16.3083025 ], [ 80.4391631, 16.3083025 ], [ 80.4391632, 16.3082964 ], [ 80.4391568, 16.3082964 ], [ 80.4391568, 16.3083025 ] ] ] } },
{ "type": "Feature", "properties": { "label": "Pothole", "confidence": 0.63, "on_road": 0, "size_m": 1.4, "gt_road_overlap": 0.0, "gt_roof_overlap": 1.0 }, "geometry": { "type": "Polygon", "coordinates": [ [ [ 80.439002, 16.3076131 ], [ 80.4390155, 16.3076131 ], [ 80.4390156, 16.3076001 ], [ 80.4390021, 16.3076001 ], [ 80.439002, 16.3076131 ] ] ] } },
{ "type": "Feature", "properties": { "label": "Pothole", "confidence": 0.55, "on_road": 0, "size_m": 4.4, "gt_road_overlap": 0.0, "gt_roof_overlap": 0.226 }, "geometry": { "type": "Polygon", "coordinates": [ [ [ 80.4398478, 16.3078332 ], [ 80.4398744, 16.3078333 ], [ 80.4398745, 16.3077935 ], [ 80.4398479, 16.3077934 ], [ 80.4398478, 16.3078332 ] ] ] } },
{ "type": "Feature", "properties": { "label": "Pothole", "confidence": 0.54, "on_road": 1, "size_m": 1.6, "gt_road_overlap": 1.0, "gt_roof_overlap": 0.058 }, "geometry": { "type": "Polygon", "coordinates": [ [ [ 80.4389021, 16.3076788 ], [ 80.4389167, 16.3076788 ], [ 80.4389167, 16.307672 ], [ 80.4389021, 16.3076719 ], [ 80.4389021, 16.3076788 ] ] ] } },
{ "type": "Feature", "properties": { "label": "Pothole", "confidence": 0.49, "on_road": 1, "size_m": 1.9, "gt_road_overlap": 1.0, "gt_roof_overlap": 0.0 }, "geometry": { "type": "Polygon", "coordinates": [ [ [ 80.4393668, 16.307927 ], [ 80.4393844, 16.3079271 ], [ 80.4393844, 16.3079115 ], [ 80.4393668, 16.3079115 ], [ 80.4393668, 16.307927 ] ] ] } },
{ "type": "Feature", "properties": { "label": "Pothole", "confidence": 0.44, "on_road": 1, "size_m": 1.6, "gt_road_overlap": 1.0, "gt_roof_overlap": 0.0 }, "geometry": { "type": "Polygon", "coordinates": [ [ [ 80.4389475, 16.3077088 ], [ 80.4389625, 16.3077088 ], [ 80.4389625, 16.3077016 ], [ 80.4389475, 16.3077015 ], [ 80.4389475, 16.3077088 ] ] ] } },
{ "type": "Feature", "properties": { "label": "Pothole", "confidence": 0.41, "on_road": 1, "size_m": 0.7, "gt_road_overlap": 1.0, "gt_roof_overlap": 0.0 }, "geometry": { "type": "Polygon", "coordinates": [ [ [ 80.4391129, 16.3082921 ], [ 80.4391181, 16.3082921 ], [ 80.4391181, 16.3082856 ], [ 80.4391129, 16.3082856 ], [ 80.4391129, 16.3082921 ] ] ] } },
{ "type": "Feature", "properties": { "label": "Pothole", "confidence": 0.41, "on_road": 1, "size_m": 2.1, "gt_road_overlap": 1.0, "gt_roof_overlap": 0.0 }, "geometry": { "type": "Polygon", "coordinates": [ [ [ 80.4393929, 16.3079028 ], [ 80.4394123, 16.3079028 ], [ 80.4394124, 16.3078885 ], [ 80.4393929, 16.3078885 ], [ 80.4393929, 16.3079028 ] ] ] } },
{ "type": "Feature", "properties": { "label": "Pothole", "confidence": 0.41, "on_road": 1, "size_m": 0.9, "gt_road_overlap": 1.0, "gt_roof_overlap": 0.0 }, "geometry": { "type": "Polygon", "coordinates": [ [ [ 80.439747, 16.3081163 ], [ 80.4397554, 16.3081163 ], [ 80.4397554, 16.3081086 ], [ 80.4397471, 16.3081085 ], [ 80.439747, 16.3081163 ] ] ] } },
{ "type": "Feature", "properties": { "label": "Pothole", "confidence": 0.38, "on_road": 1, "size_m": 1.2, "gt_road_overlap": 1.0, "gt_roof_overlap": 0.0 }, "geometry": { "type": "Polygon", "coordinates": [ [ [ 80.440005, 16.3077409 ], [ 80.4400153, 16.3077409 ], [ 80.4400153, 16.30773 ], [ 80.440005, 16.30773 ], [ 80.440005, 16.3077409 ] ] ] } },
{ "type": "Feature", "properties": { "label": "Pothole", "confidence": 0.37, "on_road": 0, "size_m": 0.9, "gt_road_overlap": 0.0, "gt_roof_overlap": 0.0 }, "geometry": { "type": "Polygon", "coordinates": [ [ [ 80.4391261, 16.3083328 ], [ 80.4391315, 16.3083328 ], [ 80.4391315, 16.3083249 ], [ 80.4391261, 16.3083248 ], [ 80.4391261, 16.3083328 ] ] ] } },
{ "type": "Feature", "properties": { "label": "Pothole", "confidence": 0.37, "on_road": 1, "size_m": 0.6, "gt_road_overlap": 1.0, "gt_roof_overlap": 0.0 }, "geometry": { "type": "Polygon", "coordinates": [ [ [ 80.4397168, 16.3076058 ], [ 80.4397219, 16.3076058 ], [ 80.4397219, 16.3076 ], [ 80.4397169, 16.3076 ], [ 80.4397168, 16.3076058 ] ] ] } },
{ "type": "Feature", "properties": { "label": "Pothole", "confidence": 0.36, "on_road": 0, "size_m": 1.4, "gt_road_overlap": 1.0, "gt_roof_overlap": 0.554 }, "geometry": { "type": "Polygon", "coordinates": [ [ [ 80.4389524, 16.307697 ], [ 80.4389606, 16.307697 ], [ 80.4389607, 16.307684 ], [ 80.4389524, 16.307684 ], [ 80.4389524, 16.307697 ] ] ] } },
{ "type": "Feature", "properties": { "label": "Pothole", "confidence": 0.36, "on_road": 0, "size_m": 1.4, "gt_road_overlap": 0.069, "gt_roof_overlap": 0.0 }, "geometry": { "type": "Polygon", "coordinates": [ [ [ 80.4400351, 16.3076097 ], [ 80.4400486, 16.3076097 ], [ 80.4400486, 16.3076003 ], [ 80.4400351, 16.3076003 ], [ 80.4400351, 16.3076097 ] ] ] } },
{ "type": "Feature", "properties": { "label": "Pothole", "confidence": 0.35, "on_road": 1, "size_m": 1.1, "gt_road_overlap": 1.0, "gt_roof_overlap": 0.0 }, "geometry": { "type": "Polygon", "coordinates": [ [ [ 80.4393199, 16.3078726 ], [ 80.4393297, 16.3078727 ], [ 80.4393297, 16.3078627 ], [ 80.43932, 16.3078627 ], [ 80.4393199, 16.3078726 ] ] ] } },
{ "type": "Feature", "properties": { "label": "Pothole", "confidence": 0.33, "on_road": 1, "size_m": 1.5, "gt_road_overlap": 1.0, "gt_roof_overlap": 0.0 }, "geometry": { "type": "Polygon", "coordinates": [ [ [ 80.4389953, 16.3077494 ], [ 80.4390095, 16.3077494 ], [ 80.4390096, 16.307736 ], [ 80.4389953, 16.307736 ], [ 80.4389953, 16.3077494 ] ] ] } },
{ "type": "Feature", "properties": { "label": "Pothole", "confidence": 0.33, "on_road": 1, "size_m": 0.7, "gt_road_overlap": 1.0, "gt_roof_overlap": 0.0 }, "geometry": { "type": "Polygon", "coordinates": [ [ [ 80.4391675, 16.3083157 ], [ 80.4391739, 16.3083157 ], [ 80.4391739, 16.3083107 ], [ 80.4391675, 16.3083107 ], [ 80.4391675, 16.3083157 ] ] ] } },
{ "type": "Feature", "properties": { "label": "Pothole", "confidence": 0.31, "on_road": 1, "size_m": 1.2, "gt_road_overlap": 1.0, "gt_roof_overlap": 0.0 }, "geometry": { "type": "Polygon", "coordinates": [ [ [ 80.4391596, 16.3082937 ], [ 80.4391693, 16.3082937 ], [ 80.4391694, 16.3082832 ], [ 80.4391596, 16.3082832 ], [ 80.4391596, 16.3082937 ] ] ] } },
{ "type": "Feature", "properties": { "label": "Pothole", "confidence": 0.26, "on_road": 0, "size_m": 2.4, "gt_road_overlap": 0.75, "gt_roof_overlap": 1.0 }, "geometry": { "type": "Polygon", "coordinates": [ [ [ 80.4392836, 16.3073671 ], [ 80.4393015, 16.3073672 ], [ 80.4393016, 16.3073452 ], [ 80.4392836, 16.3073452 ], [ 80.4392836, 16.3073671 ] ] ] } },
{ "type": "Feature", "properties": { "label": "Pothole", "confidence": 0.75, "on_road": 0, "size_m": 1.2, "gt_road_overlap": 0.0, "gt_roof_overlap": 0.0 }, "geometry": { "type": "Polygon", "coordinates": [ [ [ 80.4410692, 16.3080955 ], [ 80.4410761, 16.3080955 ], [ 80.4410761, 16.3080847 ], [ 80.4410692, 16.3080847 ], [ 80.4410692, 16.3080955 ] ] ] } },
{ "type": "Feature", "properties": { "label": "Pothole", "confidence": 0.54, "on_road": 1, "size_m": 0.7, "gt_road_overlap": 1.0, "gt_roof_overlap": 0.0 }, "geometry": { "type": "Polygon", "coordinates": [ [ [ 80.4410229, 16.3082801 ], [ 80.4410284, 16.3082802 ], [ 80.4410284, 16.3082737 ], [ 80.441023, 16.3082736 ], [ 80.4410229, 16.3082801 ] ] ] } },
{ "type": "Feature", "properties": { "label": "Pothole", "confidence": 0.5, "on_road": 0, "size_m": 4.4, "gt_road_overlap": 1.0, "gt_roof_overlap": 0.0 }, "geometry": { "type": "Polygon", "coordinates": [ [ [ 80.4406303, 16.3084413 ], [ 80.4406715, 16.3084414 ], [ 80.4406716, 16.3084045 ], [ 80.4406304, 16.3084044 ], [ 80.4406303, 16.3084413 ] ] ] } },
{ "type": "Feature", "properties": { "label": "Pothole", "confidence": 0.48, "on_road": 0, "size_m": 1.3, "gt_road_overlap": 0.0, "gt_roof_overlap": 1.0 }, "geometry": { "type": "Polygon", "coordinates": [ [ [ 80.4410546, 16.3084106 ], [ 80.441067, 16.3084106 ], [ 80.441067, 16.308399 ], [ 80.4410547, 16.308399 ], [ 80.4410546, 16.3084106 ] ] ] } },
{ "type": "Feature", "properties": { "label": "Pothole", "confidence": 0.38, "on_road": 0, "size_m": 0.8, "gt_road_overlap": 0.0, "gt_roof_overlap": 0.0 }, "geometry": { "type": "Polygon", "coordinates": [ [ [ 80.4413217, 16.3079841 ], [ 80.4413296, 16.3079841 ], [ 80.4413297, 16.3079776 ], [ 80.4413217, 16.3079776 ], [ 80.4413217, 16.3079841 ] ] ] } },
{ "type": "Feature", "properties": { "label": "Pothole", "confidence": 0.38, "on_road": 1, "size_m": 3.7, "gt_road_overlap": 0.587, "gt_roof_overlap": 0.0 }, "geometry": { "type": "Polygon", "coordinates": [ [ [ 80.4414706, 16.3082694 ], [ 80.4415055, 16.3082695 ], [ 80.4415055, 16.3082413 ], [ 80.4414707, 16.3082412 ], [ 80.4414706, 16.3082694 ] ] ] } },
{ "type": "Feature", "properties": { "label": "Pothole", "confidence": 0.37, "on_road": 0, "size_m": 6.4, "gt_road_overlap": 0.0, "gt_roof_overlap": 0.022 }, "geometry": { "type": "Polygon", "coordinates": [ [ [ 80.4411568, 16.3078367 ], [ 80.4412163, 16.3078368 ], [ 80.4412164, 16.3078122 ], [ 80.4411569, 16.3078121 ], [ 80.4411568, 16.3078367 ] ] ] } },
{ "type": "Feature", "properties": { "label": "Pothole", "confidence": 0.35, "on_road": 0, "size_m": 8.8, "gt_road_overlap": 0.0, "gt_roof_overlap": 0.373 }, "geometry": { "type": "Polygon", "coordinates": [ [ [ 80.4406037, 16.307779 ], [ 80.4406861, 16.3077792 ], [ 80.4406862, 16.3077354 ], [ 80.4406039, 16.3077352 ], [ 80.4406037, 16.307779 ] ] ] } },
{ "type": "Feature", "properties": { "label": "Pothole", "confidence": 0.31, "on_road": 0, "size_m": 0.4, "gt_road_overlap": 0.0, "gt_roof_overlap": 0.0 }, "geometry": { "type": "Polygon", "coordinates": [ [ [ 80.4410623, 16.3080772 ], [ 80.4410651, 16.3080772 ], [ 80.4410651, 16.3080733 ], [ 80.4410623, 16.3080732 ], [ 80.4410623, 16.3080772 ] ] ] } },
{ "type": "Feature", "properties": { "label": "Pothole", "confidence": 0.89, "on_road": 1, "size_m": 1.0, "gt_road_overlap": 1.0, "gt_roof_overlap": 0.0 }, "geometry": { "type": "Polygon", "coordinates": [ [ [ 80.442783, 16.3080169 ], [ 80.4427897, 16.3080169 ], [ 80.4427897, 16.3080082 ], [ 80.442783, 16.3080082 ], [ 80.442783, 16.3080169 ] ] ] } },
{ "type": "Feature", "properties": { "label": "Pothole", "confidence": 0.84, "on_road": 0, "size_m": 0.9, "gt_road_overlap": 1.0, "gt_roof_overlap": 1.0 }, "geometry": { "type": "Polygon", "coordinates": [ [ [ 80.4421676, 16.3083996 ], [ 80.4421759, 16.3083996 ], [ 80.4421759, 16.3083913 ], [ 80.4421677, 16.3083913 ], [ 80.4421676, 16.3083996 ] ] ] } },
{ "type": "Feature", "properties": { "label": "Pothole", "confidence": 0.74, "on_road": 1, "size_m": 0.9, "gt_road_overlap": 1.0, "gt_roof_overlap": 0.0 }, "geometry": { "type": "Polygon", "coordinates": [ [ [ 80.4422378, 16.307957 ], [ 80.4422438, 16.307957 ], [ 80.4422438, 16.3079486 ], [ 80.4422378, 16.3079486 ], [ 80.4422378, 16.307957 ] ] ] } },
{ "type": "Feature", "properties": { "label": "Pothole", "confidence": 0.62, "on_road": 0, "size_m": 6.2, "gt_road_overlap": 1.0, "gt_roof_overlap": 0.047 }, "geometry": { "type": "Polygon", "coordinates": [ [ [ 80.4427717, 16.3072358 ], [ 80.4428297, 16.3072359 ], [ 80.4428298, 16.307203 ], [ 80.4427718, 16.3072029 ], [ 80.4427717, 16.3072358 ] ] ] } },
{ "type": "Feature", "properties": { "label": "Pothole", "confidence": 0.59, "on_road": 0, "size_m": 2.8, "gt_road_overlap": 0.0, "gt_roof_overlap": 0.867 }, "geometry": { "type": "Polygon", "coordinates": [ [ [ 80.4422378, 16.308296 ], [ 80.4422636, 16.3082961 ], [ 80.4422636, 16.3082784 ], [ 80.4422378, 16.3082783 ], [ 80.4422378, 16.308296 ] ] ] } },
{ "type": "Feature", "properties": { "label": "Pothole", "confidence": 0.56, "on_road": 1, "size_m": 1.0, "gt_road_overlap": 1.0, "gt_roof_overlap": 0.0 }, "geometry": { "type": "Polygon", "coordinates": [ [ [ 80.4423621, 16.3083332 ], [ 80.4423706, 16.3083332 ], [ 80.4423706, 16.3083246 ], [ 80.4423622, 16.3083245 ], [ 80.4423621, 16.3083332 ] ] ] } },
{ "type": "Feature", "properties": { "label": "Pothole", "confidence": 0.56, "on_road": 1, "size_m": 2.6, "gt_road_overlap": 1.0, "gt_roof_overlap": 0.0 }, "geometry": { "type": "Polygon", "coordinates": [ [ [ 80.4422817, 16.3079922 ], [ 80.4423064, 16.3079923 ], [ 80.4423064, 16.307972 ], [ 80.4422817, 16.307972 ], [ 80.4422817, 16.3079922 ] ] ] } },
{ "type": "Feature", "properties": { "label": "Pothole", "confidence": 0.5, "on_road": 1, "size_m": 0.7, "gt_road_overlap": 1.0, "gt_roof_overlap": 0.0 }, "geometry": { "type": "Polygon", "coordinates": [ [ [ 80.442262, 16.3081207 ], [ 80.442268, 16.3081207 ], [ 80.442268, 16.3081146 ], [ 80.4422621, 16.3081146 ], [ 80.442262, 16.3081207 ] ] ] } },
{ "type": "Feature", "properties": { "label": "Pothole", "confidence": 0.48, "on_road": 0, "size_m": 3.6, "gt_road_overlap": 1.0, "gt_roof_overlap": 0.518 }, "geometry": { "type": "Polygon", "coordinates": [ [ [ 80.442349, 16.3079532 ], [ 80.4423827, 16.3079532 ], [ 80.4423827, 16.3079344 ], [ 80.442349, 16.3079344 ], [ 80.442349, 16.3079532 ] ] ] } },
{ "type": "Feature", "properties": { "label": "Pothole", "confidence": 0.48, "on_road": 0, "size_m": 0.6, "gt_road_overlap": 1.0, "gt_roof_overlap": 0.595 }, "geometry": { "type": "Polygon", "coordinates": [ [ [ 80.4423849, 16.3079381 ], [ 80.4423897, 16.3079381 ], [ 80.4423897, 16.3079323 ], [ 80.4423849, 16.3079323 ], [ 80.4423849, 16.3079381 ] ] ] } },
{ "type": "Feature", "properties": { "label": "Pothole", "confidence": 0.48, "on_road": 1, "size_m": 2.7, "gt_road_overlap": 1.0, "gt_roof_overlap": 0.108 }, "geometry": { "type": "Polygon", "coordinates": [ [ [ 80.4423292, 16.308133 ], [ 80.4423438, 16.308133 ], [ 80.4423439, 16.3081088 ], [ 80.4423293, 16.3081088 ], [ 80.4423292, 16.308133 ] ] ] } },
{ "type": "Feature", "properties": { "label": "Pothole", "confidence": 0.38, "on_road": 0, "size_m": 1.4, "gt_road_overlap": 0.0, "gt_roof_overlap": 0.0 }, "geometry": { "type": "Polygon", "coordinates": [ [ [ 80.4417714, 16.3073805 ], [ 80.441785, 16.3073805 ], [ 80.441785, 16.3073753 ], [ 80.4417714, 16.3073753 ], [ 80.4417714, 16.3073805 ] ] ] } },
{ "type": "Feature", "properties": { "label": "Pothole", "confidence": 0.32, "on_road": 1, "size_m": 1.0, "gt_road_overlap": 1.0, "gt_roof_overlap": 0.0 }, "geometry": { "type": "Polygon", "coordinates": [ [ [ 80.4422383, 16.3079753 ], [ 80.4422465, 16.3079753 ], [ 80.4422466, 16.3079663 ], [ 80.4422383, 16.3079662 ], [ 80.4422383, 16.3079753 ] ] ] } },
{ "type": "Feature", "properties": { "label": "Pothole", "confidence": 0.32, "on_road": 0, "size_m": 6.8, "gt_road_overlap": 0.264, "gt_roof_overlap": 0.0 }, "geometry": { "type": "Polygon", "coordinates": [ [ [ 80.4428233, 16.3077953 ], [ 80.4428869, 16.3077955 ], [ 80.442887, 16.3077745 ], [ 80.4428233, 16.3077743 ], [ 80.4428233, 16.3077953 ] ] ] } },
{ "type": "Feature", "properties": { "label": "Pothole", "confidence": 0.32, "on_road": 0, "size_m": 0.6, "gt_road_overlap": 0.0, "gt_roof_overlap": 0.0 }, "geometry": { "type": "Polygon", "coordinates": [ [ [ 80.4417543, 16.3073597 ], [ 80.4417604, 16.3073597 ], [ 80.4417604, 16.3073539 ], [ 80.4417543, 16.3073539 ], [ 80.4417543, 16.3073597 ] ] ] } },
{ "type": "Feature", "properties": { "label": "Pothole", "confidence": 0.29, "on_road": 0, "size_m": 0.7, "gt_road_overlap": 0.0, "gt_roof_overlap": 0.235 }, "geometry": { "type": "Polygon", "coordinates": [ [ [ 80.4427414, 16.3074398 ], [ 80.442747, 16.3074398 ], [ 80.442747, 16.3074333 ], [ 80.4427414, 16.3074333 ], [ 80.4427414, 16.3074398 ] ] ] } },
{ "type": "Feature", "properties": { "label": "Pothole", "confidence": 0.28, "on_road": 0, "size_m": 1.5, "gt_road_overlap": 0.0, "gt_roof_overlap": 1.0 }, "geometry": { "type": "Polygon", "coordinates": [ [ [ 80.4416002, 16.3077991 ], [ 80.4416146, 16.3077992 ], [ 80.4416147, 16.3077869 ], [ 80.4416002, 16.3077868 ], [ 80.4416002, 16.3077991 ] ] ] } },
{ "type": "Feature", "properties": { "label": "Pothole", "confidence": 0.27, "on_road": 0, "size_m": 3.4, "gt_road_overlap": 0.0, "gt_roof_overlap": 0.0 }, "geometry": { "type": "Polygon", "coordinates": [ [ [ 80.4417937, 16.3074198 ], [ 80.4418256, 16.3074199 ], [ 80.4418256, 16.3074079 ], [ 80.4417938, 16.3074079 ], [ 80.4417937, 16.3074198 ] ] ] } },
{ "type": "Feature", "properties": { "label": "Pothole", "confidence": 0.25, "on_road": 1, "size_m": 2.3, "gt_road_overlap": 1.0, "gt_roof_overlap": 0.0 }, "geometry": { "type": "Polygon", "coordinates": [ [ [ 80.4423325, 16.3082404 ], [ 80.4423467, 16.3082405 ], [ 80.4423467, 16.3082194 ], [ 80.4423325, 16.3082193 ], [ 80.4423325, 16.3082404 ] ] ] } },
{ "type": "Feature", "properties": { "label": "Pothole", "confidence": 0.25, "on_road": 0, "size_m": 1.2, "gt_road_overlap": 1.0, "gt_roof_overlap": 0.94 }, "geometry": { "type": "Polygon", "coordinates": [ [ [ 80.4423991, 16.3079287 ], [ 80.44241, 16.3079287 ], [ 80.44241, 16.3079222 ], [ 80.4423991, 16.3079222 ], [ 80.4423991, 16.3079287 ] ] ] } },
{ "type": "Feature", "properties": { "label": "Pothole", "confidence": 0.95, "on_road": 1, "size_m": 0.7, "gt_road_overlap": 1.0, "gt_roof_overlap": 0.0 }, "geometry": { "type": "Polygon", "coordinates": [ [ [ 80.4439207, 16.3079526 ], [ 80.4439259, 16.3079526 ], [ 80.4439259, 16.3079461 ], [ 80.4439207, 16.3079461 ], [ 80.4439207, 16.3079526 ] ] ] } },
{ "type": "Feature", "properties": { "label": "Pothole", "confidence": 0.77, "on_road": 1, "size_m": 0.6, "gt_road_overlap": 1.0, "gt_roof_overlap": 0.0 }, "geometry": { "type": "Polygon", "coordinates": [ [ [ 80.4429176, 16.3077182 ], [ 80.4429228, 16.3077182 ], [ 80.4429228, 16.3077124 ], [ 80.4429176, 16.3077124 ], [ 80.4429176, 16.3077182 ] ] ] } },
{ "type": "Feature", "properties": { "label": "Pothole", "confidence": 0.75, "on_road": 0, "size_m": 1.5, "gt_road_overlap": 0.754, "gt_roof_overlap": 1.0 }, "geometry": { "type": "Polygon", "coordinates": [ [ [ 80.4430846, 16.3075295 ], [ 80.4430951, 16.3075295 ], [ 80.4430952, 16.3075158 ], [ 80.4430847, 16.3075158 ], [ 80.4430846, 16.3075295 ] ] ] } },
{ "type": "Feature", "properties": { "label": "Pothole", "confidence": 0.7, "on_road": 1, "size_m": 0.7, "gt_road_overlap": 1.0, "gt_roof_overlap": 0.0 }, "geometry": { "type": "Polygon", "coordinates": [ [ [ 80.4436807, 16.3084072 ], [ 80.443687, 16.3084072 ], [ 80.4436871, 16.3084011 ], [ 80.4436807, 16.3084011 ], [ 80.4436807, 16.3084072 ] ] ] } },
{ "type": "Feature", "properties": { "label": "Pothole", "confidence": 0.65, "on_road": 1, "size_m": 0.8, "gt_road_overlap": 1.0, "gt_roof_overlap": 0.0 }, "geometry": { "type": "Polygon", "coordinates": [ [ [ 80.4440896, 16.307202 ], [ 80.4440963, 16.307202 ], [ 80.4440963, 16.3071948 ], [ 80.4440896, 16.3071948 ], [ 80.4440896, 16.307202 ] ] ] } },
{ "type": "Feature", "properties": { "label": "Pothole", "confidence": 0.6, "on_road": 1, "size_m": 0.8, "gt_road_overlap": 1.0, "gt_roof_overlap": 0.0 }, "geometry": { "type": "Polygon", "coordinates": [ [ [ 80.4439064, 16.3079443 ], [ 80.4439139, 16.3079443 ], [ 80.443914, 16.3079369 ], [ 80.4439065, 16.3079369 ], [ 80.4439064, 16.3079443 ] ] ] } },
{ "type": "Feature", "properties": { "label": "Pothole", "confidence": 0.55, "on_road": 1, "size_m": 3.9, "gt_road_overlap": 1.0, "gt_roof_overlap": 0.0 }, "geometry": { "type": "Polygon", "coordinates": [ [ [ 80.443693, 16.3073988 ], [ 80.4437294, 16.3073989 ], [ 80.4437294, 16.3073685 ], [ 80.4436931, 16.3073684 ], [ 80.443693, 16.3073988 ] ] ] } },
{ "type": "Feature", "properties": { "label": "Pothole", "confidence": 0.53, "on_road": 1, "size_m": 0.7, "gt_road_overlap": 1.0, "gt_roof_overlap": 0.0 }, "geometry": { "type": "Polygon", "coordinates": [ [ [ 80.4430795, 16.3081344 ], [ 80.4430863, 16.3081345 ], [ 80.4430863, 16.3081279 ], [ 80.4430796, 16.3081279 ], [ 80.4430795, 16.3081344 ] ] ] } },
{ "type": "Feature", "properties": { "label": "Pothole", "confidence": 0.5, "on_road": 0, "size_m": 9.0, "gt_road_overlap": 0.0, "gt_roof_overlap": 0.259 }, "geometry": { "type": "Polygon", "coordinates": [ [ [ 80.4429156, 16.3079825 ], [ 80.4429999, 16.3079827 ], [ 80.443, 16.3079484 ], [ 80.4429157, 16.3079481 ], [ 80.4429156, 16.3079825 ] ] ] } },
{ "type": "Feature", "properties": { "label": "Pothole", "confidence": 0.49, "on_road": 0, "size_m": 3.1, "gt_road_overlap": 0.0, "gt_roof_overlap": 0.0 }, "geometry": { "type": "Polygon", "coordinates": [ [ [ 80.4440096, 16.3081441 ], [ 80.4440373, 16.3081442 ], [ 80.4440374, 16.3081165 ], [ 80.4440096, 16.3081165 ], [ 80.4440096, 16.3081441 ] ] ] } },
{ "type": "Feature", "properties": { "label": "Pothole", "confidence": 0.48, "on_road": 1, "size_m": 0.8, "gt_road_overlap": 1.0, "gt_roof_overlap": 0.0 }, "geometry": { "type": "Polygon", "coordinates": [ [ [ 80.4440528, 16.30719 ], [ 80.4440599, 16.30719 ], [ 80.44406, 16.3071835 ], [ 80.4440528, 16.3071835 ], [ 80.4440528, 16.30719 ] ] ] } },
{ "type": "Feature", "properties": { "label": "Pothole", "confidence": 0.47, "on_road": 1, "size_m": 0.8, "gt_road_overlap": 1.0, "gt_roof_overlap": 0.0 }, "geometry": { "type": "Polygon", "coordinates": [ [ [ 80.4437383, 16.307526 ], [ 80.4437454, 16.307526 ], [ 80.4437454, 16.3075208 ], [ 80.4437383, 16.3075207 ], [ 80.4437383, 16.307526 ] ] ] } },
{ "type": "Feature", "properties": { "label": "Alligator crack", "confidence": 0.44, "on_road": 0, "size_m": 4.8, "gt_road_overlap": 0.0, "gt_roof_overlap": 0.901 }, "geometry": { "type": "Polygon", "coordinates": [ [ [ 80.4431032, 16.3083135 ], [ 80.4431485, 16.3083136 ], [ 80.4431486, 16.3082738 ], [ 80.4431033, 16.3082737 ], [ 80.4431032, 16.3083135 ] ] ] } },
{ "type": "Feature", "properties": { "label": "Pothole", "confidence": 0.44, "on_road": 1, "size_m": 0.5, "gt_road_overlap": 1.0, "gt_roof_overlap": 0.0 }, "geometry": { "type": "Polygon", "coordinates": [ [ [ 80.4439256, 16.3078026 ], [ 80.4439297, 16.3078026 ], [ 80.4439297, 16.3077977 ], [ 80.4439256, 16.3077977 ], [ 80.4439256, 16.3078026 ] ] ] } },
{ "type": "Feature", "properties": { "label": "Pothole", "confidence": 0.42, "on_road": 1, "size_m": 1.8, "gt_road_overlap": 1.0, "gt_roof_overlap": 0.0 }, "geometry": { "type": "Polygon", "coordinates": [ [ [ 80.4439239, 16.3079212 ], [ 80.4439396, 16.3079213 ], [ 80.4439397, 16.307905 ], [ 80.443924, 16.307905 ], [ 80.4439239, 16.3079212 ] ] ] } },
{ "type": "Feature", "properties": { "label": "Pothole", "confidence": 0.41, "on_road": 1, "size_m": 0.6, "gt_road_overlap": 1.0, "gt_roof_overlap": 0.0 }, "geometry": { "type": "Polygon", "coordinates": [ [ [ 80.4434427, 16.3074834 ], [ 80.4434465, 16.3074835 ], [ 80.4434465, 16.3074784 ], [ 80.4434427, 16.3074784 ], [ 80.4434427, 16.3074834 ] ] ] } },
{ "type": "Feature", "properties": { "label": "Pothole", "confidence": 0.41, "on_road": 1, "size_m": 0.7, "gt_road_overlap": 1.0, "gt_roof_overlap": 0.0 }, "geometry": { "type": "Polygon", "coordinates": [ [ [ 80.4429262, 16.3084204 ], [ 80.4429293, 16.3084204 ], [ 80.4429294, 16.3084143 ], [ 80.4429262, 16.3084143 ], [ 80.4429262, 16.3084204 ] ] ] } },
{ "type": "Feature", "properties": { "label": "Pothole", "confidence": 0.41, "on_road": 1, "size_m": 0.9, "gt_road_overlap": 1.0, "gt_roof_overlap": 0.0 }, "geometry": { "type": "Polygon", "coordinates": [ [ [ 80.4437369, 16.3075061 ], [ 80.4437445, 16.3075061 ], [ 80.4437446, 16.307498 ], [ 80.4437369, 16.307498 ], [ 80.4437369, 16.3075061 ] ] ] } },
{ "type": "Feature", "properties": { "label": "Pothole", "confidence": 0.39, "on_road": 1, "size_m": 0.7, "gt_road_overlap": 1.0, "gt_roof_overlap": 0.088 }, "geometry": { "type": "Polygon", "coordinates": [ [ [ 80.4429381, 16.3076727 ], [ 80.442945, 16.3076727 ], [ 80.442945, 16.3076675 ], [ 80.4429381, 16.3076675 ], [ 80.4429381, 16.3076727 ] ] ] } },
{ "type": "Feature", "properties": { "label": "Pothole", "confidence": 0.39, "on_road": 1, "size_m": 0.9, "gt_road_overlap": 1.0, "gt_roof_overlap": 0.0 }, "geometry": { "type": "Polygon", "coordinates": [ [ [ 80.4438935, 16.3079014 ], [ 80.4439006, 16.3079014 ], [ 80.4439006, 16.3078936 ], [ 80.4438935, 16.3078935 ], [ 80.4438935, 16.3079014 ] ] ] } },
{ "type": "Feature", "properties": { "label": "Pothole", "confidence": 0.36, "on_road": 1, "size_m": 0.8, "gt_road_overlap": 1.0, "gt_roof_overlap": 0.0 }, "geometry": { "type": "Polygon", "coordinates": [ [ [ 80.4436833, 16.3084168 ], [ 80.4436866, 16.3084168 ], [ 80.4436867, 16.3084099 ], [ 80.4436833, 16.3084099 ], [ 80.4436833, 16.3084168 ] ] ] } },
{ "type": "Feature", "properties": { "label": "Pothole", "confidence": 0.36, "on_road": 0, "size_m": 2.6, "gt_road_overlap": 0.0, "gt_roof_overlap": 0.504 }, "geometry": { "type": "Polygon", "coordinates": [ [ [ 80.4430506, 16.3083202 ], [ 80.4430719, 16.3083203 ], [ 80.443072, 16.3082971 ], [ 80.4430506, 16.3082971 ], [ 80.4430506, 16.3083202 ] ] ] } },
{ "type": "Feature", "properties": { "label": "Pothole", "confidence": 0.35, "on_road": 1, "size_m": 2.2, "gt_road_overlap": 1.0, "gt_roof_overlap": 0.0 }, "geometry": { "type": "Polygon", "coordinates": [ [ [ 80.4430794, 16.3076303 ], [ 80.4430995, 16.3076303 ], [ 80.4430995, 16.307618 ], [ 80.4430794, 16.3076179 ], [ 80.4430794, 16.3076303 ] ] ] } },
{ "type": "Feature", "properties": { "label": "Pothole", "confidence": 0.35, "on_road": 1, "size_m": 0.5, "gt_road_overlap": 1.0, "gt_roof_overlap": 0.0 }, "geometry": { "type": "Polygon", "coordinates": [ [ [ 80.4429142, 16.3083923 ], [ 80.4429175, 16.3083923 ], [ 80.4429176, 16.3083879 ], [ 80.4429142, 16.3083879 ], [ 80.4429142, 16.3083923 ] ] ] } },
{ "type": "Feature", "properties": { "label": "Transverse crack", "confidence": 0.34, "on_road": 0, "size_m": 5.2, "gt_road_overlap": 0.0, "gt_roof_overlap": 0.0 }, "geometry": { "type": "Polygon", "coordinates": [ [ [ 80.4440476, 16.3081569 ], [ 80.4440961, 16.308157 ], [ 80.4440961, 16.3081375 ], [ 80.4440476, 16.3081373 ], [ 80.4440476, 16.3081569 ] ] ] } },
{ "type": "Feature", "properties": { "label": "Pothole", "confidence": 0.34, "on_road": 0, "size_m": 0.7, "gt_road_overlap": 0.717, "gt_roof_overlap": 1.0 }, "geometry": { "type": "Polygon", "coordinates": [ [ [ 80.4430958, 16.3075454 ], [ 80.4431003, 16.3075455 ], [ 80.4431003, 16.3075393 ], [ 80.4430958, 16.3075393 ], [ 80.4430958, 16.3075454 ] ] ] } },
{ "type": "Feature", "properties": { "label": "Pothole", "confidence": 0.31, "on_road": 1, "size_m": 0.8, "gt_road_overlap": 1.0, "gt_roof_overlap": 0.0 }, "geometry": { "type": "Polygon", "coordinates": [ [ [ 80.4431215, 16.3075831 ], [ 80.4431279, 16.3075831 ], [ 80.4431279, 16.3075755 ], [ 80.4431215, 16.3075755 ], [ 80.4431215, 16.3075831 ] ] ] } },
{ "type": "Feature", "properties": { "label": "Pothole", "confidence": 0.31, "on_road": 1, "size_m": 0.5, "gt_road_overlap": 1.0, "gt_roof_overlap": 0.0 }, "geometry": { "type": "Polygon", "coordinates": [ [ [ 80.4436728, 16.3072987 ], [ 80.4436765, 16.3072987 ], [ 80.4436765, 16.307294 ], [ 80.4436728, 16.307294 ], [ 80.4436728, 16.3072987 ] ] ] } },
{ "type": "Feature", "properties": { "label": "Pothole", "confidence": 0.3, "on_road": 0, "size_m": 1.0, "gt_road_overlap": 0.0, "gt_roof_overlap": 0.361 }, "geometry": { "type": "Polygon", "coordinates": [ [ [ 80.4438313, 16.3078844 ], [ 80.4438397, 16.3078844 ], [ 80.4438397, 16.3078753 ], [ 80.4438313, 16.3078753 ], [ 80.4438313, 16.3078844 ] ] ] } },
{ "type": "Feature", "properties": { "label": "Repaired patch", "confidence": 0.29, "on_road": 1, "size_m": 8.0, "gt_road_overlap": 0.999, "gt_roof_overlap": 0.164 }, "geometry": { "type": "Polygon", "coordinates": [ [ [ 80.4436935, 16.3073677 ], [ 80.4437684, 16.3073679 ], [ 80.4437685, 16.3073212 ], [ 80.4436937, 16.307321 ], [ 80.4436935, 16.3073677 ] ] ] } },
{ "type": "Feature", "properties": { "label": "Pothole", "confidence": 0.28, "on_road": 0, "size_m": 1.8, "gt_road_overlap": 1.0, "gt_roof_overlap": 1.0 }, "geometry": { "type": "Polygon", "coordinates": [ [ [ 80.4433044, 16.3075282 ], [ 80.4433209, 16.3075282 ], [ 80.4433209, 16.3075199 ], [ 80.4433044, 16.3075199 ], [ 80.4433044, 16.3075282 ] ] ] } },
{ "type": "Feature", "properties": { "label": "Pothole", "confidence": 0.28, "on_road": 0, "size_m": 0.8, "gt_road_overlap": 0.0, "gt_roof_overlap": 0.006 }, "geometry": { "type": "Polygon", "coordinates": [ [ [ 80.4432154, 16.3077041 ], [ 80.4432229, 16.3077042 ], [ 80.4432229, 16.3076991 ], [ 80.4432154, 16.3076991 ], [ 80.4432154, 16.3077041 ] ] ] } },
{ "type": "Feature", "properties": { "label": "Pothole", "confidence": 0.27, "on_road": 1, "size_m": 0.8, "gt_road_overlap": 1.0, "gt_roof_overlap": 0.0 }, "geometry": { "type": "Polygon", "coordinates": [ [ [ 80.443656, 16.3073817 ], [ 80.4436605, 16.3073817 ], [ 80.4436606, 16.3073745 ], [ 80.4436561, 16.3073744 ], [ 80.443656, 16.3073817 ] ] ] } },
{ "type": "Feature", "properties": { "label": "Pothole", "confidence": 0.27, "on_road": 0, "size_m": 8.8, "gt_road_overlap": 0.0, "gt_roof_overlap": 1.0 }, "geometry": { "type": "Polygon", "coordinates": [ [ [ 80.442877, 16.3076203 ], [ 80.4429594, 16.3076205 ], [ 80.4429595, 16.3075804 ], [ 80.4428772, 16.3075802 ], [ 80.442877, 16.3076203 ] ] ] } },
{ "type": "Feature", "properties": { "label": "Pothole", "confidence": 0.94, "on_road": 1, "size_m": 1.7, "gt_road_overlap": 1.0, "gt_roof_overlap": 0.0 }, "geometry": { "type": "Polygon", "coordinates": [ [ [ 80.4447739, 16.3074316 ], [ 80.4447837, 16.3074316 ], [ 80.4447837, 16.3074161 ], [ 80.444774, 16.3074161 ], [ 80.4447739, 16.3074316 ] ] ] } },
{ "type": "Feature", "properties": { "label": "Pothole", "confidence": 0.88, "on_road": 0, "size_m": 1.2, "gt_road_overlap": 0.0, "gt_roof_overlap": 0.0 }, "geometry": { "type": "Polygon", "coordinates": [ [ [ 80.4447353, 16.3074735 ], [ 80.4447405, 16.3074735 ], [ 80.4447405, 16.3074626 ], [ 80.4447353, 16.3074626 ], [ 80.4447353, 16.3074735 ] ] ] } },
{ "type": "Feature", "properties": { "label": "Pothole", "confidence": 0.82, "on_road": 0, "size_m": 0.9, "gt_road_overlap": 0.136, "gt_roof_overlap": 0.0 }, "geometry": { "type": "Polygon", "coordinates": [ [ [ 80.4446963, 16.3073309 ], [ 80.4447023, 16.3073309 ], [ 80.4447024, 16.307323 ], [ 80.4446964, 16.3073229 ], [ 80.4446963, 16.3073309 ] ] ] } },
{ "type": "Feature", "properties": { "label": "Pothole", "confidence": 0.7, "on_road": 0, "size_m": 1.2, "gt_road_overlap": 0.0, "gt_roof_overlap": 1.0 }, "geometry": { "type": "Polygon", "coordinates": [ [ [ 80.4455029, 16.3073022 ], [ 80.4455142, 16.3073022 ], [ 80.4455142, 16.307291 ], [ 80.445503, 16.307291 ], [ 80.4455029, 16.3073022 ] ] ] } },
{ "type": "Feature", "properties": { "label": "Pothole", "confidence": 0.63, "on_road": 0, "size_m": 0.7, "gt_road_overlap": 0.0, "gt_roof_overlap": 0.0 }, "geometry": { "type": "Polygon", "coordinates": [ [ [ 80.444669, 16.30726 ], [ 80.4446728, 16.30726 ], [ 80.4446728, 16.3072535 ], [ 80.444669, 16.3072534 ], [ 80.444669, 16.30726 ] ] ] } },
{ "type": "Feature", "properties": { "label": "Pothole", "confidence": 0.59, "on_road": 1, "size_m": 0.7, "gt_road_overlap": 1.0, "gt_roof_overlap": 0.0 }, "geometry": { "type": "Polygon", "coordinates": [ [ [ 80.4454037, 16.307421 ], [ 80.4454099, 16.307421 ], [ 80.4454099, 16.3074159 ], [ 80.4454038, 16.3074159 ], [ 80.4454037, 16.307421 ] ] ] } },
{ "type": "Feature", "properties": { "label": "Longitudinal crack", "confidence": 0.56, "on_road": 0, "size_m": 11.1, "gt_road_overlap": 0.0, "gt_roof_overlap": 0.0 }, "geometry": { "type": "Polygon", "coordinates": [ [ [ 80.4450629, 16.308392 ], [ 80.4451018, 16.3083921 ], [ 80.4451021, 16.308292 ], [ 80.4450632, 16.3082919 ], [ 80.4450629, 16.308392 ] ] ] } },
{ "type": "Feature", "properties": { "label": "Pothole", "confidence": 0.54, "on_road": 0, "size_m": 1.0, "gt_road_overlap": 0.0, "gt_roof_overlap": 0.0 }, "geometry": { "type": "Polygon", "coordinates": [ [ [ 80.4450147, 16.3083455 ], [ 80.4450222, 16.3083455 ], [ 80.4450223, 16.3083361 ], [ 80.4450148, 16.3083361 ], [ 80.4450147, 16.3083455 ] ] ] } },
{ "type": "Feature", "properties": { "label": "Pothole", "confidence": 0.49, "on_road": 1, "size_m": 0.6, "gt_road_overlap": 1.0, "gt_roof_overlap": 0.0 }, "geometry": { "type": "Polygon", "coordinates": [ [ [ 80.4453796, 16.3073482 ], [ 80.4453852, 16.3073483 ], [ 80.4453852, 16.3073425 ], [ 80.4453796, 16.3073425 ], [ 80.4453796, 16.3073482 ] ] ] } },
{ "type": "Feature", "properties": { "label": "Pothole", "confidence": 0.41, "on_road": 0, "size_m": 2.3, "gt_road_overlap": 0.0, "gt_roof_overlap": 0.0 }, "geometry": { "type": "Polygon", "coordinates": [ [ [ 80.445101, 16.3083639 ], [ 80.4451157, 16.308364 ], [ 80.4451158, 16.308343 ], [ 80.4451011, 16.308343 ], [ 80.445101, 16.3083639 ] ] ] } },
{ "type": "Feature", "properties": { "label": "Pothole", "confidence": 0.4, "on_road": 1, "size_m": 1.1, "gt_road_overlap": 1.0, "gt_roof_overlap": 0.0 }, "geometry": { "type": "Polygon", "coordinates": [ [ [ 80.4453749, 16.3078355 ], [ 80.4453854, 16.3078355 ], [ 80.4453854, 16.3078286 ], [ 80.4453749, 16.3078286 ], [ 80.4453749, 16.3078355 ] ] ] } },
{ "type": "Feature", "properties": { "label": "Longitudinal crack", "confidence": 0.4, "on_road": 0, "size_m": 1.6, "gt_road_overlap": 0.0, "gt_roof_overlap": 0.0 }, "geometry": { "type": "Polygon", "coordinates": [ [ [ 80.4443467, 16.3079678 ], [ 80.4443609, 16.3079679 ], [ 80.444361, 16.3079534 ], [ 80.4443467, 16.3079534 ], [ 80.4443467, 16.3079678 ] ] ] } },
{ "type": "Feature", "properties": { "label": "Pothole", "confidence": 0.39, "on_road": 1, "size_m": 1.1, "gt_road_overlap": 1.0, "gt_roof_overlap": 0.0 }, "geometry": { "type": "Polygon", "coordinates": [ [ [ 80.4453253, 16.3071951 ], [ 80.4453328, 16.3071952 ], [ 80.4453328, 16.307185 ], [ 80.4453253, 16.307185 ], [ 80.4453253, 16.3071951 ] ] ] } },
{ "type": "Feature", "properties": { "label": "Pothole", "confidence": 0.38, "on_road": 1, "size_m": 1.7, "gt_road_overlap": 1.0, "gt_roof_overlap": 0.0 }, "geometry": { "type": "Polygon", "coordinates": [ [ [ 80.4452105, 16.3079104 ], [ 80.4452266, 16.3079105 ], [ 80.4452266, 16.3079007 ], [ 80.4452105, 16.3079007 ], [ 80.4452105, 16.3079104 ] ] ] } },
{ "type": "Feature", "properties": { "label": "Pothole", "confidence": 0.36, "on_road": 0, "size_m": 0.8, "gt_road_overlap": 0.0, "gt_roof_overlap": 0.0 }, "geometry": { "type": "Polygon", "coordinates": [ [ [ 80.4442125, 16.3076086 ], [ 80.4442187, 16.3076086 ], [ 80.4442187, 16.3076012 ], [ 80.4442126, 16.3076012 ], [ 80.4442125, 16.3076086 ] ] ] } },
{ "type": "Feature", "properties": { "label": "Pothole", "confidence": 0.34, "on_road": 0, "size_m": 2.6, "gt_road_overlap": 0.0, "gt_roof_overlap": 0.0 }, "geometry": { "type": "Polygon", "coordinates": [ [ [ 80.444336, 16.3079279 ], [ 80.4443599, 16.3079279 ], [ 80.44436, 16.3079044 ], [ 80.444336, 16.3079043 ], [ 80.444336, 16.3079279 ] ] ] } },
{ "type": "Feature", "properties": { "label": "Pothole", "confidence": 0.32, "on_road": 1, "size_m": 2.5, "gt_road_overlap": 0.819, "gt_roof_overlap": 0.0 }, "geometry": { "type": "Polygon", "coordinates": [ [ [ 80.4442182, 16.3075994 ], [ 80.4442294, 16.3075994 ], [ 80.4442295, 16.3075765 ], [ 80.4442183, 16.3075764 ], [ 80.4442182, 16.3075994 ] ] ] } },
{ "type": "Feature", "properties": { "label": "Pothole", "confidence": 0.32, "on_road": 0, "size_m": 0.6, "gt_road_overlap": 0.0, "gt_roof_overlap": 0.987 }, "geometry": { "type": "Polygon", "coordinates": [ [ [ 80.4454348, 16.3079586 ], [ 80.4454408, 16.3079586 ], [ 80.4454408, 16.3079532 ], [ 80.4454348, 16.3079531 ], [ 80.4454348, 16.3079586 ] ] ] } },
{ "type": "Feature", "properties": { "label": "Pothole", "confidence": 0.32, "on_road": 0, "size_m": 0.8, "gt_road_overlap": 0.0, "gt_roof_overlap": 1.0 }, "geometry": { "type": "Polygon", "coordinates": [ [ [ 80.4446172, 16.3073717 ], [ 80.4446217, 16.3073717 ], [ 80.4446217, 16.3073647 ], [ 80.4446172, 16.3073647 ], [ 80.4446172, 16.3073717 ] ] ] } },
{ "type": "Feature", "properties": { "label": "Pothole", "confidence": 0.27, "on_road": 0, "size_m": 6.2, "gt_road_overlap": 0.996, "gt_roof_overlap": 0.27 }, "geometry": { "type": "Polygon", "coordinates": [ [ [ 80.4448464, 16.307577 ], [ 80.4449044, 16.3075771 ], [ 80.4449045, 16.3075439 ], [ 80.4448464, 16.3075437 ], [ 80.4448464, 16.307577 ] ] ] } },
{ "type": "Feature", "properties": { "label": "Pothole", "confidence": 0.26, "on_road": 0, "size_m": 1.4, "gt_road_overlap": 0.0, "gt_roof_overlap": 0.0 }, "geometry": { "type": "Polygon", "coordinates": [ [ [ 80.4447685, 16.3077726 ], [ 80.4447812, 16.3077726 ], [ 80.4447812, 16.3077618 ], [ 80.4447685, 16.3077617 ], [ 80.4447685, 16.3077726 ] ] ] } },
{ "type": "Feature", "properties": { "label": "Pothole", "confidence": 0.25, "on_road": 1, "size_m": 1.0, "gt_road_overlap": 1.0, "gt_roof_overlap": 0.0 }, "geometry": { "type": "Polygon", "coordinates": [ [ [ 80.4447235, 16.3072661 ], [ 80.4447325, 16.3072661 ], [ 80.4447325, 16.3072592 ], [ 80.4447235, 16.3072592 ], [ 80.4447235, 16.3072661 ] ] ] } },
{ "type": "Feature", "properties": { "label": "Pothole", "confidence": 0.25, "on_road": 1, "size_m": 2.0, "gt_road_overlap": 0.976, "gt_roof_overlap": 0.0 }, "geometry": { "type": "Polygon", "coordinates": [ [ [ 80.4451367, 16.3075354 ], [ 80.4451555, 16.3075355 ], [ 80.4451555, 16.3075246 ], [ 80.4451368, 16.3075246 ], [ 80.4451367, 16.3075354 ] ] ] } },
{ "type": "Feature", "properties": { "label": "Pothole", "confidence": 0.9, "on_road": 1, "size_m": 1.1, "gt_road_overlap": 1.0, "gt_roof_overlap": 0.0 }, "geometry": { "type": "Polygon", "coordinates": [ [ [ 80.4456532, 16.3077939 ], [ 80.4456637, 16.3077939 ], [ 80.4456637, 16.3077842 ], [ 80.4456532, 16.3077841 ], [ 80.4456532, 16.3077939 ] ] ] } },
{ "type": "Feature", "properties": { "label": "Pothole", "confidence": 0.86, "on_road": 1, "size_m": 0.6, "gt_road_overlap": 1.0, "gt_roof_overlap": 0.0 }, "geometry": { "type": "Polygon", "coordinates": [ [ [ 80.4457062, 16.3082382 ], [ 80.4457122, 16.3082383 ], [ 80.4457122, 16.3082325 ], [ 80.4457062, 16.3082325 ], [ 80.4457062, 16.3082382 ] ] ] } },
{ "type": "Feature", "properties": { "label": "Pothole", "confidence": 0.83, "on_road": 0, "size_m": 1.1, "gt_road_overlap": 0.0, "gt_roof_overlap": 0.0 }, "geometry": { "type": "Polygon", "coordinates": [ [ [ 80.4466762, 16.30818 ], [ 80.4466843, 16.3081801 ], [ 80.4466844, 16.3081703 ], [ 80.4466762, 16.3081703 ], [ 80.4466762, 16.30818 ] ] ] } },
{ "type": "Feature", "properties": { "label": "Pothole", "confidence": 0.67, "on_road": 1, "size_m": 0.6, "gt_road_overlap": 0.908, "gt_roof_overlap": 0.0 }, "geometry": { "type": "Polygon", "coordinates": [ [ [ 80.4457045, 16.3077796 ], [ 80.4457098, 16.3077796 ], [ 80.4457098, 16.3077742 ], [ 80.4457045, 16.3077741 ], [ 80.4457045, 16.3077796 ] ] ] } },
{ "type": "Feature", "properties": { "label": "Pothole", "confidence": 0.44, "on_road": 1, "size_m": 0.7, "gt_road_overlap": 1.0, "gt_roof_overlap": 0.0 }, "geometry": { "type": "Polygon", "coordinates": [ [ [ 80.4459396, 16.3081517 ], [ 80.4459446, 16.3081517 ], [ 80.4459446, 16.3081456 ], [ 80.4459396, 16.3081456 ], [ 80.4459396, 16.3081517 ] ] ] } },
{ "type": "Feature", "properties": { "label": "Pothole", "confidence": 0.43, "on_road": 0, "size_m": 0.9, "gt_road_overlap": 0.003, "gt_roof_overlap": 0.0 }, "geometry": { "type": "Polygon", "coordinates": [ [ [ 80.4458595, 16.3077256 ], [ 80.4458681, 16.3077256 ], [ 80.4458681, 16.3077176 ], [ 80.4458595, 16.3077176 ], [ 80.4458595, 16.3077256 ] ] ] } },
{ "type": "Feature", "properties": { "label": "Pothole", "confidence": 0.41, "on_road": 1, "size_m": 0.7, "gt_road_overlap": 1.0, "gt_roof_overlap": 0.0 }, "geometry": { "type": "Polygon", "coordinates": [ [ [ 80.4455904, 16.3076487 ], [ 80.4455962, 16.3076487 ], [ 80.4455962, 16.3076427 ], [ 80.4455904, 16.3076427 ], [ 80.4455904, 16.3076487 ] ] ] } },
{ "type": "Feature", "properties": { "label": "Pothole", "confidence": 0.37, "on_road": 1, "size_m": 1.8, "gt_road_overlap": 1.0, "gt_roof_overlap": 0.0 }, "geometry": { "type": "Polygon", "coordinates": [ [ [ 80.4455854, 16.3073571 ], [ 80.4455933, 16.3073571 ], [ 80.4455933, 16.3073407 ], [ 80.4455855, 16.3073406 ], [ 80.4455854, 16.3073571 ] ] ] } },
{ "type": "Feature", "properties": { "label": "Pothole", "confidence": 0.35, "on_road": 0, "size_m": 2.3, "gt_road_overlap": 0.0, "gt_roof_overlap": 1.0 }, "geometry": { "type": "Polygon", "coordinates": [ [ [ 80.4466333, 16.3075884 ], [ 80.446646, 16.3075884 ], [ 80.446646, 16.3075678 ], [ 80.4466333, 16.3075678 ], [ 80.4466333, 16.3075884 ] ] ] } },
{ "type": "Feature", "properties": { "label": "Pothole", "confidence": 0.31, "on_road": 0, "size_m": 5.2, "gt_road_overlap": 0.0, "gt_roof_overlap": 1.0 }, "geometry": { "type": "Polygon", "coordinates": [ [ [ 80.4457848, 16.3080002 ], [ 80.4458338, 16.3080003 ], [ 80.4458339, 16.3079706 ], [ 80.4457849, 16.3079705 ], [ 80.4457848, 16.3080002 ] ] ] } },
{ "type": "Feature", "properties": { "label": "Pothole", "confidence": 0.3, "on_road": 0, "size_m": 1.1, "gt_road_overlap": 0.0, "gt_roof_overlap": 0.0 }, "geometry": { "type": "Polygon", "coordinates": [ [ [ 80.4458988, 16.3077455 ], [ 80.4459089, 16.3077456 ], [ 80.4459089, 16.3077354 ], [ 80.4458988, 16.3077354 ], [ 80.4458988, 16.3077455 ] ] ] } },
{ "type": "Feature", "properties": { "label": "Pothole", "confidence": 0.29, "on_road": 1, "size_m": 1.5, "gt_road_overlap": 0.86, "gt_roof_overlap": 0.0 }, "geometry": { "type": "Polygon", "coordinates": [ [ [ 80.4464345, 16.3074852 ], [ 80.4464484, 16.3074852 ], [ 80.4464484, 16.3074758 ], [ 80.4464345, 16.3074758 ], [ 80.4464345, 16.3074852 ] ] ] } },
{ "type": "Feature", "properties": { "label": "Pothole", "confidence": 0.26, "on_road": 0, "size_m": 2.8, "gt_road_overlap": 0.0, "gt_roof_overlap": 0.0 }, "geometry": { "type": "Polygon", "coordinates": [ [ [ 80.4457022, 16.3079902 ], [ 80.4457288, 16.3079903 ], [ 80.4457289, 16.3079743 ], [ 80.4457023, 16.3079743 ], [ 80.4457022, 16.3079902 ] ] ] } },
{ "type": "Feature", "properties": { "label": "Pothole", "confidence": 0.25, "on_road": 1, "size_m": 0.8, "gt_road_overlap": 1.0, "gt_roof_overlap": 0.0 }, "geometry": { "type": "Polygon", "coordinates": [ [ [ 80.4456076, 16.3076476 ], [ 80.4456119, 16.3076476 ], [ 80.445612, 16.3076401 ], [ 80.4456077, 16.3076401 ], [ 80.4456076, 16.3076476 ] ] ] } },
{ "type": "Feature", "properties": { "label": "Pothole", "confidence": 0.8, "on_road": 0, "size_m": 1.1, "gt_road_overlap": 0.0, "gt_roof_overlap": 0.0 }, "geometry": { "type": "Polygon", "coordinates": [ [ [ 80.4466763, 16.3081799 ], [ 80.4466842, 16.3081799 ], [ 80.4466842, 16.3081701 ], [ 80.4466764, 16.3081701 ], [ 80.4466763, 16.3081799 ] ] ] } },
{ "type": "Feature", "properties": { "label": "Pothole", "confidence": 0.41, "on_road": 0, "size_m": 2.3, "gt_road_overlap": 0.0, "gt_roof_overlap": 1.0 }, "geometry": { "type": "Polygon", "coordinates": [ [ [ 80.446634, 16.3075886 ], [ 80.4466456, 16.3075886 ], [ 80.4466457, 16.3075676 ], [ 80.4466341, 16.3075676 ], [ 80.446634, 16.3075886 ] ] ] } },
{ "type": "Feature", "properties": { "label": "Pothole", "confidence": 0.37, "on_road": 0, "size_m": 0.9, "gt_road_overlap": 0.0, "gt_roof_overlap": 0.0 }, "geometry": { "type": "Polygon", "coordinates": [ [ [ 80.4470248, 16.3079656 ], [ 80.4470312, 16.3079656 ], [ 80.4470312, 16.3079577 ], [ 80.4470248, 16.3079577 ], [ 80.4470248, 16.3079656 ] ] ] } },
{ "type": "Feature", "properties": { "label": "Pothole", "confidence": 0.36, "on_road": 1, "size_m": 2.4, "gt_road_overlap": 1.0, "gt_roof_overlap": 0.0 }, "geometry": { "type": "Polygon", "coordinates": [ [ [ 80.4470924, 16.3079551 ], [ 80.4471014, 16.3079552 ], [ 80.4471014, 16.3079331 ], [ 80.4470925, 16.3079331 ], [ 80.4470924, 16.3079551 ] ] ] } },
{ "type": "Feature", "properties": { "label": "Pothole", "confidence": 0.3, "on_road": 1, "size_m": 1.5, "gt_road_overlap": 0.812, "gt_roof_overlap": 0.0 }, "geometry": { "type": "Polygon", "coordinates": [ [ [ 80.4464353, 16.3074857 ], [ 80.446449, 16.3074857 ], [ 80.446449, 16.3074756 ], [ 80.4464353, 16.3074756 ], [ 80.4464353, 16.3074857 ] ] ] } },
{ "type": "Feature", "properties": { "label": "Pothole", "confidence": 0.28, "on_road": 0, "size_m": 1.0, "gt_road_overlap": 0.0, "gt_roof_overlap": 1.0 }, "geometry": { "type": "Polygon", "coordinates": [ [ [ 80.4462878, 16.3073333 ], [ 80.4462964, 16.3073333 ], [ 80.4462965, 16.3073246 ], [ 80.4462878, 16.3073246 ], [ 80.4462878, 16.3073333 ] ] ] } },
{ "type": "Feature", "properties": { "label": "Pothole", "confidence": 0.25, "on_road": 0, "size_m": 1.1, "gt_road_overlap": 0.0, "gt_roof_overlap": 0.0 }, "geometry": { "type": "Polygon", "coordinates": [ [ [ 80.4470266, 16.3079189 ], [ 80.4470348, 16.3079189 ], [ 80.4470349, 16.3079092 ], [ 80.4470266, 16.3079092 ], [ 80.4470266, 16.3079189 ] ] ] } },
{ "type": "Feature", "properties": { "label": "Pothole", "confidence": 0.54, "on_road": 1, "size_m": 2.2, "gt_road_overlap": 1.0, "gt_roof_overlap": 0.0 }, "geometry": { "type": "Polygon", "coordinates": [ [ [ 80.4275612, 16.3061735 ], [ 80.4275818, 16.3061735 ], [ 80.4275818, 16.3061652 ], [ 80.4275612, 16.3061651 ], [ 80.4275612, 16.3061735 ] ] ] } },
{ "type": "Feature", "properties": { "label": "Pothole", "confidence": 0.38, "on_road": 1, "size_m": 1.2, "gt_road_overlap": 1.0, "gt_roof_overlap": 0.0 }, "geometry": { "type": "Polygon", "coordinates": [ [ [ 80.4275453, 16.3060966 ], [ 80.4275543, 16.3060966 ], [ 80.4275544, 16.3060854 ], [ 80.4275454, 16.3060854 ], [ 80.4275453, 16.3060966 ] ] ] } },
{ "type": "Feature", "properties": { "label": "Pothole", "confidence": 0.37, "on_road": 0, "size_m": 0.8, "gt_road_overlap": 0.0, "gt_roof_overlap": 1.0 }, "geometry": { "type": "Polygon", "coordinates": [ [ [ 80.4269993, 16.3059989 ], [ 80.4270071, 16.3059989 ], [ 80.4270072, 16.3059924 ], [ 80.4269993, 16.3059924 ], [ 80.4269993, 16.3059989 ] ] ] } },
{ "type": "Feature", "properties": { "label": "Pothole", "confidence": 0.36, "on_road": 1, "size_m": 1.6, "gt_road_overlap": 1.0, "gt_roof_overlap": 0.0 }, "geometry": { "type": "Polygon", "coordinates": [ [ [ 80.4276325, 16.3063139 ], [ 80.4276435, 16.306314 ], [ 80.4276435, 16.3062995 ], [ 80.4276325, 16.3062995 ], [ 80.4276325, 16.3063139 ] ] ] } },
{ "type": "Feature", "properties": { "label": "Pothole", "confidence": 0.29, "on_road": 0, "size_m": 0.8, "gt_road_overlap": 0.0, "gt_roof_overlap": 1.0 }, "geometry": { "type": "Polygon", "coordinates": [ [ [ 80.4279324, 16.3067868 ], [ 80.4279398, 16.3067868 ], [ 80.4279399, 16.3067794 ], [ 80.4279324, 16.3067794 ], [ 80.4279324, 16.3067868 ] ] ] } },
{ "type": "Feature", "properties": { "label": "Pothole", "confidence": 0.91, "on_road": 0, "size_m": 4.3, "gt_road_overlap": 1.0, "gt_roof_overlap": 0.0 }, "geometry": { "type": "Polygon", "coordinates": [ [ [ 80.429048, 16.3061592 ], [ 80.4290695, 16.3061593 ], [ 80.4290696, 16.3061206 ], [ 80.4290481, 16.3061205 ], [ 80.429048, 16.3061592 ] ] ] } },
{ "type": "Feature", "properties": { "label": "Pothole", "confidence": 0.83, "on_road": 0, "size_m": 1.8, "gt_road_overlap": 0.172, "gt_roof_overlap": 0.0 }, "geometry": { "type": "Polygon", "coordinates": [ [ [ 80.4287271, 16.3059107 ], [ 80.4287385, 16.3059107 ], [ 80.4287385, 16.3058948 ], [ 80.4287271, 16.3058948 ], [ 80.4287271, 16.3059107 ] ] ] } },
{ "type": "Feature", "properties": { "label": "Pothole", "confidence": 0.49, "on_road": 0, "size_m": 1.4, "gt_road_overlap": 0.0, "gt_roof_overlap": 1.0 }, "geometry": { "type": "Polygon", "coordinates": [ [ [ 80.4294173, 16.3064141 ], [ 80.4294307, 16.3064141 ], [ 80.4294308, 16.3064047 ], [ 80.4294173, 16.3064047 ], [ 80.4294173, 16.3064141 ] ] ] } },
{ "type": "Feature", "properties": { "label": "Pothole", "confidence": 0.49, "on_road": 1, "size_m": 1.6, "gt_road_overlap": 1.0, "gt_roof_overlap": 0.0 }, "geometry": { "type": "Polygon", "coordinates": [ [ [ 80.4290946, 16.3060689 ], [ 80.4291099, 16.3060689 ], [ 80.42911, 16.3060627 ], [ 80.4290946, 16.3060626 ], [ 80.4290946, 16.3060689 ] ] ] } },
{ "type": "Feature", "properties": { "label": "Pothole", "confidence": 0.47, "on_road": 0, "size_m": 1.0, "gt_road_overlap": 0.0, "gt_roof_overlap": 0.111 }, "geometry": { "type": "Polygon", "coordinates": [ [ [ 80.4287772, 16.3071364 ], [ 80.4287861, 16.3071364 ], [ 80.4287862, 16.3071297 ], [ 80.4287772, 16.3071297 ], [ 80.4287772, 16.3071364 ] ] ] } },
{ "type": "Feature", "properties": { "label": "Pothole", "confidence": 0.41, "on_road": 0, "size_m": 1.0, "gt_road_overlap": 0.0, "gt_roof_overlap": 1.0 }, "geometry": { "type": "Polygon", "coordinates": [ [ [ 80.4293803, 16.3065891 ], [ 80.4293896, 16.3065891 ], [ 80.4293896, 16.3065806 ], [ 80.4293803, 16.3065806 ], [ 80.4293803, 16.3065891 ] ] ] } },
{ "type": "Feature", "properties": { "label": "Pothole", "confidence": 0.41, "on_road": 0, "size_m": 2.2, "gt_road_overlap": 0.0, "gt_roof_overlap": 1.0 }, "geometry": { "type": "Polygon", "coordinates": [ [ [ 80.4294162, 16.3064057 ], [ 80.4294311, 16.3064058 ], [ 80.4294312, 16.3063862 ], [ 80.4294162, 16.3063862 ], [ 80.4294162, 16.3064057 ] ] ] } },
{ "type": "Feature", "properties": { "label": "Pothole", "confidence": 0.41, "on_road": 0, "size_m": 5.0, "gt_road_overlap": 0.0, "gt_roof_overlap": 1.0 }, "geometry": { "type": "Polygon", "coordinates": [ [ [ 80.4283197, 16.3066685 ], [ 80.4283668, 16.3066687 ], [ 80.4283669, 16.3066325 ], [ 80.4283198, 16.3066324 ], [ 80.4283197, 16.3066685 ] ] ] } },
{ "type": "Feature", "properties": { "label": "Pothole", "confidence": 0.38, "on_road": 0, "size_m": 6.6, "gt_road_overlap": 1.0, "gt_roof_overlap": 0.0 }, "geometry": { "type": "Polygon", "coordinates": [ [ [ 80.4285948, 16.3059662 ], [ 80.428657, 16.3059663 ], [ 80.4286571, 16.3059408 ], [ 80.4285949, 16.3059407 ], [ 80.4285948, 16.3059662 ] ] ] } },
{ "type": "Feature", "properties": { "label": "Pothole", "confidence": 0.28, "on_road": 0, "size_m": 1.0, "gt_road_overlap": 0.0, "gt_roof_overlap": 1.0 }, "geometry": { "type": "Polygon", "coordinates": [ [ [ 80.4287587, 16.3068004 ], [ 80.4287677, 16.3068005 ], [ 80.4287677, 16.3067921 ], [ 80.4287587, 16.3067921 ], [ 80.4287587, 16.3068004 ] ] ] } },
{ "type": "Feature", "properties": { "label": "Pothole", "confidence": 0.26, "on_road": 0, "size_m": 1.4, "gt_road_overlap": 0.0, "gt_roof_overlap": 0.0 }, "geometry": { "type": "Polygon", "coordinates": [ [ [ 80.4291794, 16.3059755 ], [ 80.4291893, 16.3059755 ], [ 80.4291894, 16.3059629 ], [ 80.4291794, 16.3059629 ], [ 80.4291794, 16.3059755 ] ] ] } },
{ "type": "Feature", "properties": { "label": "Pothole", "confidence": 0.58, "on_road": 1, "size_m": 1.8, "gt_road_overlap": 1.0, "gt_roof_overlap": 0.0 }, "geometry": { "type": "Polygon", "coordinates": [ [ [ 80.4304152, 16.3064314 ], [ 80.4304257, 16.3064314 ], [ 80.4304258, 16.3064151 ], [ 80.4304153, 16.3064151 ], [ 80.4304152, 16.3064314 ] ] ] } },
{ "type": "Feature", "properties": { "label": "Pothole", "confidence": 0.46, "on_road": 0, "size_m": 6.8, "gt_road_overlap": 0.0, "gt_roof_overlap": 0.0 }, "geometry": { "type": "Polygon", "coordinates": [ [ [ 80.4306343, 16.3063497 ], [ 80.4306984, 16.3063499 ], [ 80.4306985, 16.3063 ], [ 80.4306345, 16.3062998 ], [ 80.4306343, 16.3063497 ] ] ] } },
{ "type": "Feature", "properties": { "label": "Pothole", "confidence": 0.46, "on_road": 0, "size_m": 2.0, "gt_road_overlap": 0.054, "gt_roof_overlap": 0.0 }, "geometry": { "type": "Polygon", "coordinates": [ [ [ 80.4300535, 16.3062507 ], [ 80.4300719, 16.3062507 ], [ 80.4300719, 16.3062381 ], [ 80.4300535, 16.306238 ], [ 80.4300535, 16.3062507 ] ] ] } },
{ "type": "Feature", "properties": { "label": "Pothole", "confidence": 0.39, "on_road": 1, "size_m": 0.9, "gt_road_overlap": 1.0, "gt_roof_overlap": 0.0 }, "geometry": { "type": "Polygon", "coordinates": [ [ [ 80.4306298, 16.3066874 ], [ 80.4306347, 16.3066874 ], [ 80.4306347, 16.3066795 ], [ 80.4306298, 16.3066795 ], [ 80.4306298, 16.3066874 ] ] ] } },
{ "type": "Feature", "properties": { "label": "Pothole", "confidence": 0.37, "on_road": 1, "size_m": 1.1, "gt_road_overlap": 1.0, "gt_roof_overlap": 0.0 }, "geometry": { "type": "Polygon", "coordinates": [ [ [ 80.4296637, 16.305862 ], [ 80.4296722, 16.305862 ], [ 80.4296722, 16.3058519 ], [ 80.4296638, 16.3058519 ], [ 80.4296637, 16.305862 ] ] ] } },
{ "type": "Feature", "properties": { "label": "Pothole", "confidence": 0.36, "on_road": 0, "size_m": 2.3, "gt_road_overlap": 0.0, "gt_roof_overlap": 1.0 }, "geometry": { "type": "Polygon", "coordinates": [ [ [ 80.4305039, 16.3070474 ], [ 80.4305256, 16.3070475 ], [ 80.4305257, 16.3070265 ], [ 80.4305039, 16.3070264 ], [ 80.4305039, 16.3070474 ] ] ] } },
{ "type": "Feature", "properties": { "label": "Pothole", "confidence": 0.32, "on_road": 1, "size_m": 1.6, "gt_road_overlap": 1.0, "gt_roof_overlap": 0.0 }, "geometry": { "type": "Polygon", "coordinates": [ [ [ 80.4300567, 16.306446 ], [ 80.4300719, 16.306446 ], [ 80.4300719, 16.3064377 ], [ 80.4300567, 16.3064377 ], [ 80.4300567, 16.306446 ] ] ] } },
{ "type": "Feature", "properties": { "label": "Pothole", "confidence": 0.3, "on_road": 0, "size_m": 5.0, "gt_road_overlap": 0.37, "gt_roof_overlap": 0.0 }, "geometry": { "type": "Polygon", "coordinates": [ [ [ 80.4299779, 16.3062084 ], [ 80.4300246, 16.3062085 ], [ 80.4300247, 16.3061731 ], [ 80.429978, 16.3061729 ], [ 80.4299779, 16.3062084 ] ] ] } },
{ "type": "Feature", "properties": { "label": "Pothole", "confidence": 0.3, "on_road": 1, "size_m": 0.8, "gt_road_overlap": 1.0, "gt_roof_overlap": 0.0 }, "geometry": { "type": "Polygon", "coordinates": [ [ [ 80.4301131, 16.3062181 ], [ 80.4301206, 16.3062182 ], [ 80.4301206, 16.3062107 ], [ 80.4301132, 16.3062107 ], [ 80.4301131, 16.3062181 ] ] ] } },
{ "type": "Feature", "properties": { "label": "Pothole", "confidence": 0.29, "on_road": 0, "size_m": 1.0, "gt_road_overlap": 0.0, "gt_roof_overlap": 0.0 }, "geometry": { "type": "Polygon", "coordinates": [ [ [ 80.4307078, 16.3063304 ], [ 80.4307168, 16.3063304 ], [ 80.4307168, 16.3063239 ], [ 80.4307078, 16.3063239 ], [ 80.4307078, 16.3063304 ] ] ] } },
{ "type": "Feature", "properties": { "label": "Pothole", "confidence": 0.27, "on_road": 0, "size_m": 7.8, "gt_road_overlap": 0.0, "gt_roof_overlap": 1.0 }, "geometry": { "type": "Polygon", "coordinates": [ [ [ 80.4302406, 16.3059079 ], [ 80.4303132, 16.3059081 ], [ 80.4303134, 16.3058611 ], [ 80.4302407, 16.3058609 ], [ 80.4302406, 16.3059079 ] ] ] } },
{ "type": "Feature", "properties": { "label": "Pothole", "confidence": 0.26, "on_road": 0, "size_m": 1.6, "gt_road_overlap": 0.0, "gt_roof_overlap": 0.0 }, "geometry": { "type": "Polygon", "coordinates": [ [ [ 80.4306708, 16.3063015 ], [ 80.4306854, 16.3063016 ], [ 80.4306854, 16.3062918 ], [ 80.4306708, 16.3062918 ], [ 80.4306708, 16.3063015 ] ] ] } },
{ "type": "Feature", "properties": { "label": "Pothole", "confidence": 0.66, "on_road": 0, "size_m": 4.9, "gt_road_overlap": 0.994, "gt_roof_overlap": 0.0 }, "geometry": { "type": "Polygon", "coordinates": [ [ [ 80.4311607, 16.3070781 ], [ 80.4312068, 16.3070782 ], [ 80.4312069, 16.3070421 ], [ 80.4311608, 16.307042 ], [ 80.4311607, 16.3070781 ] ] ] } },
{ "type": "Feature", "properties": { "label": "Pothole", "confidence": 0.52, "on_road": 0, "size_m": 2.8, "gt_road_overlap": 0.0, "gt_roof_overlap": 0.0 }, "geometry": { "type": "Polygon", "coordinates": [ [ [ 80.4314288, 16.306614 ], [ 80.4314547, 16.3066141 ], [ 80.4314547, 16.3065938 ], [ 80.4314289, 16.3065938 ], [ 80.4314288, 16.306614 ] ] ] } },
{ "type": "Feature", "properties": { "label": "Pothole", "confidence": 0.51, "on_road": 0, "size_m": 9.2, "gt_road_overlap": 0.0, "gt_roof_overlap": 0.596 }, "geometry": { "type": "Polygon", "coordinates": [ [ [ 80.4320771, 16.3068313 ], [ 80.4321632, 16.3068315 ], [ 80.4321633, 16.3067975 ], [ 80.4320772, 16.3067973 ], [ 80.4320771, 16.3068313 ] ] ] } },
{ "type": "Feature", "properties": { "label": "Pothole", "confidence": 0.4, "on_road": 0, "size_m": 1.0, "gt_road_overlap": 0.05, "gt_roof_overlap": 0.0 }, "geometry": { "type": "Polygon", "coordinates": [ [ [ 80.4307937, 16.3060238 ], [ 80.4308016, 16.3060238 ], [ 80.4308016, 16.3060148 ], [ 80.4307938, 16.3060148 ], [ 80.4307937, 16.3060238 ] ] ] } },
{ "type": "Feature", "properties": { "label": "Pothole", "confidence": 0.37, "on_road": 1, "size_m": 0.8, "gt_road_overlap": 0.905, "gt_roof_overlap": 0.0 }, "geometry": { "type": "Polygon", "coordinates": [ [ [ 80.4313805, 16.3067195 ], [ 80.431387, 16.3067195 ], [ 80.431387, 16.3067123 ], [ 80.4313805, 16.3067122 ], [ 80.4313805, 16.3067195 ] ] ] } },
{ "type": "Feature", "properties": { "label": "Pothole", "confidence": 0.3, "on_road": 0, "size_m": 0.9, "gt_road_overlap": 0.0, "gt_roof_overlap": 0.0 }, "geometry": { "type": "Polygon", "coordinates": [ [ [ 80.4308943, 16.3070165 ], [ 80.4309014, 16.3070165 ], [ 80.4309014, 16.3070085 ], [ 80.4308943, 16.3070085 ], [ 80.4308943, 16.3070165 ] ] ] } },
{ "type": "Feature", "properties": { "label": "Pothole", "confidence": 0.28, "on_road": 0, "size_m": 1.0, "gt_road_overlap": 0.0, "gt_roof_overlap": 0.0 }, "geometry": { "type": "Polygon", "coordinates": [ [ [ 80.4310357, 16.3068566 ], [ 80.4310446, 16.3068566 ], [ 80.4310446, 16.3068506 ], [ 80.4310358, 16.3068506 ], [ 80.4310357, 16.3068566 ] ] ] } },
{ "type": "Feature", "properties": { "label": "Pothole", "confidence": 0.28, "on_road": 0, "size_m": 3.3, "gt_road_overlap": 0.008, "gt_roof_overlap": 0.427 }, "geometry": { "type": "Polygon", "coordinates": [ [ [ 80.4311444, 16.3071448 ], [ 80.4311751, 16.3071449 ], [ 80.4311752, 16.3071223 ], [ 80.4311445, 16.3071222 ], [ 80.4311444, 16.3071448 ] ] ] } },
{ "type": "Feature", "properties": { "label": "Pothole", "confidence": 0.26, "on_road": 0, "size_m": 0.8, "gt_road_overlap": 0.0, "gt_roof_overlap": 1.0 }, "geometry": { "type": "Polygon", "coordinates": [ [ [ 80.4312783, 16.3064411 ], [ 80.4312857, 16.3064411 ], [ 80.4312858, 16.3064354 ], [ 80.4312783, 16.3064353 ], [ 80.4312783, 16.3064411 ] ] ] } },
{ "type": "Feature", "properties": { "label": "Pothole", "confidence": 0.26, "on_road": 1, "size_m": 0.8, "gt_road_overlap": 1.0, "gt_roof_overlap": 0.0 }, "geometry": { "type": "Polygon", "coordinates": [ [ [ 80.4310273, 16.3069413 ], [ 80.4310347, 16.3069413 ], [ 80.4310348, 16.3069351 ], [ 80.4310273, 16.3069351 ], [ 80.4310273, 16.3069413 ] ] ] } },
{ "type": "Feature", "properties": { "label": "Pothole", "confidence": 0.76, "on_road": 0, "size_m": 0.8, "gt_road_overlap": 0.0, "gt_roof_overlap": 0.0 }, "geometry": { "type": "Polygon", "coordinates": [ [ [ 80.4329717, 16.306591 ], [ 80.4329796, 16.3065911 ], [ 80.4329796, 16.3065861 ], [ 80.4329717, 16.3065861 ], [ 80.4329717, 16.306591 ] ] ] } },
{ "type": "Feature", "properties": { "label": "Pothole", "confidence": 0.69, "on_road": 1, "size_m": 1.4, "gt_road_overlap": 0.373, "gt_roof_overlap": 0.0 }, "geometry": { "type": "Polygon", "coordinates": [ [ [ 80.4326673, 16.3063392 ], [ 80.4326766, 16.3063393 ], [ 80.4326767, 16.3063266 ], [ 80.4326673, 16.3063266 ], [ 80.4326673, 16.3063392 ] ] ] } },
{ "type": "Feature", "properties": { "label": "Pothole", "confidence": 0.64, "on_road": 0, "size_m": 5.6, "gt_road_overlap": 0.0, "gt_roof_overlap": 0.0 }, "geometry": { "type": "Polygon", "coordinates": [ [ [ 80.4327967, 16.3064456 ], [ 80.4328489, 16.3064457 ], [ 80.432849, 16.3064262 ], [ 80.4327968, 16.306426 ], [ 80.4327967, 16.3064456 ] ] ] } },
{ "type": "Feature", "properties": { "label": "Pothole", "confidence": 0.61, "on_road": 0, "size_m": 2.0, "gt_road_overlap": 0.0, "gt_roof_overlap": 0.0 }, "geometry": { "type": "Polygon", "coordinates": [ [ [ 80.4329526, 16.306651 ], [ 80.4329691, 16.3066511 ], [ 80.4329692, 16.306633 ], [ 80.4329527, 16.3066329 ], [ 80.4329526, 16.306651 ] ] ] } },
{ "type": "Feature", "properties": { "label": "Pothole", "confidence": 0.59, "on_road": 0, "size_m": 0.7, "gt_road_overlap": 0.0, "gt_roof_overlap": 0.0 }, "geometry": { "type": "Polygon", "coordinates": [ [ [ 80.4326735, 16.3063073 ], [ 80.4326798, 16.3063074 ], [ 80.4326798, 16.3063011 ], [ 80.4326736, 16.3063011 ], [ 80.4326735, 16.3063073 ] ] ] } },
{ "type": "Feature", "properties": { "label": "Pothole", "confidence": 0.56, "on_road": 1, "size_m": 1.6, "gt_road_overlap": 1.0, "gt_roof_overlap": 0.0 }, "geometry": { "type": "Polygon", "coordinates": [ [ [ 80.4326925, 16.3065892 ], [ 80.4327048, 16.3065892 ], [ 80.4327049, 16.3065751 ], [ 80.4326925, 16.3065751 ], [ 80.4326925, 16.3065892 ] ] ] } },
{ "type": "Feature", "properties": { "label": "Pothole", "confidence": 0.53, "on_road": 1, "size_m": 1.0, "gt_road_overlap": 1.0, "gt_roof_overlap": 0.0 }, "geometry": { "type": "Polygon", "coordinates": [ [ [ 80.4332955, 16.3060871 ], [ 80.4333049, 16.3060871 ], [ 80.4333049, 16.3060814 ], [ 80.4332955, 16.3060813 ], [ 80.4332955, 16.3060871 ] ] ] } },
{ "type": "Feature", "properties": { "label": "Pothole", "confidence": 0.52, "on_road": 1, "size_m": 0.8, "gt_road_overlap": 1.0, "gt_roof_overlap": 0.0 }, "geometry": { "type": "Polygon", "coordinates": [ [ [ 80.4327334, 16.3065804 ], [ 80.43274, 16.3065804 ], [ 80.43274, 16.3065731 ], [ 80.4327334, 16.3065731 ], [ 80.4327334, 16.3065804 ] ] ] } },
{ "type": "Feature", "properties": { "label": "Pothole", "confidence": 0.46, "on_road": 1, "size_m": 0.6, "gt_road_overlap": 1.0, "gt_roof_overlap": 0.0 }, "geometry": { "type": "Polygon", "coordinates": [ [ [ 80.4327935, 16.3069236 ], [ 80.4327983, 16.3069236 ], [ 80.4327983, 16.3069182 ], [ 80.4327935, 16.3069182 ], [ 80.4327935, 16.3069236 ] ] ] } },
{ "type": "Feature", "properties": { "label": "Transverse crack", "confidence": 0.42, "on_road": 0, "size_m": 19.5, "gt_road_overlap": 0.0, "gt_roof_overlap": 0.217 }, "geometry": { "type": "Polygon", "coordinates": [ [ [ 80.4326717, 16.3061771 ], [ 80.432854, 16.3061776 ], [ 80.4328542, 16.3061241 ], [ 80.4326719, 16.3061236 ], [ 80.4326717, 16.3061771 ] ] ] } },
{ "type": "Feature", "properties": { "label": "Pothole", "confidence": 0.42, "on_road": 0, "size_m": 2.4, "gt_road_overlap": 0.051, "gt_roof_overlap": 0.0 }, "geometry": { "type": "Polygon", "coordinates": [ [ [ 80.4326885, 16.3064462 ], [ 80.432705, 16.3064462 ], [ 80.432705, 16.3064249 ], [ 80.4326886, 16.3064248 ], [ 80.4326885, 16.3064462 ] ] ] } },
{ "type": "Feature", "properties": { "label": "Pothole", "confidence": 0.37, "on_road": 1, "size_m": 1.1, "gt_road_overlap": 0.578, "gt_roof_overlap": 0.0 }, "geometry": { "type": "Polygon", "coordinates": [ [ [ 80.4328343, 16.306512 ], [ 80.4328444, 16.306512 ], [ 80.4328445, 16.3065055 ], [ 80.4328344, 16.3065055 ], [ 80.4328343, 16.306512 ] ] ] } },
{ "type": "Feature", "properties": { "label": "Longitudinal crack", "confidence": 0.35, "on_road": 0, "size_m": 6.7, "gt_road_overlap": 0.0, "gt_roof_overlap": 1.0 }, "geometry": { "type": "Polygon", "coordinates": [ [ [ 80.4329719, 16.3069288 ], [ 80.4329984, 16.3069288 ], [ 80.4329986, 16.3068684 ], [ 80.432972, 16.3068684 ], [ 80.4329719, 16.3069288 ] ] ] } },
{ "type": "Feature", "properties": { "label": "Longitudinal crack", "confidence": 0.77, "on_road": 0, "size_m": 16.0, "gt_road_overlap": 0.0, "gt_roof_overlap": 0.0 }, "geometry": { "type": "Polygon", "coordinates": [ [ [ 80.433687, 16.3070964 ], [ 80.4337842, 16.3070966 ], [ 80.4337846, 16.3069519 ], [ 80.4336874, 16.3069517 ], [ 80.433687, 16.3070964 ] ] ] } },
{ "type": "Feature", "properties": { "label": "Alligator crack", "confidence": 0.55, "on_road": 0, "size_m": 18.6, "gt_road_overlap": 0.0, "gt_roof_overlap": 0.0 }, "geometry": { "type": "Polygon", "coordinates": [ [ [ 80.4339946, 16.3065476 ], [ 80.4340904, 16.3065478 ], [ 80.4340909, 16.3063793 ], [ 80.433995, 16.306379 ], [ 80.4339946, 16.3065476 ] ] ] } },
{ "type": "Feature", "properties": { "label": "Pothole", "confidence": 0.53, "on_road": 0, "size_m": 3.0, "gt_road_overlap": 0.0, "gt_roof_overlap": 0.0 }, "geometry": { "type": "Polygon", "coordinates": [ [ [ 80.4342585, 16.3065633 ], [ 80.4342798, 16.3065634 ], [ 80.4342799, 16.3065364 ], [ 80.4342586, 16.3065364 ], [ 80.4342585, 16.3065633 ] ] ] } },
{ "type": "Feature", "properties": { "label": "Pothole", "confidence": 0.46, "on_road": 0, "size_m": 1.8, "gt_road_overlap": 0.0, "gt_roof_overlap": 0.0 }, "geometry": { "type": "Polygon", "coordinates": [ [ [ 80.4341888, 16.3065951 ], [ 80.434206, 16.3065952 ], [ 80.434206, 16.3065847 ], [ 80.4341888, 16.3065846 ], [ 80.4341888, 16.3065951 ] ] ] } },
{ "type": "Feature", "properties": { "label": "Longitudinal crack", "confidence": 0.33, "on_road": 0, "size_m": 15.4, "gt_road_overlap": 0.0, "gt_roof_overlap": 0.0 }, "geometry": { "type": "Polygon", "coordinates": [ [ [ 80.4344347, 16.3069375 ], [ 80.434471, 16.3069376 ], [ 80.4344714, 16.3067987 ], [ 80.4344351, 16.3067986 ], [ 80.4344347, 16.3069375 ] ] ] } },
{ "type": "Feature", "properties": { "label": "Pothole", "confidence": 0.32, "on_road": 1, "size_m": 1.0, "gt_road_overlap": 0.41, "gt_roof_overlap": 0.0 }, "geometry": { "type": "Polygon", "coordinates": [ [ [ 80.4345791, 16.3058747 ], [ 80.434587, 16.3058747 ], [ 80.434587, 16.3058653 ], [ 80.4345791, 16.3058653 ], [ 80.4345791, 16.3058747 ] ] ] } },
{ "type": "Feature", "properties": { "label": "Longitudinal crack", "confidence": 0.3, "on_road": 0, "size_m": 7.4, "gt_road_overlap": 0.0, "gt_roof_overlap": 0.0 }, "geometry": { "type": "Polygon", "coordinates": [ [ [ 80.4344349, 16.3069392 ], [ 80.4344637, 16.3069393 ], [ 80.4344639, 16.3068724 ], [ 80.4344351, 16.3068723 ], [ 80.4344349, 16.3069392 ] ] ] } },
{ "type": "Feature", "properties": { "label": "Pothole", "confidence": 0.3, "on_road": 0, "size_m": 5.8, "gt_road_overlap": 1.0, "gt_roof_overlap": 0.0 }, "geometry": { "type": "Polygon", "coordinates": [ [ [ 80.4335099, 16.3063516 ], [ 80.4335644, 16.3063518 ], [ 80.4335644, 16.3063303 ], [ 80.4335099, 16.3063301 ], [ 80.4335099, 16.3063516 ] ] ] } },
{ "type": "Feature", "properties": { "label": "Pothole", "confidence": 0.3, "on_road": 0, "size_m": 1.3, "gt_road_overlap": 0.0, "gt_roof_overlap": 0.0 }, "geometry": { "type": "Polygon", "coordinates": [ [ [ 80.433544, 16.3067408 ], [ 80.4335536, 16.3067409 ], [ 80.4335536, 16.3067293 ], [ 80.4335441, 16.3067293 ], [ 80.433544, 16.3067408 ] ] ] } },
{ "type": "Feature", "properties": { "label": "Pothole", "confidence": 0.27, "on_road": 0, "size_m": 3.1, "gt_road_overlap": 0.0, "gt_roof_overlap": 0.0 }, "geometry": { "type": "Polygon", "coordinates": [ [ [ 80.4337406, 16.3065986 ], [ 80.4337694, 16.3065987 ], [ 80.4337694, 16.3065874 ], [ 80.4337406, 16.3065873 ], [ 80.4337406, 16.3065986 ] ] ] } },
{ "type": "Feature", "properties": { "label": "Pothole", "confidence": 0.27, "on_road": 0, "size_m": 1.9, "gt_road_overlap": 0.0, "gt_roof_overlap": 0.0 }, "geometry": { "type": "Polygon", "coordinates": [ [ [ 80.4341803, 16.3069895 ], [ 80.4341979, 16.3069895 ], [ 80.434198, 16.306978 ], [ 80.4341804, 16.3069779 ], [ 80.4341803, 16.3069895 ] ] ] } },
{ "type": "Feature", "properties": { "label": "Pothole", "confidence": 0.25, "on_road": 0, "size_m": 1.3, "gt_road_overlap": 0.0, "gt_roof_overlap": 1.0 }, "geometry": { "type": "Polygon", "coordinates": [ [ [ 80.4345636, 16.3063422 ], [ 80.4345756, 16.3063422 ], [ 80.4345756, 16.3063307 ], [ 80.4345636, 16.3063306 ], [ 80.4345636, 16.3063422 ] ] ] } },
{ "type": "Feature", "properties": { "label": "Pothole", "confidence": 0.73, "on_road": 1, "size_m": 1.4, "gt_road_overlap": 1.0, "gt_roof_overlap": 0.0 }, "geometry": { "type": "Polygon", "coordinates": [ [ [ 80.4361476, 16.3059156 ], [ 80.4361611, 16.3059156 ], [ 80.4361611, 16.3059037 ], [ 80.4361476, 16.3059037 ], [ 80.4361476, 16.3059156 ] ] ] } },
{ "type": "Feature", "properties": { "label": "Pothole", "confidence": 0.46, "on_road": 0, "size_m": 0.7, "gt_road_overlap": 0.0, "gt_roof_overlap": 0.0 }, "geometry": { "type": "Polygon", "coordinates": [ [ [ 80.4359047, 16.3070643 ], [ 80.4359109, 16.3070644 ], [ 80.4359109, 16.3070578 ], [ 80.4359047, 16.3070577 ], [ 80.4359047, 16.3070643 ] ] ] } },
{ "type": "Feature", "properties": { "label": "Pothole", "confidence": 0.4, "on_road": 0, "size_m": 2.4, "gt_road_overlap": 0.0, "gt_roof_overlap": 0.0 }, "geometry": { "type": "Polygon", "coordinates": [ [ [ 80.4354053, 16.306532 ], [ 80.4354278, 16.3065321 ], [ 80.4354278, 16.3065205 ], [ 80.4354054, 16.3065204 ], [ 80.4354053, 16.306532 ] ] ] } },
{ "type": "Feature", "properties": { "label": "Pothole", "confidence": 0.4, "on_road": 1, "size_m": 1.2, "gt_road_overlap": 1.0, "gt_roof_overlap": 0.0 }, "geometry": { "type": "Polygon", "coordinates": [ [ [ 80.4359614, 16.3061724 ], [ 80.4359696, 16.3061724 ], [ 80.4359696, 16.3061615 ], [ 80.4359614, 16.3061615 ], [ 80.4359614, 16.3061724 ] ] ] } },
{ "type": "Feature", "properties": { "label": "Pothole", "confidence": 0.39, "on_road": 0, "size_m": 0.8, "gt_road_overlap": 0.0, "gt_roof_overlap": 0.0 }, "geometry": { "type": "Polygon", "coordinates": [ [ [ 80.4354274, 16.3058818 ], [ 80.4354351, 16.3058819 ], [ 80.4354351, 16.3058743 ], [ 80.4354274, 16.3058742 ], [ 80.4354274, 16.3058818 ] ] ] } },
{ "type": "Feature", "properties": { "label": "Pothole", "confidence": 0.37, "on_road": 1, "size_m": 0.7, "gt_road_overlap": 1.0, "gt_roof_overlap": 0.0 }, "geometry": { "type": "Polygon", "coordinates": [ [ [ 80.4350703, 16.3060085 ], [ 80.4350756, 16.3060085 ], [ 80.4350756, 16.3060024 ], [ 80.4350703, 16.3060024 ], [ 80.4350703, 16.3060085 ] ] ] } },
{ "type": "Feature", "properties": { "label": "Pothole", "confidence": 0.36, "on_road": 0, "size_m": 0.8, "gt_road_overlap": 0.0, "gt_roof_overlap": 0.0 }, "geometry": { "type": "Polygon", "coordinates": [ [ [ 80.4355766, 16.3063233 ], [ 80.4355818, 16.3063233 ], [ 80.4355818, 16.3063161 ], [ 80.4355766, 16.3063161 ], [ 80.4355766, 16.3063233 ] ] ] } },
{ "type": "Feature", "properties": { "label": "Pothole", "confidence": 0.36, "on_road": 0, "size_m": 1.1, "gt_road_overlap": 0.0, "gt_roof_overlap": 0.0 }, "geometry": { "type": "Polygon", "coordinates": [ [ [ 80.4349577, 16.306651 ], [ 80.4349636, 16.306651 ], [ 80.4349637, 16.3066413 ], [ 80.4349577, 16.3066413 ], [ 80.4349577, 16.306651 ] ] ] } },
{ "type": "Feature", "properties": { "label": "Pothole", "confidence": 0.33, "on_road": 0, "size_m": 2.0, "gt_road_overlap": 0.0, "gt_roof_overlap": 0.0 }, "geometry": { "type": "Polygon", "coordinates": [ [ [ 80.4348215, 16.3066179 ], [ 80.4348398, 16.3066179 ], [ 80.4348398, 16.3066071 ], [ 80.4348215, 16.306607 ], [ 80.4348215, 16.3066179 ] ] ] } },
{ "type": "Feature", "properties": { "label": "Pothole", "confidence": 0.32, "on_road": 0, "size_m": 1.0, "gt_road_overlap": 0.0, "gt_roof_overlap": 0.0 }, "geometry": { "type": "Polygon", "coordinates": [ [ [ 80.4359844, 16.3071115 ], [ 80.4359928, 16.3071115 ], [ 80.4359929, 16.3071025 ], [ 80.4359844, 16.3071024 ], [ 80.4359844, 16.3071115 ] ] ] } },
{ "type": "Feature", "properties": { "label": "Pothole", "confidence": 0.31, "on_road": 0, "size_m": 3.3, "gt_road_overlap": 0.0, "gt_roof_overlap": 0.0 }, "geometry": { "type": "Polygon", "coordinates": [ [ [ 80.4354213, 16.3059073 ], [ 80.4354518, 16.3059074 ], [ 80.4354519, 16.3058777 ], [ 80.4354213, 16.3058777 ], [ 80.4354213, 16.3059073 ] ] ] } },
{ "type": "Feature", "properties": { "label": "Pothole", "confidence": 0.3, "on_road": 0, "size_m": 0.8, "gt_road_overlap": 0.0, "gt_roof_overlap": 0.0 }, "geometry": { "type": "Polygon", "coordinates": [ [ [ 80.4358845, 16.3071004 ], [ 80.4358909, 16.3071004 ], [ 80.4358909, 16.3070933 ], [ 80.4358845, 16.3070933 ], [ 80.4358845, 16.3071004 ] ] ] } },
{ "type": "Feature", "properties": { "label": "Pothole", "confidence": 0.3, "on_road": 0, "size_m": 5.6, "gt_road_overlap": 0.052, "gt_roof_overlap": 0.0 }, "geometry": { "type": "Polygon", "coordinates": [ [ [ 80.4358736, 16.3064173 ], [ 80.4359261, 16.3064174 ], [ 80.4359262, 16.3063856 ], [ 80.4358737, 16.3063855 ], [ 80.4358736, 16.3064173 ] ] ] } },
{ "type": "Feature", "properties": { "label": "Pothole", "confidence": 0.29, "on_road": 0, "size_m": 1.2, "gt_road_overlap": 0.0, "gt_roof_overlap": 0.0 }, "geometry": { "type": "Polygon", "coordinates": [ [ [ 80.4360551, 16.3059202 ], [ 80.436066, 16.3059202 ], [ 80.436066, 16.3059108 ], [ 80.4360551, 16.3059108 ], [ 80.4360551, 16.3059202 ] ] ] } },
{ "type": "Feature", "properties": { "label": "Pothole", "confidence": 0.28, "on_road": 1, "size_m": 0.7, "gt_road_overlap": 1.0, "gt_roof_overlap": 0.0 }, "geometry": { "type": "Polygon", "coordinates": [ [ [ 80.4350968, 16.3059981 ], [ 80.4351034, 16.3059981 ], [ 80.4351034, 16.3059916 ], [ 80.4350968, 16.3059916 ], [ 80.4350968, 16.3059981 ] ] ] } },
{ "type": "Feature", "properties": { "label": "Pothole", "confidence": 0.26, "on_road": 0, "size_m": 3.8, "gt_road_overlap": 0.0, "gt_roof_overlap": 0.0 }, "geometry": { "type": "Polygon", "coordinates": [ [ [ 80.4356977, 16.3067072 ], [ 80.4357187, 16.3067072 ], [ 80.4357188, 16.3066732 ], [ 80.4356978, 16.3066732 ], [ 80.4356977, 16.3067072 ] ] ] } },
{ "type": "Feature", "properties": { "label": "Pothole", "confidence": 0.25, "on_road": 0, "size_m": 0.9, "gt_road_overlap": 0.0, "gt_roof_overlap": 0.0 }, "geometry": { "type": "Polygon", "coordinates": [ [ [ 80.4357127, 16.3064743 ], [ 80.4357213, 16.3064744 ], [ 80.4357213, 16.3064673 ], [ 80.4357127, 16.3064673 ], [ 80.4357127, 16.3064743 ] ] ] } },
{ "type": "Feature", "properties": { "label": "Pothole", "confidence": 0.25, "on_road": 0, "size_m": 1.6, "gt_road_overlap": 0.0, "gt_roof_overlap": 0.0 }, "geometry": { "type": "Polygon", "coordinates": [ [ [ 80.4358717, 16.3070875 ], [ 80.4358802, 16.3070875 ], [ 80.4358803, 16.3070727 ], [ 80.4358717, 16.3070727 ], [ 80.4358717, 16.3070875 ] ] ] } },
{ "type": "Feature", "properties": { "label": "Pothole", "confidence": 0.91, "on_road": 0, "size_m": 4.2, "gt_road_overlap": 1.0, "gt_roof_overlap": 0.0 }, "geometry": { "type": "Polygon", "coordinates": [ [ [ 80.4362004, 16.3071658 ], [ 80.4362333, 16.3071659 ], [ 80.4362334, 16.3071279 ], [ 80.4362005, 16.3071278 ], [ 80.4362004, 16.3071658 ] ] ] } },
{ "type": "Feature", "properties": { "label": "Pothole", "confidence": 0.81, "on_road": 1, "size_m": 3.9, "gt_road_overlap": 1.0, "gt_roof_overlap": 0.0 }, "geometry": { "type": "Polygon", "coordinates": [ [ [ 80.4362365, 16.307095 ], [ 80.4362624, 16.307095 ], [ 80.4362625, 16.3070601 ], [ 80.4362366, 16.3070601 ], [ 80.4362365, 16.307095 ] ] ] } },
{ "type": "Feature", "properties": { "label": "Pothole", "confidence": 0.76, "on_road": 1, "size_m": 4.0, "gt_road_overlap": 1.0, "gt_roof_overlap": 0.0 }, "geometry": { "type": "Polygon", "coordinates": [ [ [ 80.436265, 16.3070406 ], [ 80.4362949, 16.3070407 ], [ 80.436295, 16.3070045 ], [ 80.4362651, 16.3070045 ], [ 80.436265, 16.3070406 ] ] ] } },
{ "type": "Feature", "properties": { "label": "Pothole", "confidence": 0.73, "on_road": 0, "size_m": 4.1, "gt_road_overlap": 0.0, "gt_roof_overlap": 1.0 }, "geometry": { "type": "Polygon", "coordinates": [ [ [ 80.4369194, 16.3071342 ], [ 80.4369463, 16.3071343 ], [ 80.4369464, 16.307097 ], [ 80.4369195, 16.307097 ], [ 80.4369194, 16.3071342 ] ] ] } },
{ "type": "Feature", "properties": { "label": "Pothole", "confidence": 0.65, "on_road": 1, "size_m": 1.2, "gt_road_overlap": 0.817, "gt_roof_overlap": 0.0 }, "geometry": { "type": "Polygon", "coordinates": [ [ [ 80.4366077, 16.306058 ], [ 80.4366186, 16.306058 ], [ 80.4366186, 16.3060482 ], [ 80.4366078, 16.3060482 ], [ 80.4366077, 16.306058 ] ] ] } },
{ "type": "Feature", "properties": { "label": "Pothole", "confidence": 0.64, "on_road": 0, "size_m": 1.2, "gt_road_overlap": 0.0, "gt_roof_overlap": 1.0 }, "geometry": { "type": "Polygon", "coordinates": [ [ [ 80.4368887, 16.306979 ], [ 80.4368985, 16.306979 ], [ 80.4368985, 16.3069686 ], [ 80.4368888, 16.3069685 ], [ 80.4368887, 16.306979 ] ] ] } },
{ "type": "Feature", "properties": { "label": "Pothole", "confidence": 0.62, "on_road": 0, "size_m": 0.8, "gt_road_overlap": 0.0, "gt_roof_overlap": 1.0 }, "geometry": { "type": "Polygon", "coordinates": [ [ [ 80.4370651, 16.306242 ], [ 80.4370698, 16.306242 ], [ 80.4370698, 16.3062352 ], [ 80.4370652, 16.3062351 ], [ 80.4370651, 16.306242 ] ] ] } },
{ "type": "Feature", "properties": { "label": "Pothole", "confidence": 0.55, "on_road": 0, "size_m": 0.8, "gt_road_overlap": 0.0, "gt_roof_overlap": 1.0 }, "geometry": { "type": "Polygon", "coordinates": [ [ [ 80.4370371, 16.3062287 ], [ 80.437042, 16.3062288 ], [ 80.437042, 16.3062215 ], [ 80.4370371, 16.3062215 ], [ 80.4370371, 16.3062287 ] ] ] } },
{ "type": "Feature", "properties": { "label": "Pothole", "confidence": 0.54, "on_road": 0, "size_m": 7.0, "gt_road_overlap": 0.13, "gt_roof_overlap": 0.0 }, "geometry": { "type": "Polygon", "coordinates": [ [ [ 80.4373726, 16.3059702 ], [ 80.4374385, 16.3059704 ], [ 80.4374385, 16.3059411 ], [ 80.4373726, 16.3059409 ], [ 80.4373726, 16.3059702 ] ] ] } },
{ "type": "Feature", "properties": { "label": "Pothole", "confidence": 0.54, "on_road": 0, "size_m": 2.7, "gt_road_overlap": 0.0, "gt_roof_overlap": 0.0 }, "geometry": { "type": "Polygon", "coordinates": [ [ [ 80.4372177, 16.3063015 ], [ 80.4372427, 16.3063016 ], [ 80.4372428, 16.3062875 ], [ 80.4372177, 16.3062874 ], [ 80.4372177, 16.3063015 ] ] ] } },
{ "type": "Feature", "properties": { "label": "Pothole", "confidence": 0.51, "on_road": 0, "size_m": 0.5, "gt_road_overlap": 0.0, "gt_roof_overlap": 0.0 }, "geometry": { "type": "Polygon", "coordinates": [ [ [ 80.4361857, 16.3060005 ], [ 80.4361906, 16.3060005 ], [ 80.4361906, 16.3059956 ], [ 80.4361858, 16.3059956 ], [ 80.4361857, 16.3060005 ] ] ] } },
{ "type": "Feature", "properties": { "label": "Pothole", "confidence": 0.46, "on_road": 0, "size_m": 4.4, "gt_road_overlap": 1.0, "gt_roof_overlap": 0.0 }, "geometry": { "type": "Polygon", "coordinates": [ [ [ 80.4366922, 16.3063172 ], [ 80.436715, 16.3063172 ], [ 80.4367151, 16.306277 ], [ 80.4366923, 16.306277 ], [ 80.4366922, 16.3063172 ] ] ] } },
{ "type": "Feature", "properties": { "label": "Pothole", "confidence": 0.46, "on_road": 1, "size_m": 1.0, "gt_road_overlap": 1.0, "gt_roof_overlap": 0.0 }, "geometry": { "type": "Polygon", "coordinates": [ [ [ 80.4370129, 16.306766 ], [ 80.4370211, 16.306766 ], [ 80.4370212, 16.3067573 ], [ 80.4370129, 16.3067573 ], [ 80.4370129, 16.306766 ] ] ] } },
{ "type": "Feature", "properties": { "label": "Pothole", "confidence": 0.42, "on_road": 0, "size_m": 1.0, "gt_road_overlap": 0.0, "gt_roof_overlap": 0.165 }, "geometry": { "type": "Polygon", "coordinates": [ [ [ 80.4373198, 16.3060933 ], [ 80.4373292, 16.3060934 ], [ 80.4373292, 16.3060854 ], [ 80.4373198, 16.3060854 ], [ 80.4373198, 16.3060933 ] ] ] } },
{ "type": "Feature", "properties": { "label": "Pothole", "confidence": 0.35, "on_road": 0, "size_m": 4.6, "gt_road_overlap": 1.0, "gt_roof_overlap": 0.0 }, "geometry": { "type": "Polygon", "coordinates": [ [ [ 80.4365678, 16.3071344 ], [ 80.4365873, 16.3071344 ], [ 80.4365874, 16.3070927 ], [ 80.4365679, 16.3070926 ], [ 80.4365678, 16.3071344 ] ] ] } },
{ "type": "Feature", "properties": { "label": "Pothole", "confidence": 0.34, "on_road": 1, "size_m": 0.6, "gt_road_overlap": 1.0, "gt_roof_overlap": 0.0 }, "geometry": { "type": "Polygon", "coordinates": [ [ [ 80.4373423, 16.3060099 ], [ 80.4373468, 16.3060099 ], [ 80.4373468, 16.3060045 ], [ 80.4373423, 16.3060045 ], [ 80.4373423, 16.3060099 ] ] ] } },
{ "type": "Feature", "properties": { "label": "Pothole", "confidence": 0.29, "on_road": 0, "size_m": 0.7, "gt_road_overlap": 0.0, "gt_roof_overlap": 0.0 }, "geometry": { "type": "Polygon", "coordinates": [ [ [ 80.4364553, 16.306251 ], [ 80.4364613, 16.306251 ], [ 80.4364613, 16.306245 ], [ 80.4364553, 16.306245 ], [ 80.4364553, 16.306251 ] ] ] } },
{ "type": "Feature", "properties": { "label": "Pothole", "confidence": 0.28, "on_road": 0, "size_m": 2.6, "gt_road_overlap": 0.0, "gt_roof_overlap": 0.0 }, "geometry": { "type": "Polygon", "coordinates": [ [ [ 80.4361677, 16.3059765 ], [ 80.4361909, 16.3059765 ], [ 80.4361909, 16.305953 ], [ 80.4361677, 16.305953 ], [ 80.4361677, 16.3059765 ] ] ] } },
{ "type": "Feature", "properties": { "label": "Pothole", "confidence": 0.27, "on_road": 0, "size_m": 1.0, "gt_road_overlap": 0.0, "gt_roof_overlap": 0.0 }, "geometry": { "type": "Polygon", "coordinates": [ [ [ 80.4365561, 16.3060385 ], [ 80.4365659, 16.3060386 ], [ 80.4365659, 16.3060328 ], [ 80.4365561, 16.3060327 ], [ 80.4365561, 16.3060385 ] ] ] } },
{ "type": "Feature", "properties": { "label": "Pothole", "confidence": 0.26, "on_road": 0, "size_m": 0.9, "gt_road_overlap": 0.0, "gt_roof_overlap": 0.0 }, "geometry": { "type": "Polygon", "coordinates": [ [ [ 80.4364109, 16.3059857 ], [ 80.4364189, 16.3059857 ], [ 80.4364189, 16.3059778 ], [ 80.4364109, 16.3059778 ], [ 80.4364109, 16.3059857 ] ] ] } },
{ "type": "Feature", "properties": { "label": "Pothole", "confidence": 0.91, "on_road": 1, "size_m": 1.5, "gt_road_overlap": 1.0, "gt_roof_overlap": 0.0 }, "geometry": { "type": "Polygon", "coordinates": [ [ [ 80.4380045, 16.3067912 ], [ 80.4380172, 16.3067913 ], [ 80.4380173, 16.3067779 ], [ 80.4380045, 16.3067779 ], [ 80.4380045, 16.3067912 ] ] ] } },
{ "type": "Feature", "properties": { "label": "Pothole", "confidence": 0.88, "on_road": 1, "size_m": 1.4, "gt_road_overlap": 1.0, "gt_roof_overlap": 0.0 }, "geometry": { "type": "Polygon", "coordinates": [ [ [ 80.4385095, 16.3070309 ], [ 80.4385199, 16.3070309 ], [ 80.43852, 16.3070179 ], [ 80.4385095, 16.3070179 ], [ 80.4385095, 16.3070309 ] ] ] } },
{ "type": "Feature", "properties": { "label": "Pothole", "confidence": 0.83, "on_road": 1, "size_m": 1.2, "gt_road_overlap": 1.0, "gt_roof_overlap": 0.0 }, "geometry": { "type": "Polygon", "coordinates": [ [ [ 80.438695, 16.3061576 ], [ 80.4387063, 16.3061576 ], [ 80.4387063, 16.3061464 ], [ 80.4386951, 16.3061464 ], [ 80.438695, 16.3061576 ] ] ] } },
{ "type": "Feature", "properties": { "label": "Pothole", "confidence": 0.58, "on_road": 1, "size_m": 0.5, "gt_road_overlap": 1.0, "gt_roof_overlap": 0.0 }, "geometry": { "type": "Polygon", "coordinates": [ [ [ 80.4384516, 16.3069676 ], [ 80.4384561, 16.3069676 ], [ 80.4384561, 16.3069633 ], [ 80.4384516, 16.3069633 ], [ 80.4384516, 16.3069676 ] ] ] } },
{ "type": "Feature", "properties": { "label": "Pothole", "confidence": 0.55, "on_road": 0, "size_m": 2.0, "gt_road_overlap": 0.0, "gt_roof_overlap": 0.0 }, "geometry": { "type": "Polygon", "coordinates": [ [ [ 80.4385831, 16.3064111 ], [ 80.4386017, 16.3064112 ], [ 80.4386018, 16.306396 ], [ 80.4385832, 16.3063959 ], [ 80.4385831, 16.3064111 ] ] ] } },
{ "type": "Feature", "properties": { "label": "Pothole", "confidence": 0.55, "on_road": 0, "size_m": 2.2, "gt_road_overlap": 0.0, "gt_roof_overlap": 1.0 }, "geometry": { "type": "Polygon", "coordinates": [ [ [ 80.4380228, 16.3059538 ], [ 80.4380429, 16.3059539 ], [ 80.4380429, 16.3059405 ], [ 80.4380228, 16.3059405 ], [ 80.4380228, 16.3059538 ] ] ] } },
{ "type": "Feature", "properties": { "label": "Pothole", "confidence": 0.42, "on_road": 1, "size_m": 0.9, "gt_road_overlap": 1.0, "gt_roof_overlap": 0.0 }, "geometry": { "type": "Polygon", "coordinates": [ [ [ 80.4377693, 16.307147 ], [ 80.4377777, 16.307147 ], [ 80.4377778, 16.3071398 ], [ 80.4377693, 16.3071397 ], [ 80.4377693, 16.307147 ] ] ] } },
{ "type": "Feature", "properties": { "label": "Pothole", "confidence": 0.42, "on_road": 1, "size_m": 1.3, "gt_road_overlap": 0.798, "gt_roof_overlap": 0.0 }, "geometry": { "type": "Polygon", "coordinates": [ [ [ 80.4383776, 16.3070068 ], [ 80.43839, 16.3070069 ], [ 80.43839, 16.3069953 ], [ 80.4383777, 16.3069953 ], [ 80.4383776, 16.3070068 ] ] ] } },
{ "type": "Feature", "properties": { "label": "Pothole", "confidence": 0.42, "on_road": 1, "size_m": 1.1, "gt_road_overlap": 0.899, "gt_roof_overlap": 0.0 }, "geometry": { "type": "Polygon", "coordinates": [ [ [ 80.4382982, 16.3060213 ], [ 80.4383087, 16.3060213 ], [ 80.4383087, 16.3060141 ], [ 80.4382982, 16.3060141 ], [ 80.4382982, 16.3060213 ] ] ] } },
{ "type": "Feature", "properties": { "label": "Pothole", "confidence": 0.42, "on_road": 1, "size_m": 0.8, "gt_road_overlap": 1.0, "gt_roof_overlap": 0.0 }, "geometry": { "type": "Polygon", "coordinates": [ [ [ 80.4387022, 16.3071419 ], [ 80.4387085, 16.3071419 ], [ 80.4387085, 16.307135 ], [ 80.4387022, 16.307135 ], [ 80.4387022, 16.3071419 ] ] ] } },
{ "type": "Feature", "properties": { "label": "Pothole", "confidence": 0.41, "on_road": 1, "size_m": 1.8, "gt_road_overlap": 1.0, "gt_roof_overlap": 0.009 }, "geometry": { "type": "Polygon", "coordinates": [ [ [ 80.4382693, 16.3059223 ], [ 80.4382767, 16.3059223 ], [ 80.4382768, 16.3059061 ], [ 80.4382693, 16.3059061 ], [ 80.4382693, 16.3059223 ] ] ] } },
{ "type": "Feature", "properties": { "label": "Pothole", "confidence": 0.41, "on_road": 1, "size_m": 3.2, "gt_road_overlap": 1.0, "gt_roof_overlap": 0.014 }, "geometry": { "type": "Polygon", "coordinates": [ [ [ 80.437519, 16.3060712 ], [ 80.4375494, 16.3060713 ], [ 80.4375494, 16.3060503 ], [ 80.4375191, 16.3060502 ], [ 80.437519, 16.3060712 ] ] ] } },
{ "type": "Feature", "properties": { "label": "Pothole", "confidence": 0.38, "on_road": 0, "size_m": 1.3, "gt_road_overlap": 0.0, "gt_roof_overlap": 1.0 }, "geometry": { "type": "Polygon", "coordinates": [ [ [ 80.4379837, 16.3065813 ], [ 80.4379957, 16.3065813 ], [ 80.4379958, 16.3065693 ], [ 80.4379838, 16.3065693 ], [ 80.4379837, 16.3065813 ] ] ] } },
{ "type": "Feature", "properties": { "label": "Pothole", "confidence": 0.38, "on_road": 1, "size_m": 0.7, "gt_road_overlap": 1.0, "gt_roof_overlap": 0.0 }, "geometry": { "type": "Polygon", "coordinates": [ [ [ 80.4380615, 16.3064801 ], [ 80.4380679, 16.3064801 ], [ 80.4380679, 16.3064756 ], [ 80.4380616, 16.3064755 ], [ 80.4380615, 16.3064801 ] ] ] } },
{ "type": "Feature", "properties": { "label": "Pothole", "confidence": 0.36, "on_road": 0, "size_m": 4.2, "gt_road_overlap": 1.0, "gt_roof_overlap": 0.0 }, "geometry": { "type": "Polygon", "coordinates": [ [ [ 80.4383087, 16.3060087 ], [ 80.4383484, 16.3060088 ], [ 80.4383484, 16.3059943 ], [ 80.4383087, 16.3059942 ], [ 80.4383087, 16.3060087 ] ] ] } },
{ "type": "Feature", "properties": { "label": "Longitudinal crack", "confidence": 0.35, "on_road": 0, "size_m": 15.0, "gt_road_overlap": 0.0, "gt_roof_overlap": 0.971 }, "geometry": { "type": "Polygon", "coordinates": [ [ [ 80.4380737, 16.3071312 ], [ 80.4381459, 16.3071314 ], [ 80.4381463, 16.3069961 ], [ 80.4380741, 16.3069959 ], [ 80.4380737, 16.3071312 ] ] ] } },
{ "type": "Feature", "properties": { "label": "Pothole", "confidence": 0.35, "on_road": 1, "size_m": 1.0, "gt_road_overlap": 0.433, "gt_roof_overlap": 0.0 }, "geometry": { "type": "Polygon", "coordinates": [ [ [ 80.4384576, 16.3069552 ], [ 80.4384674, 16.3069552 ], [ 80.4384674, 16.3069469 ], [ 80.4384577, 16.3069468 ], [ 80.4384576, 16.3069552 ] ] ] } },
{ "type": "Feature", "properties": { "label": "Pothole", "confidence": 0.34, "on_road": 1, "size_m": 1.5, "gt_road_overlap": 1.0, "gt_roof_overlap": 0.0 }, "geometry": { "type": "Polygon", "coordinates": [ [ [ 80.4377974, 16.3070773 ], [ 80.4378073, 16.3070773 ], [ 80.4378073, 16.3070635 ], [ 80.4377974, 16.3070635 ], [ 80.4377974, 16.3070773 ] ] ] } },
{ "type": "Feature", "properties": { "label": "Pothole", "confidence": 0.34, "on_road": 0, "size_m": 4.6, "gt_road_overlap": 1.0, "gt_roof_overlap": 0.0 }, "geometry": { "type": "Polygon", "coordinates": [ [ [ 80.4385354, 16.3065865 ], [ 80.4385789, 16.3065866 ], [ 80.4385789, 16.3065618 ], [ 80.4385355, 16.3065617 ], [ 80.4385354, 16.3065865 ] ] ] } },
{ "type": "Feature", "properties": { "label": "Pothole", "confidence": 0.33, "on_road": 1, "size_m": 0.6, "gt_road_overlap": 1.0, "gt_roof_overlap": 0.0 }, "geometry": { "type": "Polygon", "coordinates": [ [ [ 80.4382845, 16.3060999 ], [ 80.4382882, 16.3061 ], [ 80.4382882, 16.3060944 ], [ 80.4382845, 16.3060944 ], [ 80.4382845, 16.3060999 ] ] ] } },
{ "type": "Feature", "properties": { "label": "Pothole", "confidence": 0.29, "on_road": 0, "size_m": 1.3, "gt_road_overlap": 0.0, "gt_roof_overlap": 1.0 }, "geometry": { "type": "Polygon", "coordinates": [ [ [ 80.4381123, 16.3059787 ], [ 80.4381248, 16.3059787 ], [ 80.4381249, 16.3059697 ], [ 80.4381123, 16.3059696 ], [ 80.4381123, 16.3059787 ] ] ] } },
{ "type": "Feature", "properties": { "label": "Pothole", "confidence": 0.27, "on_road": 0, "size_m": 1.0, "gt_road_overlap": 0.0, "gt_roof_overlap": 0.0 }, "geometry": { "type": "Polygon", "coordinates": [ [ [ 80.4381599, 16.3069117 ], [ 80.4381689, 16.3069117 ], [ 80.4381689, 16.3069042 ], [ 80.4381599, 16.3069042 ], [ 80.4381599, 16.3069117 ] ] ] } },
{ "type": "Feature", "properties": { "label": "Pothole", "confidence": 0.26, "on_road": 0, "size_m": 1.0, "gt_road_overlap": 0.0, "gt_roof_overlap": 1.0 }, "geometry": { "type": "Polygon", "coordinates": [ [ [ 80.4380625, 16.3069684 ], [ 80.4380694, 16.3069684 ], [ 80.4380694, 16.306959 ], [ 80.4380625, 16.306959 ], [ 80.4380625, 16.3069684 ] ] ] } },
{ "type": "Feature", "properties": { "label": "Pothole", "confidence": 0.26, "on_road": 0, "size_m": 5.0, "gt_road_overlap": 0.929, "gt_roof_overlap": 0.049 }, "geometry": { "type": "Polygon", "coordinates": [ [ [ 80.4383283, 16.3059733 ], [ 80.4383534, 16.3059733 ], [ 80.4383535, 16.3059285 ], [ 80.4383284, 16.3059284 ], [ 80.4383283, 16.3059733 ] ] ] } },
{ "type": "Feature", "properties": { "label": "Pothole", "confidence": 0.25, "on_road": 1, "size_m": 1.7, "gt_road_overlap": 1.0, "gt_roof_overlap": 0.0 }, "geometry": { "type": "Polygon", "coordinates": [ [ [ 80.4377763, 16.3070701 ], [ 80.4377919, 16.3070702 ], [ 80.4377919, 16.3070611 ], [ 80.4377764, 16.3070611 ], [ 80.4377763, 16.3070701 ] ] ] } },
{ "type": "Feature", "properties": { "label": "Pothole", "confidence": 0.72, "on_road": 1, "size_m": 1.3, "gt_road_overlap": 1.0, "gt_roof_overlap": 0.0 }, "geometry": { "type": "Polygon", "coordinates": [ [ [ 80.4397922, 16.3066643 ], [ 80.4398041, 16.3066644 ], [ 80.4398042, 16.3066552 ], [ 80.4397922, 16.3066552 ], [ 80.4397922, 16.3066643 ] ] ] } },
{ "type": "Feature", "properties": { "label": "Pothole", "confidence": 0.64, "on_road": 1, "size_m": 0.8, "gt_road_overlap": 1.0, "gt_roof_overlap": 0.0 }, "geometry": { "type": "Polygon", "coordinates": [ [ [ 80.439114, 16.3065799 ], [ 80.439119, 16.3065799 ], [ 80.439119, 16.3065729 ], [ 80.4391141, 16.3065729 ], [ 80.439114, 16.3065799 ] ] ] } },
{ "type": "Feature", "properties": { "label": "Pothole", "confidence": 0.38, "on_road": 1, "size_m": 0.6, "gt_road_overlap": 1.0, "gt_roof_overlap": 0.0 }, "geometry": { "type": "Polygon", "coordinates": [ [ [ 80.4394052, 16.3065382 ], [ 80.4394108, 16.3065383 ], [ 80.4394108, 16.3065325 ], [ 80.4394052, 16.3065325 ], [ 80.4394052, 16.3065382 ] ] ] } },
{ "type": "Feature", "properties": { "label": "Pothole", "confidence": 0.35, "on_road": 1, "size_m": 1.0, "gt_road_overlap": 1.0, "gt_roof_overlap": 0.0 }, "geometry": { "type": "Polygon", "coordinates": [ [ [ 80.4394784, 16.3070378 ], [ 80.4394877, 16.3070378 ], [ 80.4394877, 16.3070288 ], [ 80.4394784, 16.3070287 ], [ 80.4394784, 16.3070378 ] ] ] } },
{ "type": "Feature", "properties": { "label": "Pothole", "confidence": 0.34, "on_road": 1, "size_m": 1.1, "gt_road_overlap": 1.0, "gt_roof_overlap": 0.0 }, "geometry": { "type": "Polygon", "coordinates": [ [ [ 80.4394529, 16.3059745 ], [ 80.439463, 16.3059745 ], [ 80.4394631, 16.3059658 ], [ 80.439453, 16.3059658 ], [ 80.4394529, 16.3059745 ] ] ] } },
{ "type": "Feature", "properties": { "label": "Pothole", "confidence": 0.33, "on_road": 0, "size_m": 1.0, "gt_road_overlap": 0.0, "gt_roof_overlap": 0.334 }, "geometry": { "type": "Polygon", "coordinates": [ [ [ 80.440147, 16.3060403 ], [ 80.4401523, 16.3060403 ], [ 80.4401523, 16.3060309 ], [ 80.440147, 16.3060309 ], [ 80.440147, 16.3060403 ] ] ] } },
{ "type": "Feature", "properties": { "label": "Pothole", "confidence": 0.29, "on_road": 0, "size_m": 1.1, "gt_road_overlap": 0.0, "gt_roof_overlap": 1.0 }, "geometry": { "type": "Polygon", "coordinates": [ [ [ 80.4389518, 16.3061369 ], [ 80.4389619, 16.3061369 ], [ 80.4389619, 16.3061314 ], [ 80.4389518, 16.3061314 ], [ 80.4389518, 16.3061369 ] ] ] } },
{ "type": "Feature", "properties": { "label": "Pothole", "confidence": 0.28, "on_road": 1, "size_m": 1.5, "gt_road_overlap": 1.0, "gt_roof_overlap": 0.0 }, "geometry": { "type": "Polygon", "coordinates": [ [ [ 80.4393893, 16.3060978 ], [ 80.4394024, 16.3060978 ], [ 80.4394024, 16.3060841 ], [ 80.4393893, 16.306084 ], [ 80.4393893, 16.3060978 ] ] ] } },
{ "type": "Feature", "properties": { "label": "Pothole", "confidence": 0.25, "on_road": 0, "size_m": 0.7, "gt_road_overlap": 1.0, "gt_roof_overlap": 1.0 }, "geometry": { "type": "Polygon", "coordinates": [ [ [ 80.4401335, 16.3068382 ], [ 80.4401399, 16.3068382 ], [ 80.4401399, 16.3068321 ], [ 80.4401335, 16.3068321 ], [ 80.4401335, 16.3068382 ] ] ] } },
{ "type": "Feature", "properties": { "label": "Pothole", "confidence": 0.83, "on_road": 1, "size_m": 0.8, "gt_road_overlap": 1.0, "gt_roof_overlap": 0.0 }, "geometry": { "type": "Polygon", "coordinates": [ [ [ 80.4405946, 16.306587 ], [ 80.4406024, 16.3065871 ], [ 80.4406025, 16.3065795 ], [ 80.4405946, 16.3065794 ], [ 80.4405946, 16.306587 ] ] ] } },
{ "type": "Feature", "properties": { "label": "Pothole", "confidence": 0.77, "on_road": 1, "size_m": 0.9, "gt_road_overlap": 1.0, "gt_roof_overlap": 0.0 }, "geometry": { "type": "Polygon", "coordinates": [ [ [ 80.4407866, 16.3062033 ], [ 80.440795, 16.3062033 ], [ 80.440795, 16.306195 ], [ 80.4407866, 16.3061949 ], [ 80.4407866, 16.3062033 ] ] ] } },
{ "type": "Feature", "properties": { "label": "Pothole", "confidence": 0.74, "on_road": 1, "size_m": 0.9, "gt_road_overlap": 1.0, "gt_roof_overlap": 0.0 }, "geometry": { "type": "Polygon", "coordinates": [ [ [ 80.4404007, 16.3069744 ], [ 80.4404085, 16.3069744 ], [ 80.4404085, 16.3069661 ], [ 80.4404007, 16.3069661 ], [ 80.4404007, 16.3069744 ] ] ] } },
{ "type": "Feature", "properties": { "label": "Pothole", "confidence": 0.65, "on_road": 1, "size_m": 1.6, "gt_road_overlap": 1.0, "gt_roof_overlap": 0.0 }, "geometry": { "type": "Polygon", "coordinates": [ [ [ 80.4404401, 16.3068619 ], [ 80.4404534, 16.3068619 ], [ 80.4404535, 16.3068471 ], [ 80.4404402, 16.3068471 ], [ 80.4404401, 16.3068619 ] ] ] } },
{ "type": "Feature", "properties": { "label": "Pothole", "confidence": 0.62, "on_road": 0, "size_m": 0.7, "gt_road_overlap": 0.0, "gt_roof_overlap": 0.0 }, "geometry": { "type": "Polygon", "coordinates": [ [ [ 80.4410478, 16.3063307 ], [ 80.4410545, 16.3063308 ], [ 80.4410546, 16.3063243 ], [ 80.4410478, 16.3063243 ], [ 80.4410478, 16.3063307 ] ] ] } },
{ "type": "Feature", "properties": { "label": "Pothole", "confidence": 0.62, "on_road": 0, "size_m": 3.0, "gt_road_overlap": 0.0, "gt_roof_overlap": 0.0 }, "geometry": { "type": "Polygon", "coordinates": [ [ [ 80.4410303, 16.3062097 ], [ 80.441058, 16.3062098 ], [ 80.441058, 16.3061832 ], [ 80.4410304, 16.3061831 ], [ 80.4410303, 16.3062097 ] ] ] } },
{ "type": "Feature", "properties": { "label": "Pothole", "confidence": 0.55, "on_road": 0, "size_m": 0.9, "gt_road_overlap": 0.0, "gt_roof_overlap": 0.0 }, "geometry": { "type": "Polygon", "coordinates": [ [ [ 80.4407888, 16.3065932 ], [ 80.440797, 16.3065932 ], [ 80.4407971, 16.306585 ], [ 80.4407888, 16.306585 ], [ 80.4407888, 16.3065932 ] ] ] } },
{ "type": "Feature", "properties": { "label": "Pothole", "confidence": 0.52, "on_road": 1, "size_m": 0.8, "gt_road_overlap": 1.0, "gt_roof_overlap": 0.0 }, "geometry": { "type": "Polygon", "coordinates": [ [ [ 80.4404202, 16.3068983 ], [ 80.4404281, 16.3068983 ], [ 80.4404281, 16.3068914 ], [ 80.4404202, 16.3068914 ], [ 80.4404202, 16.3068983 ] ] ] } },
{ "type": "Feature", "properties": { "label": "Pothole", "confidence": 0.46, "on_road": 0, "size_m": 3.4, "gt_road_overlap": 0.0, "gt_roof_overlap": 0.0 }, "geometry": { "type": "Polygon", "coordinates": [ [ [ 80.4412346, 16.3070103 ], [ 80.4412668, 16.3070103 ], [ 80.4412668, 16.3069901 ], [ 80.4412346, 16.30699 ], [ 80.4412346, 16.3070103 ] ] ] } },
{ "type": "Feature", "properties": { "label": "Pothole", "confidence": 0.46, "on_road": 0, "size_m": 1.0, "gt_road_overlap": 0.0, "gt_roof_overlap": 0.0 }, "geometry": { "type": "Polygon", "coordinates": [ [ [ 80.4403401, 16.3067264 ], [ 80.4403491, 16.3067264 ], [ 80.4403491, 16.306717 ], [ 80.4403402, 16.306717 ], [ 80.4403401, 16.3067264 ] ] ] } },
{ "type": "Feature", "properties": { "label": "Pothole", "confidence": 0.44, "on_road": 0, "size_m": 0.8, "gt_road_overlap": 0.0, "gt_roof_overlap": 0.0 }, "geometry": { "type": "Polygon", "coordinates": [ [ [ 80.4410561, 16.3062817 ], [ 80.4410619, 16.3062817 ], [ 80.4410619, 16.3062747 ], [ 80.4410561, 16.3062747 ], [ 80.4410561, 16.3062817 ] ] ] } },
{ "type": "Feature", "properties": { "label": "Pothole", "confidence": 0.43, "on_road": 1, "size_m": 2.5, "gt_road_overlap": 0.6, "gt_roof_overlap": 0.0 }, "geometry": { "type": "Polygon", "coordinates": [ [ [ 80.4403144, 16.3070785 ], [ 80.4403373, 16.3070786 ], [ 80.4403373, 16.3070562 ], [ 80.4403145, 16.3070561 ], [ 80.4403144, 16.3070785 ] ] ] } },
{ "type": "Feature", "properties": { "label": "Pothole", "confidence": 0.39, "on_road": 0, "size_m": 1.3, "gt_road_overlap": 0.0, "gt_roof_overlap": 0.0 }, "geometry": { "type": "Polygon", "coordinates": [ [ [ 80.4413175, 16.3062256 ], [ 80.4413265, 16.3062257 ], [ 80.4413265, 16.3062141 ], [ 80.4413175, 16.3062141 ], [ 80.4413175, 16.3062256 ] ] ] } },
{ "type": "Feature", "properties": { "label": "Pothole", "confidence": 0.39, "on_road": 1, "size_m": 2.5, "gt_road_overlap": 1.0, "gt_roof_overlap": 0.0 }, "geometry": { "type": "Polygon", "coordinates": [ [ [ 80.4413101, 16.3060079 ], [ 80.4413333, 16.306008 ], [ 80.4413333, 16.3059899 ], [ 80.4413101, 16.3059899 ], [ 80.4413101, 16.3060079 ] ] ] } },
{ "type": "Feature", "properties": { "label": "Pothole", "confidence": 0.39, "on_road": 0, "size_m": 1.2, "gt_road_overlap": 0.0, "gt_roof_overlap": 0.0 }, "geometry": { "type": "Polygon", "coordinates": [ [ [ 80.4410611, 16.3062879 ], [ 80.4410723, 16.3062879 ], [ 80.4410724, 16.3062816 ], [ 80.4410611, 16.3062816 ], [ 80.4410611, 16.3062879 ] ] ] } },
{ "type": "Feature", "properties": { "label": "Pothole", "confidence": 0.38, "on_road": 1, "size_m": 0.8, "gt_road_overlap": 1.0, "gt_roof_overlap": 0.0 }, "geometry": { "type": "Polygon", "coordinates": [ [ [ 80.4402789, 16.3069175 ], [ 80.4402868, 16.3069175 ], [ 80.4402868, 16.3069122 ], [ 80.440279, 16.3069122 ], [ 80.4402789, 16.3069175 ] ] ] } },
{ "type": "Feature", "properties": { "label": "Pothole", "confidence": 0.36, "on_road": 0, "size_m": 2.4, "gt_road_overlap": 0.0, "gt_roof_overlap": 0.116 }, "geometry": { "type": "Polygon", "coordinates": [ [ [ 80.4414933, 16.306231 ], [ 80.4415135, 16.306231 ], [ 80.4415135, 16.306209 ], [ 80.4414933, 16.3062089 ], [ 80.4414933, 16.306231 ] ] ] } },
{ "type": "Feature", "properties": { "label": "Pothole", "confidence": 0.36, "on_road": 0, "size_m": 0.6, "gt_road_overlap": 0.0, "gt_roof_overlap": 0.0 }, "geometry": { "type": "Polygon", "coordinates": [ [ [ 80.4404572, 16.3070145 ], [ 80.4404623, 16.3070145 ], [ 80.4404623, 16.3070095 ], [ 80.4404572, 16.3070095 ], [ 80.4404572, 16.3070145 ] ] ] } },
{ "type": "Feature", "properties": { "label": "Pothole", "confidence": 0.33, "on_road": 1, "size_m": 1.2, "gt_road_overlap": 1.0, "gt_roof_overlap": 0.0 }, "geometry": { "type": "Polygon", "coordinates": [ [ [ 80.4407543, 16.3063804 ], [ 80.4407613, 16.3063804 ], [ 80.4407613, 16.3063695 ], [ 80.4407544, 16.3063695 ], [ 80.4407543, 16.3063804 ] ] ] } },
{ "type": "Feature", "properties": { "label": "Pothole", "confidence": 0.32, "on_road": 0, "size_m": 1.8, "gt_road_overlap": 0.0, "gt_roof_overlap": 0.834 }, "geometry": { "type": "Polygon", "coordinates": [ [ [ 80.4405675, 16.3063902 ], [ 80.4405827, 16.3063902 ], [ 80.4405827, 16.3063743 ], [ 80.4405676, 16.3063743 ], [ 80.4405675, 16.3063902 ] ] ] } },
{ "type": "Feature", "properties": { "label": "Pothole", "confidence": 0.3, "on_road": 0, "size_m": 1.3, "gt_road_overlap": 0.0, "gt_roof_overlap": 0.0 }, "geometry": { "type": "Polygon", "coordinates": [ [ [ 80.4413027, 16.3061755 ], [ 80.441315, 16.3061756 ], [ 80.441315, 16.3061701 ], [ 80.4413027, 16.3061701 ], [ 80.4413027, 16.3061755 ] ] ] } },
{ "type": "Feature", "properties": { "label": "Pothole", "confidence": 0.3, "on_road": 1, "size_m": 0.6, "gt_road_overlap": 1.0, "gt_roof_overlap": 0.0 }, "geometry": { "type": "Polygon", "coordinates": [ [ [ 80.4404459, 16.3069961 ], [ 80.4404511, 16.3069961 ], [ 80.4404511, 16.3069917 ], [ 80.4404459, 16.3069917 ], [ 80.4404459, 16.3069961 ] ] ] } },
{ "type": "Feature", "properties": { "label": "Pothole", "confidence": 0.29, "on_road": 0, "size_m": 1.2, "gt_road_overlap": 0.015, "gt_roof_overlap": 0.0 }, "geometry": { "type": "Polygon", "coordinates": [ [ [ 80.4408851, 16.3059519 ], [ 80.4408967, 16.3059519 ], [ 80.4408967, 16.3059425 ], [ 80.4408851, 16.3059425 ], [ 80.4408851, 16.3059519 ] ] ] } },
{ "type": "Feature", "properties": { "label": "Pothole", "confidence": 0.28, "on_road": 0, "size_m": 1.2, "gt_road_overlap": 0.0, "gt_roof_overlap": 0.0 }, "geometry": { "type": "Polygon", "coordinates": [ [ [ 80.4407193, 16.3065207 ], [ 80.4407297, 16.3065207 ], [ 80.4407298, 16.3065098 ], [ 80.4407193, 16.3065098 ], [ 80.4407193, 16.3065207 ] ] ] } },
{ "type": "Feature", "properties": { "label": "Pothole", "confidence": 0.27, "on_road": 0, "size_m": 1.0, "gt_road_overlap": 0.0, "gt_roof_overlap": 0.0 }, "geometry": { "type": "Polygon", "coordinates": [ [ [ 80.4415119, 16.3062099 ], [ 80.4415216, 16.3062099 ], [ 80.4415216, 16.3062034 ], [ 80.4415119, 16.3062034 ], [ 80.4415119, 16.3062099 ] ] ] } },
{ "type": "Feature", "properties": { "label": "Pothole", "confidence": 0.26, "on_road": 0, "size_m": 1.6, "gt_road_overlap": 0.0, "gt_roof_overlap": 0.159 }, "geometry": { "type": "Polygon", "coordinates": [ [ [ 80.4404102, 16.3061017 ], [ 80.4404248, 16.3061018 ], [ 80.4404248, 16.3060879 ], [ 80.4404102, 16.3060878 ], [ 80.4404102, 16.3061017 ] ] ] } },
{ "type": "Feature", "properties": { "label": "Pothole", "confidence": 0.25, "on_road": 1, "size_m": 1.8, "gt_road_overlap": 1.0, "gt_roof_overlap": 0.0 }, "geometry": { "type": "Polygon", "coordinates": [ [ [ 80.4401942, 16.305928 ], [ 80.4402066, 16.305928 ], [ 80.4402066, 16.3059121 ], [ 80.4401943, 16.3059121 ], [ 80.4401942, 16.305928 ] ] ] } },
{ "type": "Feature", "properties": { "label": "Pothole", "confidence": 0.78, "on_road": 1, "size_m": 0.6, "gt_road_overlap": 1.0, "gt_roof_overlap": 0.0 }, "geometry": { "type": "Polygon", "coordinates": [ [ [ 80.4422193, 16.3064016 ], [ 80.4422253, 16.3064016 ], [ 80.4422254, 16.3063965 ], [ 80.4422194, 16.3063965 ], [ 80.4422193, 16.3064016 ] ] ] } },
{ "type": "Feature", "properties": { "label": "Pothole", "confidence": 0.75, "on_road": 0, "size_m": 0.9, "gt_road_overlap": 0.0, "gt_roof_overlap": 0.892 }, "geometry": { "type": "Polygon", "coordinates": [ [ [ 80.4426357, 16.3064598 ], [ 80.4426421, 16.3064598 ], [ 80.4426421, 16.3064519 ], [ 80.4426358, 16.3064519 ], [ 80.4426357, 16.3064598 ] ] ] } },
{ "type": "Feature", "properties": { "label": "Pothole", "confidence": 0.73, "on_road": 1, "size_m": 1.2, "gt_road_overlap": 1.0, "gt_roof_overlap": 0.0 }, "geometry": { "type": "Polygon", "coordinates": [ [ [ 80.4426562, 16.306606 ], [ 80.4426659, 16.306606 ], [ 80.4426659, 16.3065956 ], [ 80.4426563, 16.3065956 ], [ 80.4426562, 16.306606 ] ] ] } },
{ "type": "Feature", "properties": { "label": "Pothole", "confidence": 0.73, "on_road": 0, "size_m": 0.8, "gt_road_overlap": 0.0, "gt_roof_overlap": 1.0 }, "geometry": { "type": "Polygon", "coordinates": [ [ [ 80.441689, 16.3062639 ], [ 80.441695, 16.3062639 ], [ 80.441695, 16.306257 ], [ 80.441689, 16.306257 ], [ 80.441689, 16.3062639 ] ] ] } },
{ "type": "Feature", "properties": { "label": "Pothole", "confidence": 0.68, "on_road": 1, "size_m": 1.0, "gt_road_overlap": 1.0, "gt_roof_overlap": 0.0 }, "geometry": { "type": "Polygon", "coordinates": [ [ [ 80.4417802, 16.3068615 ], [ 80.4417885, 16.3068615 ], [ 80.4417886, 16.3068524 ], [ 80.4417802, 16.3068524 ], [ 80.4417802, 16.3068615 ] ] ] } },
{ "type": "Feature", "properties": { "label": "Pothole", "confidence": 0.61, "on_road": 0, "size_m": 0.9, "gt_road_overlap": 0.0, "gt_roof_overlap": 1.0 }, "geometry": { "type": "Polygon", "coordinates": [ [ [ 80.4416938, 16.3069968 ], [ 80.4416998, 16.3069968 ], [ 80.4416999, 16.3069889 ], [ 80.4416939, 16.3069889 ], [ 80.4416938, 16.3069968 ] ] ] } },
{ "type": "Feature", "properties": { "label": "Pothole", "confidence": 0.51, "on_road": 1, "size_m": 1.0, "gt_road_overlap": 1.0, "gt_roof_overlap": 0.0 }, "geometry": { "type": "Polygon", "coordinates": [ [ [ 80.4426913, 16.3059396 ], [ 80.4426999, 16.3059397 ], [ 80.4426999, 16.305931 ], [ 80.4426913, 16.305931 ], [ 80.4426913, 16.3059396 ] ] ] } },
{ "type": "Feature", "properties": { "label": "Pothole", "confidence": 0.48, "on_road": 1, "size_m": 1.1, "gt_road_overlap": 1.0, "gt_roof_overlap": 0.0 }, "geometry": { "type": "Polygon", "coordinates": [ [ [ 80.4425834, 16.3068808 ], [ 80.4425885, 16.3068808 ], [ 80.4425885, 16.3068712 ], [ 80.4425834, 16.3068712 ], [ 80.4425834, 16.3068808 ] ] ] } },
{ "type": "Feature", "properties": { "label": "Pothole", "confidence": 0.41, "on_road": 1, "size_m": 0.8, "gt_road_overlap": 1.0, "gt_roof_overlap": 0.0 }, "geometry": { "type": "Polygon", "coordinates": [ [ [ 80.4417615, 16.3065213 ], [ 80.4417686, 16.3065214 ], [ 80.4417686, 16.3065148 ], [ 80.4417615, 16.3065148 ], [ 80.4417615, 16.3065213 ] ] ] } },
{ "type": "Feature", "properties": { "label": "Pothole", "confidence": 0.38, "on_road": 1, "size_m": 1.2, "gt_road_overlap": 1.0, "gt_roof_overlap": 0.0 }, "geometry": { "type": "Polygon", "coordinates": [ [ [ 80.442659, 16.3062646 ], [ 80.4426702, 16.3062647 ], [ 80.4426702, 16.3062549 ], [ 80.4426591, 16.3062549 ], [ 80.442659, 16.3062646 ] ] ] } },
{ "type": "Feature", "properties": { "label": "Pothole", "confidence": 0.35, "on_road": 1, "size_m": 2.1, "gt_road_overlap": 1.0, "gt_roof_overlap": 0.0 }, "geometry": { "type": "Polygon", "coordinates": [ [ [ 80.4426879, 16.3066776 ], [ 80.4426999, 16.3066777 ], [ 80.4426999, 16.3066589 ], [ 80.442688, 16.3066588 ], [ 80.4426879, 16.3066776 ] ] ] } },
{ "type": "Feature", "properties": { "label": "Pothole", "confidence": 0.35, "on_road": 0, "size_m": 0.6, "gt_road_overlap": 0.0, "gt_roof_overlap": 1.0 }, "geometry": { "type": "Polygon", "coordinates": [ [ [ 80.4423038, 16.3069796 ], [ 80.4423098, 16.3069797 ], [ 80.4423098, 16.3069742 ], [ 80.4423038, 16.3069742 ], [ 80.4423038, 16.3069796 ] ] ] } },
{ "type": "Feature", "properties": { "label": "Transverse crack", "confidence": 0.33, "on_road": 0, "size_m": 31.3, "gt_road_overlap": 0.0, "gt_roof_overlap": 0.0 }, "geometry": { "type": "Polygon", "coordinates": [ [ [ 80.4418125, 16.3059756 ], [ 80.4421054, 16.3059764 ], [ 80.4421056, 16.3058972 ], [ 80.4418128, 16.3058965 ], [ 80.4418125, 16.3059756 ] ] ] } },
{ "type": "Feature", "properties": { "label": "Pothole", "confidence": 0.31, "on_road": 1, "size_m": 2.8, "gt_road_overlap": 1.0, "gt_roof_overlap": 0.0 }, "geometry": { "type": "Polygon", "coordinates": [ [ [ 80.4419698, 16.3062772 ], [ 80.441996, 16.3062772 ], [ 80.441996, 16.306261 ], [ 80.4419698, 16.3062609 ], [ 80.4419698, 16.3062772 ] ] ] } },
{ "type": "Feature", "properties": { "label": "Pothole", "confidence": 0.31, "on_road": 1, "size_m": 2.0, "gt_road_overlap": 1.0, "gt_roof_overlap": 0.0 }, "geometry": { "type": "Polygon", "coordinates": [ [ [ 80.4426662, 16.3064255 ], [ 80.4426834, 16.3064256 ], [ 80.4426834, 16.3064075 ], [ 80.4426662, 16.3064075 ], [ 80.4426662, 16.3064255 ] ] ] } },
{ "type": "Feature", "properties": { "label": "Pothole", "confidence": 0.3, "on_road": 1, "size_m": 1.8, "gt_road_overlap": 1.0, "gt_roof_overlap": 0.0 }, "geometry": { "type": "Polygon", "coordinates": [ [ [ 80.4417845, 16.30645 ], [ 80.441797, 16.30645 ], [ 80.4417971, 16.3064337 ], [ 80.4417846, 16.3064337 ], [ 80.4417845, 16.30645 ] ] ] } },
{ "type": "Feature", "properties": { "label": "Pothole", "confidence": 0.3, "on_road": 1, "size_m": 0.7, "gt_road_overlap": 1.0, "gt_roof_overlap": 0.0 }, "geometry": { "type": "Polygon", "coordinates": [ [ [ 80.4426065, 16.3065856 ], [ 80.4426133, 16.3065856 ], [ 80.4426133, 16.3065793 ], [ 80.4426066, 16.3065792 ], [ 80.4426065, 16.3065856 ] ] ] } },
{ "type": "Feature", "properties": { "label": "Pothole", "confidence": 0.29, "on_road": 1, "size_m": 1.0, "gt_road_overlap": 1.0, "gt_roof_overlap": 0.0 }, "geometry": { "type": "Polygon", "coordinates": [ [ [ 80.4421636, 16.3063976 ], [ 80.4421733, 16.3063977 ], [ 80.4421733, 16.3063904 ], [ 80.4421636, 16.3063904 ], [ 80.4421636, 16.3063976 ] ] ] } },
{ "type": "Feature", "properties": { "label": "Pothole", "confidence": 0.29, "on_road": 1, "size_m": 0.7, "gt_road_overlap": 0.992, "gt_roof_overlap": 0.0 }, "geometry": { "type": "Polygon", "coordinates": [ [ [ 80.4426312, 16.3063454 ], [ 80.4426379, 16.3063454 ], [ 80.4426379, 16.3063393 ], [ 80.4426312, 16.3063393 ], [ 80.4426312, 16.3063454 ] ] ] } },
{ "type": "Feature", "properties": { "label": "Pothole", "confidence": 0.28, "on_road": 0, "size_m": 0.7, "gt_road_overlap": 0.0, "gt_roof_overlap": 1.0 }, "geometry": { "type": "Polygon", "coordinates": [ [ [ 80.4426898, 16.3069331 ], [ 80.4426962, 16.3069331 ], [ 80.4426962, 16.306927 ], [ 80.4426898, 16.306927 ], [ 80.4426898, 16.3069331 ] ] ] } },
{ "type": "Feature", "properties": { "label": "Pothole", "confidence": 0.28, "on_road": 0, "size_m": 0.7, "gt_road_overlap": 0.0, "gt_roof_overlap": 0.0 }, "geometry": { "type": "Polygon", "coordinates": [ [ [ 80.4415285, 16.3070069 ], [ 80.4415341, 16.3070069 ], [ 80.4415341, 16.3070004 ], [ 80.4415285, 16.3070004 ], [ 80.4415285, 16.3070069 ] ] ] } },
{ "type": "Feature", "properties": { "label": "Pothole", "confidence": 0.28, "on_road": 1, "size_m": 1.1, "gt_road_overlap": 1.0, "gt_roof_overlap": 0.0 }, "geometry": { "type": "Polygon", "coordinates": [ [ [ 80.442511, 16.3065347 ], [ 80.4425151, 16.3065347 ], [ 80.4425152, 16.3065248 ], [ 80.442511, 16.3065248 ], [ 80.442511, 16.3065347 ] ] ] } },
{ "type": "Feature", "properties": { "label": "Pothole", "confidence": 0.91, "on_road": 1, "size_m": 0.6, "gt_road_overlap": 1.0, "gt_roof_overlap": 0.0 }, "geometry": { "type": "Polygon", "coordinates": [ [ [ 80.4439822, 16.3062079 ], [ 80.4439874, 16.3062079 ], [ 80.4439875, 16.3062025 ], [ 80.4439822, 16.3062025 ], [ 80.4439822, 16.3062079 ] ] ] } },
{ "type": "Feature", "properties": { "label": "Pothole", "confidence": 0.82, "on_road": 1, "size_m": 1.0, "gt_road_overlap": 1.0, "gt_roof_overlap": 0.0 }, "geometry": { "type": "Polygon", "coordinates": [ [ [ 80.4438135, 16.3065502 ], [ 80.4438221, 16.3065503 ], [ 80.4438221, 16.3065409 ], [ 80.4438135, 16.3065408 ], [ 80.4438135, 16.3065502 ] ] ] } },
{ "type": "Feature", "properties": { "label": "Pothole", "confidence": 0.82, "on_road": 0, "size_m": 1.0, "gt_road_overlap": 0.0, "gt_roof_overlap": 0.879 }, "geometry": { "type": "Polygon", "coordinates": [ [ [ 80.4438753, 16.3063908 ], [ 80.4438846, 16.3063908 ], [ 80.4438846, 16.3063836 ], [ 80.4438753, 16.3063835 ], [ 80.4438753, 16.3063908 ] ] ] } },
{ "type": "Feature", "properties": { "label": "Pothole", "confidence": 0.81, "on_road": 0, "size_m": 1.0, "gt_road_overlap": 0.0, "gt_roof_overlap": 1.0 }, "geometry": { "type": "Polygon", "coordinates": [ [ [ 80.4439472, 16.3070854 ], [ 80.4439562, 16.3070854 ], [ 80.4439563, 16.3070767 ], [ 80.4439472, 16.3070767 ], [ 80.4439472, 16.3070854 ] ] ] } },
{ "type": "Feature", "properties": { "label": "Pothole", "confidence": 0.79, "on_road": 1, "size_m": 1.5, "gt_road_overlap": 1.0, "gt_roof_overlap": 0.0 }, "geometry": { "type": "Polygon", "coordinates": [ [ [ 80.4434489, 16.3059467 ], [ 80.4434628, 16.3059467 ], [ 80.4434628, 16.3059366 ], [ 80.443449, 16.3059366 ], [ 80.4434489, 16.3059467 ] ] ] } },
{ "type": "Feature", "properties": { "label": "Pothole", "confidence": 0.72, "on_road": 1, "size_m": 1.0, "gt_road_overlap": 1.0, "gt_roof_overlap": 0.0 }, "geometry": { "type": "Polygon", "coordinates": [ [ [ 80.4438041, 16.3065446 ], [ 80.4438127, 16.3065446 ], [ 80.4438127, 16.306536 ], [ 80.4438041, 16.3065359 ], [ 80.4438041, 16.3065446 ] ] ] } },
{ "type": "Feature", "properties": { "label": "Pothole", "confidence": 0.7, "on_road": 1, "size_m": 0.6, "gt_road_overlap": 1.0, "gt_roof_overlap": 0.0 }, "geometry": { "type": "Polygon", "coordinates": [ [ [ 80.443744, 16.3063372 ], [ 80.4437492, 16.3063372 ], [ 80.4437492, 16.3063314 ], [ 80.443744, 16.3063314 ], [ 80.443744, 16.3063372 ] ] ] } },
{ "type": "Feature", "properties": { "label": "Pothole", "confidence": 0.66, "on_road": 1, "size_m": 1.1, "gt_road_overlap": 1.0, "gt_roof_overlap": 0.0 }, "geometry": { "type": "Polygon", "coordinates": [ [ [ 80.4433831, 16.3059299 ], [ 80.4433936, 16.3059299 ], [ 80.4433936, 16.3059209 ], [ 80.4433831, 16.3059208 ], [ 80.4433831, 16.3059299 ] ] ] } },
{ "type": "Feature", "properties": { "label": "Pothole", "confidence": 0.65, "on_road": 1, "size_m": 0.8, "gt_road_overlap": 1.0, "gt_roof_overlap": 0.0 }, "geometry": { "type": "Polygon", "coordinates": [ [ [ 80.4441489, 16.3066004 ], [ 80.4441549, 16.3066004 ], [ 80.4441549, 16.3065935 ], [ 80.444149, 16.3065935 ], [ 80.4441489, 16.3066004 ] ] ] } },
{ "type": "Feature", "properties": { "label": "Pothole", "confidence": 0.54, "on_road": 1, "size_m": 0.7, "gt_road_overlap": 1.0, "gt_roof_overlap": 0.0 }, "geometry": { "type": "Polygon", "coordinates": [ [ [ 80.4433284, 16.3063403 ], [ 80.4433351, 16.3063403 ], [ 80.4433351, 16.3063338 ], [ 80.4433284, 16.3063338 ], [ 80.4433284, 16.3063403 ] ] ] } },
{ "type": "Feature", "properties": { "label": "Pothole", "confidence": 0.54, "on_road": 1, "size_m": 0.9, "gt_road_overlap": 0.808, "gt_roof_overlap": 0.0 }, "geometry": { "type": "Polygon", "coordinates": [ [ [ 80.443072, 16.3061601 ], [ 80.4430799, 16.3061601 ], [ 80.4430799, 16.3061522 ], [ 80.4430721, 16.3061522 ], [ 80.443072, 16.3061601 ] ] ] } },
{ "type": "Feature", "properties": { "label": "Pothole", "confidence": 0.51, "on_road": 1, "size_m": 3.3, "gt_road_overlap": 1.0, "gt_roof_overlap": 0.0 }, "geometry": { "type": "Polygon", "coordinates": [ [ [ 80.4431962, 16.3062221 ], [ 80.4432269, 16.3062222 ], [ 80.4432269, 16.3062009 ], [ 80.4431962, 16.3062008 ], [ 80.4431962, 16.3062221 ] ] ] } },
{ "type": "Feature", "properties": { "label": "Pothole", "confidence": 0.51, "on_road": 1, "size_m": 0.6, "gt_road_overlap": 1.0, "gt_roof_overlap": 0.0 }, "geometry": { "type": "Polygon", "coordinates": [ [ [ 80.443727, 16.3062618 ], [ 80.4437317, 16.3062618 ], [ 80.4437317, 16.3062568 ], [ 80.443727, 16.3062568 ], [ 80.443727, 16.3062618 ] ] ] } },
{ "type": "Feature", "properties": { "label": "Pothole", "confidence": 0.49, "on_road": 1, "size_m": 1.6, "gt_road_overlap": 1.0, "gt_roof_overlap": 0.0 }, "geometry": { "type": "Polygon", "coordinates": [ [ [ 80.4435918, 16.3071396 ], [ 80.4435989, 16.3071396 ], [ 80.4435989, 16.3071255 ], [ 80.4435918, 16.3071255 ], [ 80.4435918, 16.3071396 ] ] ] } },
{ "type": "Feature", "properties": { "label": "Pothole", "confidence": 0.48, "on_road": 1, "size_m": 0.7, "gt_road_overlap": 0.724, "gt_roof_overlap": 0.0 }, "geometry": { "type": "Polygon", "coordinates": [ [ [ 80.4439792, 16.3069866 ], [ 80.4439859, 16.3069866 ], [ 80.4439859, 16.3069808 ], [ 80.4439792, 16.3069808 ], [ 80.4439792, 16.3069866 ] ] ] } },
{ "type": "Feature", "properties": { "label": "Pothole", "confidence": 0.47, "on_road": 0, "size_m": 1.3, "gt_road_overlap": 0.0, "gt_roof_overlap": 0.0 }, "geometry": { "type": "Polygon", "coordinates": [ [ [ 80.4441408, 16.3059787 ], [ 80.4441505, 16.3059787 ], [ 80.4441505, 16.305967 ], [ 80.4441408, 16.305967 ], [ 80.4441408, 16.3059787 ] ] ] } },
{ "type": "Feature", "properties": { "label": "Pothole", "confidence": 0.46, "on_road": 1, "size_m": 1.9, "gt_road_overlap": 1.0, "gt_roof_overlap": 0.0 }, "geometry": { "type": "Polygon", "coordinates": [ [ [ 80.4439575, 16.3061162 ], [ 80.4439695, 16.3061162 ], [ 80.4439695, 16.3060988 ], [ 80.4439576, 16.3060988 ], [ 80.4439575, 16.3061162 ] ] ] } },
{ "type": "Feature", "properties": { "label": "Pothole", "confidence": 0.46, "on_road": 1, "size_m": 0.8, "gt_road_overlap": 1.0, "gt_roof_overlap": 0.0 }, "geometry": { "type": "Polygon", "coordinates": [ [ [ 80.443761, 16.3062934 ], [ 80.4437686, 16.3062934 ], [ 80.4437687, 16.3062874 ], [ 80.443761, 16.3062874 ], [ 80.443761, 16.3062934 ] ] ] } },
{ "type": "Feature", "properties": { "label": "Pothole", "confidence": 0.4, "on_road": 1, "size_m": 3.5, "gt_road_overlap": 0.849, "gt_roof_overlap": 0.245 }, "geometry": { "type": "Polygon", "coordinates": [ [ [ 80.4434361, 16.3059226 ], [ 80.4434657, 16.3059227 ], [ 80.4434657, 16.3058912 ], [ 80.4434362, 16.3058912 ], [ 80.4434361, 16.3059226 ] ] ] } },
{ "type": "Feature", "properties": { "label": "Pothole", "confidence": 0.38, "on_road": 0, "size_m": 7.5, "gt_road_overlap": 0.0, "gt_roof_overlap": 0.0 }, "geometry": { "type": "Polygon", "coordinates": [ [ [ 80.4441694, 16.3061961 ], [ 80.4442394, 16.3061963 ], [ 80.4442395, 16.3061619 ], [ 80.4441695, 16.3061617 ], [ 80.4441694, 16.3061961 ] ] ] } },
{ "type": "Feature", "properties": { "label": "Pothole", "confidence": 0.38, "on_road": 1, "size_m": 1.1, "gt_road_overlap": 0.902, "gt_roof_overlap": 0.0 }, "geometry": { "type": "Polygon", "coordinates": [ [ [ 80.4437133, 16.3063493 ], [ 80.4437219, 16.3063493 ], [ 80.4437219, 16.3063396 ], [ 80.4437133, 16.3063395 ], [ 80.4437133, 16.3063493 ] ] ] } },
{ "type": "Feature", "properties": { "label": "Pothole", "confidence": 0.36, "on_road": 0, "size_m": 1.3, "gt_road_overlap": 0.0, "gt_roof_overlap": 1.0 }, "geometry": { "type": "Polygon", "coordinates": [ [ [ 80.4436906, 16.3065574 ], [ 80.4437003, 16.3065575 ], [ 80.4437003, 16.3065461 ], [ 80.4436906, 16.306546 ], [ 80.4436906, 16.3065574 ] ] ] } },
{ "type": "Feature", "properties": { "label": "Pothole", "confidence": 0.34, "on_road": 1, "size_m": 0.8, "gt_road_overlap": 1.0, "gt_roof_overlap": 0.0 }, "geometry": { "type": "Polygon", "coordinates": [ [ [ 80.4437555, 16.3063239 ], [ 80.4437627, 16.3063239 ], [ 80.4437627, 16.3063191 ], [ 80.4437556, 16.3063191 ], [ 80.4437555, 16.3063239 ] ] ] } },
{ "type": "Feature", "properties": { "label": "Pothole", "confidence": 0.33, "on_road": 1, "size_m": 0.6, "gt_road_overlap": 1.0, "gt_roof_overlap": 0.0 }, "geometry": { "type": "Polygon", "coordinates": [ [ [ 80.4431372, 16.3061648 ], [ 80.4431424, 16.3061648 ], [ 80.4431424, 16.3061605 ], [ 80.4431372, 16.3061605 ], [ 80.4431372, 16.3061648 ] ] ] } },
{ "type": "Feature", "properties": { "label": "Pothole", "confidence": 0.3, "on_road": 1, "size_m": 1.6, "gt_road_overlap": 1.0, "gt_roof_overlap": 0.0 }, "geometry": { "type": "Polygon", "coordinates": [ [ [ 80.4441489, 16.3065318 ], [ 80.4441598, 16.3065318 ], [ 80.4441598, 16.3065177 ], [ 80.444149, 16.3065177 ], [ 80.4441489, 16.3065318 ] ] ] } },
{ "type": "Feature", "properties": { "label": "Pothole", "confidence": 0.28, "on_road": 1, "size_m": 0.9, "gt_road_overlap": 1.0, "gt_roof_overlap": 0.0 }, "geometry": { "type": "Polygon", "coordinates": [ [ [ 80.4439125, 16.306081 ], [ 80.4439184, 16.306081 ], [ 80.4439185, 16.3060725 ], [ 80.4439125, 16.3060725 ], [ 80.4439125, 16.306081 ] ] ] } },
{ "type": "Feature", "properties": { "label": "Transverse crack", "confidence": 0.28, "on_road": 1, "size_m": 1.4, "gt_road_overlap": 1.0, "gt_roof_overlap": 0.0 }, "geometry": { "type": "Polygon", "coordinates": [ [ [ 80.4436953, 16.3061921 ], [ 80.4437042, 16.3061922 ], [ 80.4437042, 16.3061795 ], [ 80.4436954, 16.3061795 ], [ 80.4436953, 16.3061921 ] ] ] } },
{ "type": "Feature", "properties": { "label": "Pothole", "confidence": 0.27, "on_road": 1, "size_m": 1.0, "gt_road_overlap": 1.0, "gt_roof_overlap": 0.0 }, "geometry": { "type": "Polygon", "coordinates": [ [ [ 80.4429434, 16.306045 ], [ 80.4429475, 16.306045 ], [ 80.4429475, 16.3060363 ], [ 80.4429434, 16.3060363 ], [ 80.4429434, 16.306045 ] ] ] } },
{ "type": "Feature", "properties": { "label": "Pothole", "confidence": 0.27, "on_road": 1, "size_m": 1.3, "gt_road_overlap": 1.0, "gt_roof_overlap": 0.0 }, "geometry": { "type": "Polygon", "coordinates": [ [ [ 80.4439482, 16.306135 ], [ 80.4439602, 16.306135 ], [ 80.4439603, 16.3061234 ], [ 80.4439483, 16.3061234 ], [ 80.4439482, 16.306135 ] ] ] } },
{ "type": "Feature", "properties": { "label": "Pothole", "confidence": 0.85, "on_road": 1, "size_m": 0.8, "gt_road_overlap": 1.0, "gt_roof_overlap": 0.0 }, "geometry": { "type": "Polygon", "coordinates": [ [ [ 80.4450165, 16.3062442 ], [ 80.4450203, 16.3062442 ], [ 80.4450203, 16.3062366 ], [ 80.4450166, 16.3062366 ], [ 80.4450165, 16.3062442 ] ] ] } },
{ "type": "Feature", "properties": { "label": "Pothole", "confidence": 0.83, "on_road": 1, "size_m": 0.7, "gt_road_overlap": 1.0, "gt_roof_overlap": 0.0 }, "geometry": { "type": "Polygon", "coordinates": [ [ [ 80.4444588, 16.3065143 ], [ 80.4444652, 16.3065144 ], [ 80.4444652, 16.3065078 ], [ 80.4444588, 16.3065078 ], [ 80.4444588, 16.3065143 ] ] ] } },
{ "type": "Feature", "properties": { "label": "Pothole", "confidence": 0.81, "on_road": 1, "size_m": 0.7, "gt_road_overlap": 1.0, "gt_roof_overlap": 0.0 }, "geometry": { "type": "Polygon", "coordinates": [ [ [ 80.4443336, 16.3061228 ], [ 80.4443388, 16.3061228 ], [ 80.4443388, 16.3061168 ], [ 80.4443336, 16.3061168 ], [ 80.4443336, 16.3061228 ] ] ] } },
{ "type": "Feature", "properties": { "label": "Pothole", "confidence": 0.76, "on_road": 1, "size_m": 0.7, "gt_road_overlap": 1.0, "gt_roof_overlap": 0.0 }, "geometry": { "type": "Polygon", "coordinates": [ [ [ 80.4452712, 16.3070323 ], [ 80.4452779, 16.3070323 ], [ 80.4452779, 16.3070258 ], [ 80.4452712, 16.3070258 ], [ 80.4452712, 16.3070323 ] ] ] } },
{ "type": "Feature", "properties": { "label": "Pothole", "confidence": 0.76, "on_road": 1, "size_m": 0.8, "gt_road_overlap": 1.0, "gt_roof_overlap": 0.0 }, "geometry": { "type": "Polygon", "coordinates": [ [ [ 80.4454081, 16.3068048 ], [ 80.4454152, 16.3068049 ], [ 80.4454152, 16.3067974 ], [ 80.4454081, 16.3067974 ], [ 80.4454081, 16.3068048 ] ] ] } },
{ "type": "Feature", "properties": { "label": "Pothole", "confidence": 0.74, "on_road": 0, "size_m": 1.6, "gt_road_overlap": 0.0, "gt_roof_overlap": 0.0 }, "geometry": { "type": "Polygon", "coordinates": [ [ [ 80.4450766, 16.3069058 ], [ 80.4450916, 16.3069058 ], [ 80.4450917, 16.3068941 ], [ 80.4450767, 16.3068941 ], [ 80.4450766, 16.3069058 ] ] ] } },
{ "type": "Feature", "properties": { "label": "Pothole", "confidence": 0.74, "on_road": 1, "size_m": 1.7, "gt_road_overlap": 1.0, "gt_roof_overlap": 0.0 }, "geometry": { "type": "Polygon", "coordinates": [ [ [ 80.4449833, 16.306197 ], [ 80.4449931, 16.306197 ], [ 80.4449931, 16.3061818 ], [ 80.4449834, 16.3061818 ], [ 80.4449833, 16.306197 ] ] ] } },
{ "type": "Feature", "properties": { "label": "Pothole", "confidence": 0.67, "on_road": 0, "size_m": 8.9, "gt_road_overlap": 1.0, "gt_roof_overlap": 0.223 }, "geometry": { "type": "Polygon", "coordinates": [ [ [ 80.444256, 16.3066239 ], [ 80.4443396, 16.3066241 ], [ 80.4443397, 16.3066024 ], [ 80.444256, 16.3066022 ], [ 80.444256, 16.3066239 ] ] ] } },
{ "type": "Feature", "properties": { "label": "Pothole", "confidence": 0.65, "on_road": 1, "size_m": 0.9, "gt_road_overlap": 1.0, "gt_roof_overlap": 0.0 }, "geometry": { "type": "Polygon", "coordinates": [ [ [ 80.4454614, 16.3069515 ], [ 80.4454667, 16.3069515 ], [ 80.4454667, 16.3069432 ], [ 80.4454614, 16.3069432 ], [ 80.4454614, 16.3069515 ] ] ] } },
{ "type": "Feature", "properties": { "label": "Pothole", "confidence": 0.64, "on_road": 0, "size_m": 7.1, "gt_road_overlap": 0.872, "gt_roof_overlap": 0.0 }, "geometry": { "type": "Polygon", "coordinates": [ [ [ 80.4446204, 16.3059908 ], [ 80.444687, 16.305991 ], [ 80.4446871, 16.3059655 ], [ 80.4446204, 16.3059653 ], [ 80.4446204, 16.3059908 ] ] ] } },
{ "type": "Feature", "properties": { "label": "Pothole", "confidence": 0.61, "on_road": 1, "size_m": 0.9, "gt_road_overlap": 1.0, "gt_roof_overlap": 0.0 }, "geometry": { "type": "Polygon", "coordinates": [ [ [ 80.4453866, 16.3065997 ], [ 80.445393, 16.3065997 ], [ 80.445393, 16.3065918 ], [ 80.4453866, 16.3065918 ], [ 80.4453866, 16.3065997 ] ] ] } },
{ "type": "Feature", "properties": { "label": "Pothole", "confidence": 0.61, "on_road": 1, "size_m": 0.6, "gt_road_overlap": 1.0, "gt_roof_overlap": 0.0 }, "geometry": { "type": "Polygon", "coordinates": [ [ [ 80.4443963, 16.3063186 ], [ 80.4444023, 16.3063186 ], [ 80.4444023, 16.3063129 ], [ 80.4443963, 16.3063129 ], [ 80.4443963, 16.3063186 ] ] ] } },
{ "type": "Feature", "properties": { "label": "Pothole", "confidence": 0.6, "on_road": 1, "size_m": 0.6, "gt_road_overlap": 1.0, "gt_roof_overlap": 0.0 }, "geometry": { "type": "Polygon", "coordinates": [ [ [ 80.4453617, 16.3065993 ], [ 80.4453671, 16.3065993 ], [ 80.4453671, 16.3065937 ], [ 80.4453617, 16.3065937 ], [ 80.4453617, 16.3065993 ] ] ] } },
{ "type": "Feature", "properties": { "label": "Pothole", "confidence": 0.56, "on_road": 1, "size_m": 2.4, "gt_road_overlap": 1.0, "gt_roof_overlap": 0.0 }, "geometry": { "type": "Polygon", "coordinates": [ [ [ 80.4453186, 16.30655 ], [ 80.4453347, 16.3065501 ], [ 80.4453347, 16.306528 ], [ 80.4453186, 16.306528 ], [ 80.4453186, 16.30655 ] ] ] } },
{ "type": "Feature", "properties": { "label": "Pothole", "confidence": 0.5, "on_road": 1, "size_m": 0.9, "gt_road_overlap": 1.0, "gt_roof_overlap": 0.0 }, "geometry": { "type": "Polygon", "coordinates": [ [ [ 80.445233, 16.3063543 ], [ 80.4452398, 16.3063543 ], [ 80.4452398, 16.3063461 ], [ 80.445233, 16.3063461 ], [ 80.445233, 16.3063543 ] ] ] } },
{ "type": "Feature", "properties": { "label": "Pothole", "confidence": 0.49, "on_road": 1, "size_m": 0.8, "gt_road_overlap": 1.0, "gt_roof_overlap": 0.0 }, "geometry": { "type": "Polygon", "coordinates": [ [ [ 80.4444054, 16.3063979 ], [ 80.4444129, 16.306398 ], [ 80.4444129, 16.3063929 ], [ 80.4444054, 16.3063929 ], [ 80.4444054, 16.3063979 ] ] ] } },
{ "type": "Feature", "properties": { "label": "Repaired patch", "confidence": 0.43, "on_road": 1, "size_m": 8.7, "gt_road_overlap": 0.47, "gt_roof_overlap": 0.0 }, "geometry": { "type": "Polygon", "coordinates": [ [ [ 80.4445873, 16.3064944 ], [ 80.4446686, 16.3064946 ], [ 80.4446687, 16.3064563 ], [ 80.4445874, 16.3064561 ], [ 80.4445873, 16.3064944 ] ] ] } },
{ "type": "Feature", "properties": { "label": "Pothole", "confidence": 0.43, "on_road": 0, "size_m": 0.7, "gt_road_overlap": 0.0, "gt_roof_overlap": 1.0 }, "geometry": { "type": "Polygon", "coordinates": [ [ [ 80.445056, 16.3066553 ], [ 80.4450624, 16.3066553 ], [ 80.4450624, 16.3066503 ], [ 80.445056, 16.3066502 ], [ 80.445056, 16.3066553 ] ] ] } },
{ "type": "Feature", "properties": { "label": "Pothole", "confidence": 0.41, "on_road": 1, "size_m": 1.0, "gt_road_overlap": 1.0, "gt_roof_overlap": 0.0 }, "geometry": { "type": "Polygon", "coordinates": [ [ [ 80.4446739, 16.3071723 ], [ 80.4446822, 16.3071723 ], [ 80.4446822, 16.3071634 ], [ 80.444674, 16.3071634 ], [ 80.4446739, 16.3071723 ] ] ] } },
{ "type": "Feature", "properties": { "label": "Pothole", "confidence": 0.4, "on_road": 0, "size_m": 2.2, "gt_road_overlap": 0.0, "gt_roof_overlap": 0.246 }, "geometry": { "type": "Polygon", "coordinates": [ [ [ 80.4447572, 16.3060096 ], [ 80.4447781, 16.3060097 ], [ 80.4447782, 16.3059938 ], [ 80.4447572, 16.3059937 ], [ 80.4447572, 16.3060096 ] ] ] } },
{ "type": "Feature", "properties": { "label": "Pothole", "confidence": 0.39, "on_road": 1, "size_m": 0.7, "gt_road_overlap": 1.0, "gt_roof_overlap": 0.0 }, "geometry": { "type": "Polygon", "coordinates": [ [ [ 80.4442565, 16.3071556 ], [ 80.4442614, 16.3071556 ], [ 80.4442614, 16.3071495 ], [ 80.4442565, 16.3071495 ], [ 80.4442565, 16.3071556 ] ] ] } },
{ "type": "Feature", "properties": { "label": "Pothole", "confidence": 0.38, "on_road": 0, "size_m": 4.3, "gt_road_overlap": 0.955, "gt_roof_overlap": 0.527 }, "geometry": { "type": "Polygon", "coordinates": [ [ [ 80.4449073, 16.3060858 ], [ 80.4449318, 16.3060858 ], [ 80.4449319, 16.3060468 ], [ 80.4449074, 16.3060467 ], [ 80.4449073, 16.3060858 ] ] ] } },
{ "type": "Feature", "properties": { "label": "Pothole", "confidence": 0.38, "on_road": 0, "size_m": 5.1, "gt_road_overlap": 0.0, "gt_roof_overlap": 1.0 }, "geometry": { "type": "Polygon", "coordinates": [ [ [ 80.4454297, 16.3062629 ], [ 80.4454772, 16.306263 ], [ 80.4454773, 16.3062352 ], [ 80.4454297, 16.306235 ], [ 80.4454297, 16.3062629 ] ] ] } },
{ "type": "Feature", "properties": { "label": "Pothole", "confidence": 0.37, "on_road": 1, "size_m": 1.2, "gt_road_overlap": 1.0, "gt_roof_overlap": 0.0 }, "geometry": { "type": "Polygon", "coordinates": [ [ [ 80.4453208, 16.3067958 ], [ 80.4453323, 16.3067958 ], [ 80.4453323, 16.3067911 ], [ 80.4453208, 16.3067911 ], [ 80.4453208, 16.3067958 ] ] ] } },
{ "type": "Feature", "properties": { "label": "Pothole", "confidence": 0.37, "on_road": 1, "size_m": 0.6, "gt_road_overlap": 0.946, "gt_roof_overlap": 0.0 }, "geometry": { "type": "Polygon", "coordinates": [ [ [ 80.4443789, 16.3063598 ], [ 80.4443834, 16.3063598 ], [ 80.4443835, 16.3063547 ], [ 80.444379, 16.3063547 ], [ 80.4443789, 16.3063598 ] ] ] } },
{ "type": "Feature", "properties": { "label": "Pothole", "confidence": 0.35, "on_road": 1, "size_m": 0.9, "gt_road_overlap": 1.0, "gt_roof_overlap": 0.0 }, "geometry": { "type": "Polygon", "coordinates": [ [ [ 80.4446581, 16.3064268 ], [ 80.4446663, 16.3064268 ], [ 80.4446663, 16.3064189 ], [ 80.4446581, 16.3064189 ], [ 80.4446581, 16.3064268 ] ] ] } },
{ "type": "Feature", "properties": { "label": "Pothole", "confidence": 0.34, "on_road": 0, "size_m": 4.4, "gt_road_overlap": 0.0, "gt_roof_overlap": 0.743 }, "geometry": { "type": "Polygon", "coordinates": [ [ [ 80.4442303, 16.3069496 ], [ 80.4442711, 16.3069497 ], [ 80.4442712, 16.3069244 ], [ 80.4442304, 16.3069243 ], [ 80.4442303, 16.3069496 ] ] ] } },
{ "type": "Feature", "properties": { "label": "Pothole", "confidence": 0.34, "on_road": 1, "size_m": 0.7, "gt_road_overlap": 1.0, "gt_roof_overlap": 0.0 }, "geometry": { "type": "Polygon", "coordinates": [ [ [ 80.4444902, 16.3065142 ], [ 80.4444951, 16.3065143 ], [ 80.4444952, 16.3065077 ], [ 80.4444902, 16.3065077 ], [ 80.4444902, 16.3065142 ] ] ] } },
{ "type": "Feature", "properties": { "label": "Pothole", "confidence": 0.34, "on_road": 1, "size_m": 1.0, "gt_road_overlap": 1.0, "gt_roof_overlap": 0.0 }, "geometry": { "type": "Polygon", "coordinates": [ [ [ 80.4444894, 16.3065273 ], [ 80.4444963, 16.3065273 ], [ 80.4444963, 16.3065179 ], [ 80.4444894, 16.3065179 ], [ 80.4444894, 16.3065273 ] ] ] } },
{ "type": "Feature", "properties": { "label": "Pothole", "confidence": 0.33, "on_road": 1, "size_m": 1.0, "gt_road_overlap": 1.0, "gt_roof_overlap": 0.0 }, "geometry": { "type": "Polygon", "coordinates": [ [ [ 80.4449431, 16.30691 ], [ 80.4449521, 16.30691 ], [ 80.4449521, 16.3069043 ], [ 80.4449432, 16.3069043 ], [ 80.4449431, 16.30691 ] ] ] } },
{ "type": "Feature", "properties": { "label": "Pothole", "confidence": 0.31, "on_road": 1, "size_m": 0.7, "gt_road_overlap": 1.0, "gt_roof_overlap": 0.0 }, "geometry": { "type": "Polygon", "coordinates": [ [ [ 80.4453586, 16.3067102 ], [ 80.4453633, 16.3067102 ], [ 80.4453633, 16.306704 ], [ 80.4453586, 16.306704 ], [ 80.4453586, 16.3067102 ] ] ] } },
{ "type": "Feature", "properties": { "label": "Pothole", "confidence": 0.28, "on_road": 0, "size_m": 1.4, "gt_road_overlap": 0.0, "gt_roof_overlap": 0.0 }, "geometry": { "type": "Polygon", "coordinates": [ [ [ 80.4449218, 16.3066333 ], [ 80.4449346, 16.3066334 ], [ 80.4449346, 16.3066264 ], [ 80.4449219, 16.3066264 ], [ 80.4449218, 16.3066333 ] ] ] } },
{ "type": "Feature", "properties": { "label": "Pothole", "confidence": 0.28, "on_road": 1, "size_m": 0.7, "gt_road_overlap": 1.0, "gt_roof_overlap": 0.0 }, "geometry": { "type": "Polygon", "coordinates": [ [ [ 80.4445489, 16.3069866 ], [ 80.4445554, 16.3069867 ], [ 80.4445554, 16.3069823 ], [ 80.4445489, 16.3069823 ], [ 80.4445489, 16.3069866 ] ] ] } },
{ "type": "Feature", "properties": { "label": "Pothole", "confidence": 0.27, "on_road": 1, "size_m": 0.8, "gt_road_overlap": 1.0, "gt_roof_overlap": 0.0 }, "geometry": { "type": "Polygon", "coordinates": [ [ [ 80.4444202, 16.306596 ], [ 80.4444262, 16.306596 ], [ 80.4444262, 16.3065889 ], [ 80.4444202, 16.3065889 ], [ 80.4444202, 16.306596 ] ] ] } },
{ "type": "Feature", "properties": { "label": "Pothole", "confidence": 0.27, "on_road": 1, "size_m": 1.8, "gt_road_overlap": 1.0, "gt_roof_overlap": 0.0 }, "geometry": { "type": "Polygon", "coordinates": [ [ [ 80.4452789, 16.3070513 ], [ 80.4452898, 16.3070513 ], [ 80.4452898, 16.3070347 ], [ 80.445279, 16.3070347 ], [ 80.4452789, 16.3070513 ] ] ] } },
{ "type": "Feature", "properties": { "label": "Pothole", "confidence": 0.26, "on_road": 1, "size_m": 0.5, "gt_road_overlap": 1.0, "gt_roof_overlap": 0.0 }, "geometry": { "type": "Polygon", "coordinates": [ [ [ 80.4454598, 16.3069337 ], [ 80.4454643, 16.3069338 ], [ 80.4454643, 16.3069288 ], [ 80.4454598, 16.3069288 ], [ 80.4454598, 16.3069337 ] ] ] } },
{ "type": "Feature", "properties": { "label": "Pothole", "confidence": 0.26, "on_road": 1, "size_m": 0.8, "gt_road_overlap": 1.0, "gt_roof_overlap": 0.0 }, "geometry": { "type": "Polygon", "coordinates": [ [ [ 80.445027, 16.306367 ], [ 80.4450338, 16.3063671 ], [ 80.4450338, 16.3063598 ], [ 80.4450271, 16.3063598 ], [ 80.445027, 16.306367 ] ] ] } },
{ "type": "Feature", "properties": { "label": "Pothole", "confidence": 0.26, "on_road": 1, "size_m": 1.3, "gt_road_overlap": 1.0, "gt_roof_overlap": 0.0 }, "geometry": { "type": "Polygon", "coordinates": [ [ [ 80.4449211, 16.3069101 ], [ 80.444933, 16.3069101 ], [ 80.4449331, 16.3069003 ], [ 80.4449211, 16.3069003 ], [ 80.4449211, 16.3069101 ] ] ] } },
{ "type": "Feature", "properties": { "label": "Pothole", "confidence": 0.25, "on_road": 0, "size_m": 4.3, "gt_road_overlap": 1.0, "gt_roof_overlap": 0.0 }, "geometry": { "type": "Polygon", "coordinates": [ [ [ 80.4453126, 16.30678 ], [ 80.4453532, 16.3067801 ], [ 80.4453532, 16.3067613 ], [ 80.4453126, 16.3067612 ], [ 80.4453126, 16.30678 ] ] ] } },
{ "type": "Feature", "properties": { "label": "Pothole", "confidence": 0.56, "on_road": 0, "size_m": 1.9, "gt_road_overlap": 0.549, "gt_roof_overlap": 0.639 }, "geometry": { "type": "Polygon", "coordinates": [ [ [ 80.4457395, 16.3060032 ], [ 80.4457485, 16.3060032 ], [ 80.4457485, 16.3059862 ], [ 80.4457395, 16.3059862 ], [ 80.4457395, 16.3060032 ] ] ] } },
{ "type": "Feature", "properties": { "label": "Pothole", "confidence": 0.48, "on_road": 0, "size_m": 5.1, "gt_road_overlap": 0.0, "gt_roof_overlap": 1.0 }, "geometry": { "type": "Polygon", "coordinates": [ [ [ 80.446287, 16.3062299 ], [ 80.4463349, 16.30623 ], [ 80.446335, 16.306205 ], [ 80.4462871, 16.3062049 ], [ 80.446287, 16.3062299 ] ] ] } },
{ "type": "Feature", "properties": { "label": "Pothole", "confidence": 0.48, "on_road": 0, "size_m": 4.0, "gt_road_overlap": 0.694, "gt_roof_overlap": 0.803 }, "geometry": { "type": "Polygon", "coordinates": [ [ [ 80.446467, 16.3069599 ], [ 80.4465041, 16.30696 ], [ 80.4465042, 16.3069321 ], [ 80.4464671, 16.306932 ], [ 80.446467, 16.3069599 ] ] ] } },
{ "type": "Feature", "properties": { "label": "Pothole", "confidence": 0.44, "on_road": 0, "size_m": 1.0, "gt_road_overlap": 0.0, "gt_roof_overlap": 1.0 }, "geometry": { "type": "Polygon", "coordinates": [ [ [ 80.4457656, 16.3065688 ], [ 80.4457751, 16.3065689 ], [ 80.4457751, 16.3065616 ], [ 80.4457656, 16.3065616 ], [ 80.4457656, 16.3065688 ] ] ] } },
{ "type": "Feature", "properties": { "label": "Pothole", "confidence": 0.41, "on_road": 0, "size_m": 0.9, "gt_road_overlap": 0.0, "gt_roof_overlap": 1.0 }, "geometry": { "type": "Polygon", "coordinates": [ [ [ 80.4463101, 16.3065338 ], [ 80.4463168, 16.3065339 ], [ 80.4463169, 16.3065255 ], [ 80.4463101, 16.3065255 ], [ 80.4463101, 16.3065338 ] ] ] } },
{ "type": "Feature", "properties": { "label": "Pothole", "confidence": 0.4, "on_road": 0, "size_m": 5.8, "gt_road_overlap": 0.007, "gt_roof_overlap": 0.876 }, "geometry": { "type": "Polygon", "coordinates": [ [ [ 80.4462643, 16.3066973 ], [ 80.446319, 16.3066975 ], [ 80.4463191, 16.3066707 ], [ 80.4462644, 16.3066706 ], [ 80.4462643, 16.3066973 ] ] ] } },
{ "type": "Feature", "properties": { "label": "Pothole", "confidence": 0.4, "on_road": 0, "size_m": 1.4, "gt_road_overlap": 0.0, "gt_roof_overlap": 0.0 }, "geometry": { "type": "Polygon", "coordinates": [ [ [ 80.4457126, 16.3063647 ], [ 80.4457261, 16.3063648 ], [ 80.4457261, 16.3063518 ], [ 80.4457127, 16.3063518 ], [ 80.4457126, 16.3063647 ] ] ] } },
{ "type": "Feature", "properties": { "label": "Pothole", "confidence": 0.4, "on_road": 0, "size_m": 1.9, "gt_road_overlap": 0.0, "gt_roof_overlap": 0.443 }, "geometry": { "type": "Polygon", "coordinates": [ [ [ 80.4461991, 16.3069768 ], [ 80.446217, 16.3069769 ], [ 80.4462171, 16.3069605 ], [ 80.4461991, 16.3069604 ], [ 80.4461991, 16.3069768 ] ] ] } },
{ "type": "Feature", "properties": { "label": "Pothole", "confidence": 0.33, "on_road": 0, "size_m": 4.3, "gt_road_overlap": 0.181, "gt_roof_overlap": 0.0 }, "geometry": { "type": "Polygon", "coordinates": [ [ [ 80.4463775, 16.306907 ], [ 80.4464176, 16.3069071 ], [ 80.4464177, 16.3068746 ], [ 80.4463776, 16.3068745 ], [ 80.4463775, 16.306907 ] ] ] } },
{ "type": "Feature", "properties": { "label": "Pothole", "confidence": 0.3, "on_road": 0, "size_m": 1.5, "gt_road_overlap": 0.0, "gt_roof_overlap": 1.0 }, "geometry": { "type": "Polygon", "coordinates": [ [ [ 80.4464834, 16.3069727 ], [ 80.4464926, 16.3069728 ], [ 80.4464927, 16.3069588 ], [ 80.4464835, 16.3069588 ], [ 80.4464834, 16.3069727 ] ] ] } },
{ "type": "Feature", "properties": { "label": "Pothole", "confidence": 0.28, "on_road": 1, "size_m": 1.0, "gt_road_overlap": 1.0, "gt_roof_overlap": 0.0 }, "geometry": { "type": "Polygon", "coordinates": [ [ [ 80.4464202, 16.3069021 ], [ 80.4464293, 16.3069021 ], [ 80.4464293, 16.3068933 ], [ 80.4464202, 16.3068933 ], [ 80.4464202, 16.3069021 ] ] ] } },
{ "type": "Feature", "properties": { "label": "Pothole", "confidence": 0.28, "on_road": 0, "size_m": 0.9, "gt_road_overlap": 0.0, "gt_roof_overlap": 0.0 }, "geometry": { "type": "Polygon", "coordinates": [ [ [ 80.4464159, 16.3068567 ], [ 80.4464243, 16.3068567 ], [ 80.4464243, 16.3068516 ], [ 80.4464159, 16.3068516 ], [ 80.4464159, 16.3068567 ] ] ] } },
{ "type": "Feature", "properties": { "label": "Pothole", "confidence": 0.74, "on_road": 0, "size_m": 1.9, "gt_road_overlap": 0.0, "gt_roof_overlap": 0.452 }, "geometry": { "type": "Polygon", "coordinates": [ [ [ 80.4461992, 16.3069768 ], [ 80.4462167, 16.3069768 ], [ 80.4462168, 16.3069599 ], [ 80.4461992, 16.3069598 ], [ 80.4461992, 16.3069768 ] ] ] } },
{ "type": "Feature", "properties": { "label": "Pothole", "confidence": 0.67, "on_road": 1, "size_m": 0.8, "gt_road_overlap": 1.0, "gt_roof_overlap": 0.0 }, "geometry": { "type": "Polygon", "coordinates": [ [ [ 80.4471312, 16.3068227 ], [ 80.4471382, 16.3068228 ], [ 80.4471382, 16.3068152 ], [ 80.4471312, 16.3068151 ], [ 80.4471312, 16.3068227 ] ] ] } },
{ "type": "Feature", "properties": { "label": "Pothole", "confidence": 0.67, "on_road": 1, "size_m": 1.3, "gt_road_overlap": 1.0, "gt_roof_overlap": 0.001 }, "geometry": { "type": "Polygon", "coordinates": [ [ [ 80.4473242, 16.30607 ], [ 80.4473347, 16.3060701 ], [ 80.4473347, 16.3060585 ], [ 80.4473242, 16.3060585 ], [ 80.4473242, 16.30607 ] ] ] } },
{ "type": "Feature", "properties": { "label": "Pothole", "confidence": 0.62, "on_road": 1, "size_m": 0.7, "gt_road_overlap": 1.0, "gt_roof_overlap": 0.0 }, "geometry": { "type": "Polygon", "coordinates": [ [ [ 80.447057, 16.3066263 ], [ 80.4470624, 16.3066263 ], [ 80.4470624, 16.3066199 ], [ 80.447057, 16.3066199 ], [ 80.447057, 16.3066263 ] ] ] } },
{ "type": "Feature", "properties": { "label": "Pothole", "confidence": 0.6, "on_road": 1, "size_m": 2.1, "gt_road_overlap": 0.568, "gt_roof_overlap": 0.0 }, "geometry": { "type": "Polygon", "coordinates": [ [ [ 80.4472542, 16.3059281 ], [ 80.4472662, 16.3059281 ], [ 80.4472663, 16.3059093 ], [ 80.4472543, 16.3059093 ], [ 80.4472542, 16.3059281 ] ] ] } },
{ "type": "Feature", "properties": { "label": "Pothole", "confidence": 0.52, "on_road": 0, "size_m": 1.0, "gt_road_overlap": 0.0, "gt_roof_overlap": 1.0 }, "geometry": { "type": "Polygon", "coordinates": [ [ [ 80.4463093, 16.3065338 ], [ 80.4463166, 16.3065339 ], [ 80.4463166, 16.3065252 ], [ 80.4463093, 16.3065252 ], [ 80.4463093, 16.3065338 ] ] ] } },
{ "type": "Feature", "properties": { "label": "Pothole", "confidence": 0.52, "on_road": 0, "size_m": 5.1, "gt_road_overlap": 0.0, "gt_roof_overlap": 1.0 }, "geometry": { "type": "Polygon", "coordinates": [ [ [ 80.4462874, 16.3062301 ], [ 80.4463353, 16.3062303 ], [ 80.4463354, 16.3062042 ], [ 80.4462874, 16.3062041 ], [ 80.4462874, 16.3062301 ] ] ] } },
{ "type": "Feature", "properties": { "label": "Pothole", "confidence": 0.52, "on_road": 0, "size_m": 4.2, "gt_road_overlap": 1.0, "gt_roof_overlap": 0.0 }, "geometry": { "type": "Polygon", "coordinates": [ [ [ 80.4471109, 16.3067587 ], [ 80.4471323, 16.3067587 ], [ 80.4471324, 16.3067204 ], [ 80.447111, 16.3067204 ], [ 80.4471109, 16.3067587 ] ] ] } },
{ "type": "Feature", "properties": { "label": "Pothole", "confidence": 0.5, "on_road": 0, "size_m": 3.0, "gt_road_overlap": 0.0, "gt_roof_overlap": 0.88 }, "geometry": { "type": "Polygon", "coordinates": [ [ [ 80.4472227, 16.3059653 ], [ 80.4472511, 16.3059654 ], [ 80.4472512, 16.3059458 ], [ 80.4472227, 16.3059458 ], [ 80.4472227, 16.3059653 ] ] ] } },
{ "type": "Feature", "properties": { "label": "Pothole", "confidence": 0.41, "on_road": 1, "size_m": 0.8, "gt_road_overlap": 1.0, "gt_roof_overlap": 0.0 }, "geometry": { "type": "Polygon", "coordinates": [ [ [ 80.4471488, 16.3068235 ], [ 80.4471564, 16.3068235 ], [ 80.4471564, 16.3068167 ], [ 80.4471488, 16.3068166 ], [ 80.4471488, 16.3068235 ] ] ] } },
{ "type": "Feature", "properties": { "label": "Pothole", "confidence": 0.38, "on_road": 1, "size_m": 0.6, "gt_road_overlap": 1.0, "gt_roof_overlap": 0.0 }, "geometry": { "type": "Polygon", "coordinates": [ [ [ 80.4461391, 16.3070353 ], [ 80.4461441, 16.3070353 ], [ 80.4461441, 16.3070295 ], [ 80.4461391, 16.3070295 ], [ 80.4461391, 16.3070353 ] ] ] } },
{ "type": "Feature", "properties": { "label": "Pothole", "confidence": 0.32, "on_road": 0, "size_m": 4.7, "gt_road_overlap": 0.014, "gt_roof_overlap": 0.998 }, "geometry": { "type": "Polygon", "coordinates": [ [ [ 80.4462749, 16.3066986 ], [ 80.4463191, 16.3066988 ], [ 80.4463192, 16.3066695 ], [ 80.446275, 16.3066693 ], [ 80.4462749, 16.3066986 ] ] ] } },
{ "type": "Feature", "properties": { "label": "Pothole", "confidence": 0.27, "on_road": 1, "size_m": 1.6, "gt_road_overlap": 1.0, "gt_roof_overlap": 0.0 }, "geometry": { "type": "Polygon", "coordinates": [ [ [ 80.4467609, 16.30626 ], [ 80.4467755, 16.3062601 ], [ 80.4467756, 16.306251 ], [ 80.446761, 16.306251 ], [ 80.4467609, 16.30626 ] ] ] } },
{ "type": "Feature", "properties": { "label": "Pothole", "confidence": 0.26, "on_road": 1, "size_m": 2.2, "gt_road_overlap": 0.771, "gt_roof_overlap": 0.0 }, "geometry": { "type": "Polygon", "coordinates": [ [ [ 80.4472398, 16.3063871 ], [ 80.4472542, 16.3063872 ], [ 80.4472543, 16.3063672 ], [ 80.4472399, 16.3063672 ], [ 80.4472398, 16.3063871 ] ] ] } },
{ "type": "Feature", "properties": { "label": "Pothole", "confidence": 0.77, "on_road": 0, "size_m": 1.0, "gt_road_overlap": 0.0, "gt_roof_overlap": 1.0 }, "geometry": { "type": "Polygon", "coordinates": [ [ [ 80.4280792, 16.3057303 ], [ 80.4280859, 16.3057303 ], [ 80.428086, 16.3057209 ], [ 80.4280792, 16.3057209 ], [ 80.4280792, 16.3057303 ] ] ] } },
{ "type": "Feature", "properties": { "label": "Pothole", "confidence": 0.7, "on_road": 0, "size_m": 1.0, "gt_road_overlap": 0.0, "gt_roof_overlap": 1.0 }, "geometry": { "type": "Polygon", "coordinates": [ [ [ 80.4280535, 16.3056807 ], [ 80.428061, 16.3056807 ], [ 80.428061, 16.305672 ], [ 80.4280535, 16.305672 ], [ 80.4280535, 16.3056807 ] ] ] } },
{ "type": "Feature", "properties": { "label": "Pothole", "confidence": 0.37, "on_road": 1, "size_m": 2.1, "gt_road_overlap": 1.0, "gt_roof_overlap": 0.0 }, "geometry": { "type": "Polygon", "coordinates": [ [ [ 80.427951, 16.3055737 ], [ 80.4279705, 16.3055738 ], [ 80.4279705, 16.3055618 ], [ 80.4279511, 16.3055618 ], [ 80.427951, 16.3055737 ] ] ] } },
{ "type": "Feature", "properties": { "label": "Pothole", "confidence": 0.36, "on_road": 1, "size_m": 2.8, "gt_road_overlap": 1.0, "gt_roof_overlap": 0.0 }, "geometry": { "type": "Polygon", "coordinates": [ [ [ 80.4279741, 16.3055597 ], [ 80.4280003, 16.3055598 ], [ 80.4280004, 16.3055463 ], [ 80.4279741, 16.3055462 ], [ 80.4279741, 16.3055597 ] ] ] } },
{ "type": "Feature", "properties": { "label": "Pothole", "confidence": 0.34, "on_road": 0, "size_m": 1.4, "gt_road_overlap": 0.0, "gt_roof_overlap": 1.0 }, "geometry": { "type": "Polygon", "coordinates": [ [ [ 80.4280576, 16.3056924 ], [ 80.4280703, 16.3056925 ], [ 80.4280704, 16.3056805 ], [ 80.4280576, 16.3056805 ], [ 80.4280576, 16.3056924 ] ] ] } },
{ "type": "Feature", "properties": { "label": "Pothole", "confidence": 0.33, "on_road": 0, "size_m": 1.1, "gt_road_overlap": 0.0, "gt_roof_overlap": 1.0 }, "geometry": { "type": "Polygon", "coordinates": [ [ [ 80.4277965, 16.3052345 ], [ 80.4278066, 16.3052345 ], [ 80.4278066, 16.3052262 ], [ 80.4277965, 16.3052262 ], [ 80.4277965, 16.3052345 ] ] ] } },
{ "type": "Feature", "properties": { "label": "Pothole", "confidence": 0.32, "on_road": 0, "size_m": 1.3, "gt_road_overlap": 0.0, "gt_roof_overlap": 1.0 }, "geometry": { "type": "Polygon", "coordinates": [ [ [ 80.4276926, 16.305206 ], [ 80.4277046, 16.305206 ], [ 80.4277046, 16.3051961 ], [ 80.4276927, 16.3051961 ], [ 80.4276926, 16.305206 ] ] ] } },
{ "type": "Feature", "properties": { "label": "Pothole", "confidence": 0.93, "on_road": 1, "size_m": 1.7, "gt_road_overlap": 0.335, "gt_roof_overlap": 0.0 }, "geometry": { "type": "Polygon", "coordinates": [ [ [ 80.4286475, 16.3051135 ], [ 80.4286632, 16.3051135 ], [ 80.4286632, 16.3051016 ], [ 80.4286475, 16.3051016 ], [ 80.4286475, 16.3051135 ] ] ] } },
{ "type": "Feature", "properties": { "label": "Pothole", "confidence": 0.87, "on_road": 1, "size_m": 2.3, "gt_road_overlap": 1.0, "gt_roof_overlap": 0.0 }, "geometry": { "type": "Polygon", "coordinates": [ [ [ 80.4286768, 16.3047983 ], [ 80.4286988, 16.3047984 ], [ 80.4286988, 16.3047785 ], [ 80.4286769, 16.3047784 ], [ 80.4286768, 16.3047983 ] ] ] } },
{ "type": "Feature", "properties": { "label": "Pothole", "confidence": 0.84, "on_road": 1, "size_m": 0.8, "gt_road_overlap": 1.0, "gt_roof_overlap": 0.0 }, "geometry": { "type": "Polygon", "coordinates": [ [ [ 80.428779, 16.3051721 ], [ 80.4287865, 16.3051721 ], [ 80.4287865, 16.305165 ], [ 80.428779, 16.305165 ], [ 80.428779, 16.3051721 ] ] ] } },
{ "type": "Feature", "properties": { "label": "Pothole", "confidence": 0.74, "on_road": 1, "size_m": 1.4, "gt_road_overlap": 0.376, "gt_roof_overlap": 0.0 }, "geometry": { "type": "Polygon", "coordinates": [ [ [ 80.4286669, 16.3051267 ], [ 80.4286781, 16.3051268 ], [ 80.4286782, 16.3051141 ], [ 80.428667, 16.3051141 ], [ 80.4286669, 16.3051267 ] ] ] } },
{ "type": "Feature", "properties": { "label": "Pothole", "confidence": 0.59, "on_road": 0, "size_m": 0.9, "gt_road_overlap": 1.0, "gt_roof_overlap": 0.596 }, "geometry": { "type": "Polygon", "coordinates": [ [ [ 80.4289248, 16.3047545 ], [ 80.4289331, 16.3047545 ], [ 80.4289331, 16.3047465 ], [ 80.4289249, 16.3047465 ], [ 80.4289248, 16.3047545 ] ] ] } },
{ "type": "Feature", "properties": { "label": "Pothole", "confidence": 0.56, "on_road": 1, "size_m": 1.4, "gt_road_overlap": 1.0, "gt_roof_overlap": 0.0 }, "geometry": { "type": "Polygon", "coordinates": [ [ [ 80.4286818, 16.305076 ], [ 80.4286948, 16.305076 ], [ 80.4286949, 16.3050648 ], [ 80.4286818, 16.3050648 ], [ 80.4286818, 16.305076 ] ] ] } },
{ "type": "Feature", "properties": { "label": "Pothole", "confidence": 0.54, "on_road": 1, "size_m": 0.8, "gt_road_overlap": 1.0, "gt_roof_overlap": 0.0 }, "geometry": { "type": "Polygon", "coordinates": [ [ [ 80.4287964, 16.3051533 ], [ 80.428802, 16.3051533 ], [ 80.428802, 16.3051465 ], [ 80.4287964, 16.3051464 ], [ 80.4287964, 16.3051533 ] ] ] } },
{ "type": "Feature", "properties": { "label": "Pothole", "confidence": 0.49, "on_road": 1, "size_m": 1.2, "gt_road_overlap": 1.0, "gt_roof_overlap": 0.0 }, "geometry": { "type": "Polygon", "coordinates": [ [ [ 80.4292142, 16.3054694 ], [ 80.4292259, 16.3054694 ], [ 80.4292259, 16.3054611 ], [ 80.4292143, 16.3054611 ], [ 80.4292142, 16.3054694 ] ] ] } },
{ "type": "Feature", "properties": { "label": "Pothole", "confidence": 0.47, "on_road": 0, "size_m": 7.0, "gt_road_overlap": 0.0, "gt_roof_overlap": 0.955 }, "geometry": { "type": "Polygon", "coordinates": [ [ [ 80.4290152, 16.3046269 ], [ 80.4290812, 16.3046271 ], [ 80.4290813, 16.3045652 ], [ 80.4290154, 16.3045651 ], [ 80.4290152, 16.3046269 ] ] ] } },
{ "type": "Feature", "properties": { "label": "Pothole", "confidence": 0.46, "on_road": 0, "size_m": 1.5, "gt_road_overlap": 0.0, "gt_roof_overlap": 0.0 }, "geometry": { "type": "Polygon", "coordinates": [ [ [ 80.4291583, 16.3056462 ], [ 80.4291726, 16.3056463 ], [ 80.4291726, 16.3056347 ], [ 80.4291584, 16.3056347 ], [ 80.4291583, 16.3056462 ] ] ] } },
{ "type": "Feature", "properties": { "label": "Pothole", "confidence": 0.44, "on_road": 1, "size_m": 1.0, "gt_road_overlap": 1.0, "gt_roof_overlap": 0.0 }, "geometry": { "type": "Polygon", "coordinates": [ [ [ 80.4286863, 16.3048194 ], [ 80.4286926, 16.3048194 ], [ 80.4286926, 16.3048108 ], [ 80.4286864, 16.3048108 ], [ 80.4286863, 16.3048194 ] ] ] } },
{ "type": "Feature", "properties": { "label": "Pothole", "confidence": 0.42, "on_road": 1, "size_m": 0.7, "gt_road_overlap": 1.0, "gt_roof_overlap": 0.0 }, "geometry": { "type": "Polygon", "coordinates": [ [ [ 80.4288062, 16.3052 ], [ 80.4288125, 16.3052 ], [ 80.4288126, 16.3051942 ], [ 80.4288062, 16.3051942 ], [ 80.4288062, 16.3052 ] ] ] } },
{ "type": "Feature", "properties": { "label": "Pothole", "confidence": 0.39, "on_road": 0, "size_m": 1.6, "gt_road_overlap": 0.0, "gt_roof_overlap": 1.0 }, "geometry": { "type": "Polygon", "coordinates": [ [ [ 80.4288486, 16.3047651 ], [ 80.4288636, 16.3047651 ], [ 80.4288636, 16.3047543 ], [ 80.4288487, 16.3047543 ], [ 80.4288486, 16.3047651 ] ] ] } },
{ "type": "Feature", "properties": { "label": "Pothole", "confidence": 0.39, "on_road": 0, "size_m": 6.2, "gt_road_overlap": 0.182, "gt_roof_overlap": 0.019 }, "geometry": { "type": "Polygon", "coordinates": [ [ [ 80.4285431, 16.3050957 ], [ 80.4285955, 16.3050958 ], [ 80.4285957, 16.3050394 ], [ 80.4285432, 16.3050393 ], [ 80.4285431, 16.3050957 ] ] ] } },
{ "type": "Feature", "properties": { "label": "Pothole", "confidence": 0.36, "on_road": 1, "size_m": 0.9, "gt_road_overlap": 1.0, "gt_roof_overlap": 0.0 }, "geometry": { "type": "Polygon", "coordinates": [ [ [ 80.4287686, 16.3047367 ], [ 80.4287768, 16.3047367 ], [ 80.4287768, 16.3047295 ], [ 80.4287686, 16.3047295 ], [ 80.4287686, 16.3047367 ] ] ] } },
{ "type": "Feature", "properties": { "label": "Pothole", "confidence": 0.35, "on_road": 0, "size_m": 1.0, "gt_road_overlap": 0.0, "gt_roof_overlap": 1.0 }, "geometry": { "type": "Polygon", "coordinates": [ [ [ 80.4287462, 16.3048918 ], [ 80.4287545, 16.3048919 ], [ 80.4287545, 16.304883 ], [ 80.4287463, 16.304883 ], [ 80.4287462, 16.3048918 ] ] ] } },
{ "type": "Feature", "properties": { "label": "Pothole", "confidence": 0.31, "on_road": 1, "size_m": 1.0, "gt_road_overlap": 1.0, "gt_roof_overlap": 0.0 }, "geometry": { "type": "Polygon", "coordinates": [ [ [ 80.4289525, 16.305276 ], [ 80.4289623, 16.3052761 ], [ 80.4289623, 16.3052674 ], [ 80.4289526, 16.3052674 ], [ 80.4289525, 16.305276 ] ] ] } },
{ "type": "Feature", "properties": { "label": "Pothole", "confidence": 0.3, "on_road": 0, "size_m": 0.9, "gt_road_overlap": 0.0, "gt_roof_overlap": 1.0 }, "geometry": { "type": "Polygon", "coordinates": [ [ [ 80.4291052, 16.3055908 ], [ 80.4291118, 16.3055908 ], [ 80.4291118, 16.3055825 ], [ 80.4291053, 16.3055825 ], [ 80.4291052, 16.3055908 ] ] ] } },
{ "type": "Feature", "properties": { "label": "Pothole", "confidence": 0.71, "on_road": 1, "size_m": 1.0, "gt_road_overlap": 1.0, "gt_roof_overlap": 0.0 }, "geometry": { "type": "Polygon", "coordinates": [ [ [ 80.4300594, 16.3050548 ], [ 80.4300673, 16.3050548 ], [ 80.4300673, 16.3050461 ], [ 80.4300594, 16.3050461 ], [ 80.4300594, 16.3050548 ] ] ] } },
{ "type": "Feature", "properties": { "label": "Pothole", "confidence": 0.54, "on_road": 1, "size_m": 0.8, "gt_road_overlap": 1.0, "gt_roof_overlap": 0.0 }, "geometry": { "type": "Polygon", "coordinates": [ [ [ 80.430592, 16.3046053 ], [ 80.4305997, 16.3046053 ], [ 80.4305997, 16.3045981 ], [ 80.430592, 16.3045981 ], [ 80.430592, 16.3046053 ] ] ] } },
{ "type": "Feature", "properties": { "label": "Pothole", "confidence": 0.53, "on_road": 1, "size_m": 0.6, "gt_road_overlap": 1.0, "gt_roof_overlap": 0.0 }, "geometry": { "type": "Polygon", "coordinates": [ [ [ 80.4295697, 16.3056251 ], [ 80.4295749, 16.3056251 ], [ 80.429575, 16.3056193 ], [ 80.4295697, 16.3056193 ], [ 80.4295697, 16.3056251 ] ] ] } },
{ "type": "Feature", "properties": { "label": "Pothole", "confidence": 0.52, "on_road": 0, "size_m": 2.2, "gt_road_overlap": 0.083, "gt_roof_overlap": 0.0 }, "geometry": { "type": "Polygon", "coordinates": [ [ [ 80.4301825, 16.3049021 ], [ 80.4301982, 16.3049022 ], [ 80.4301982, 16.3048823 ], [ 80.4301825, 16.3048822 ], [ 80.4301825, 16.3049021 ] ] ] } },
{ "type": "Feature", "properties": { "label": "Pothole", "confidence": 0.48, "on_road": 0, "size_m": 1.0, "gt_road_overlap": 0.0, "gt_roof_overlap": 0.008 }, "geometry": { "type": "Polygon", "coordinates": [ [ [ 80.4301521, 16.3052911 ], [ 80.4301572, 16.3052911 ], [ 80.4301572, 16.3052817 ], [ 80.4301522, 16.3052817 ], [ 80.4301521, 16.3052911 ] ] ] } },
{ "type": "Feature", "properties": { "label": "Pothole", "confidence": 0.48, "on_road": 1, "size_m": 1.2, "gt_road_overlap": 1.0, "gt_roof_overlap": 0.0 }, "geometry": { "type": "Polygon", "coordinates": [ [ [ 80.429754, 16.3054162 ], [ 80.4297631, 16.3054163 ], [ 80.4297632, 16.3054054 ], [ 80.429754, 16.3054054 ], [ 80.429754, 16.3054162 ] ] ] } },
{ "type": "Feature", "properties": { "label": "Pothole", "confidence": 0.42, "on_road": 0, "size_m": 4.3, "gt_road_overlap": 0.888, "gt_roof_overlap": 0.0 }, "geometry": { "type": "Polygon", "coordinates": [ [ [ 80.4306466, 16.3049655 ], [ 80.4306664, 16.3049656 ], [ 80.4306665, 16.3049266 ], [ 80.4306467, 16.3049265 ], [ 80.4306466, 16.3049655 ] ] ] } },
{ "type": "Feature", "properties": { "label": "Pothole", "confidence": 0.41, "on_road": 1, "size_m": 0.7, "gt_road_overlap": 1.0, "gt_roof_overlap": 0.0 }, "geometry": { "type": "Polygon", "coordinates": [ [ [ 80.4297316, 16.3054118 ], [ 80.429738, 16.3054119 ], [ 80.429738, 16.3054068 ], [ 80.4297317, 16.3054068 ], [ 80.4297316, 16.3054118 ] ] ] } },
{ "type": "Feature", "properties": { "label": "Pothole", "confidence": 0.4, "on_road": 1, "size_m": 1.6, "gt_road_overlap": 1.0, "gt_roof_overlap": 0.0 }, "geometry": { "type": "Polygon", "coordinates": [ [ [ 80.4299247, 16.3049673 ], [ 80.4299397, 16.3049674 ], [ 80.4299397, 16.3049554 ], [ 80.4299247, 16.3049553 ], [ 80.4299247, 16.3049673 ] ] ] } },
{ "type": "Feature", "properties": { "label": "Pothole", "confidence": 0.38, "on_road": 0, "size_m": 4.1, "gt_road_overlap": 0.0, "gt_roof_overlap": 0.998 }, "geometry": { "type": "Polygon", "coordinates": [ [ [ 80.4301628, 16.3056291 ], [ 80.4301912, 16.3056291 ], [ 80.4301913, 16.3055923 ], [ 80.4301629, 16.3055922 ], [ 80.4301628, 16.3056291 ] ] ] } },
{ "type": "Feature", "properties": { "label": "Pothole", "confidence": 0.34, "on_road": 1, "size_m": 1.0, "gt_road_overlap": 1.0, "gt_roof_overlap": 0.0 }, "geometry": { "type": "Polygon", "coordinates": [ [ [ 80.4306322, 16.305534 ], [ 80.4306397, 16.305534 ], [ 80.4306397, 16.3055253 ], [ 80.4306322, 16.3055253 ], [ 80.4306322, 16.305534 ] ] ] } },
{ "type": "Feature", "properties": { "label": "Pothole", "confidence": 0.34, "on_road": 1, "size_m": 1.4, "gt_road_overlap": 1.0, "gt_roof_overlap": 0.0 }, "geometry": { "type": "Polygon", "coordinates": [ [ [ 80.4306544, 16.3055553 ], [ 80.4306675, 16.3055553 ], [ 80.4306675, 16.3055448 ], [ 80.4306544, 16.3055448 ], [ 80.4306544, 16.3055553 ] ] ] } },
{ "type": "Feature", "properties": { "label": "Pothole", "confidence": 0.34, "on_road": 1, "size_m": 0.9, "gt_road_overlap": 1.0, "gt_roof_overlap": 0.0 }, "geometry": { "type": "Polygon", "coordinates": [ [ [ 80.4296377, 16.3055434 ], [ 80.4296463, 16.3055434 ], [ 80.4296463, 16.3055353 ], [ 80.4296377, 16.3055353 ], [ 80.4296377, 16.3055434 ] ] ] } },
{ "type": "Feature", "properties": { "label": "Pothole", "confidence": 0.33, "on_road": 1, "size_m": 1.8, "gt_road_overlap": 1.0, "gt_roof_overlap": 0.0 }, "geometry": { "type": "Polygon", "coordinates": [ [ [ 80.429545, 16.305761 ], [ 80.4295558, 16.305761 ], [ 80.4295559, 16.3057448 ], [ 80.429545, 16.3057447 ], [ 80.429545, 16.305761 ] ] ] } },
{ "type": "Feature", "properties": { "label": "Pothole", "confidence": 0.33, "on_road": 0, "size_m": 1.7, "gt_road_overlap": 0.153, "gt_roof_overlap": 0.0 }, "geometry": { "type": "Polygon", "coordinates": [ [ [ 80.4301618, 16.3052232 ], [ 80.4301744, 16.3052232 ], [ 80.4301745, 16.305208 ], [ 80.4301618, 16.305208 ], [ 80.4301618, 16.3052232 ] ] ] } },
{ "type": "Feature", "properties": { "label": "Pothole", "confidence": 0.33, "on_road": 0, "size_m": 1.2, "gt_road_overlap": 0.0, "gt_roof_overlap": 0.0 }, "geometry": { "type": "Polygon", "coordinates": [ [ [ 80.4299081, 16.3050173 ], [ 80.4299193, 16.3050173 ], [ 80.4299193, 16.3050097 ], [ 80.4299081, 16.3050097 ], [ 80.4299081, 16.3050173 ] ] ] } },
{ "type": "Feature", "properties": { "label": "Pothole", "confidence": 0.31, "on_road": 1, "size_m": 0.8, "gt_road_overlap": 1.0, "gt_roof_overlap": 0.0 }, "geometry": { "type": "Polygon", "coordinates": [ [ [ 80.4305331, 16.3046109 ], [ 80.430541, 16.3046109 ], [ 80.430541, 16.3046037 ], [ 80.4305331, 16.3046037 ], [ 80.4305331, 16.3046109 ] ] ] } },
{ "type": "Feature", "properties": { "label": "Pothole", "confidence": 0.3, "on_road": 1, "size_m": 0.6, "gt_road_overlap": 1.0, "gt_roof_overlap": 0.0 }, "geometry": { "type": "Polygon", "coordinates": [ [ [ 80.4296291, 16.3055499 ], [ 80.4296343, 16.3055499 ], [ 80.4296343, 16.3055449 ], [ 80.4296291, 16.3055449 ], [ 80.4296291, 16.3055499 ] ] ] } },
{ "type": "Feature", "properties": { "label": "Pothole", "confidence": 0.3, "on_road": 1, "size_m": 0.9, "gt_road_overlap": 1.0, "gt_roof_overlap": 0.0 }, "geometry": { "type": "Polygon", "coordinates": [ [ [ 80.4300122, 16.3050463 ], [ 80.4300208, 16.3050463 ], [ 80.4300208, 16.3050401 ], [ 80.4300123, 16.3050401 ], [ 80.4300122, 16.3050463 ] ] ] } },
{ "type": "Feature", "properties": { "label": "Pothole", "confidence": 0.3, "on_road": 0, "size_m": 4.2, "gt_road_overlap": 1.0, "gt_roof_overlap": 0.0 }, "geometry": { "type": "Polygon", "coordinates": [ [ [ 80.4301189, 16.3049884 ], [ 80.4301581, 16.3049885 ], [ 80.4301581, 16.3049726 ], [ 80.430119, 16.3049725 ], [ 80.4301189, 16.3049884 ] ] ] } },
{ "type": "Feature", "properties": { "label": "Pothole", "confidence": 0.28, "on_road": 1, "size_m": 1.0, "gt_road_overlap": 1.0, "gt_roof_overlap": 0.0 }, "geometry": { "type": "Polygon", "coordinates": [ [ [ 80.4298118, 16.3053419 ], [ 80.4298208, 16.3053419 ], [ 80.4298208, 16.305337 ], [ 80.4298118, 16.305337 ], [ 80.4298118, 16.3053419 ] ] ] } },
{ "type": "Feature", "properties": { "label": "Pothole", "confidence": 0.27, "on_road": 1, "size_m": 1.8, "gt_road_overlap": 1.0, "gt_roof_overlap": 0.0 }, "geometry": { "type": "Polygon", "coordinates": [ [ [ 80.4305917, 16.3055456 ], [ 80.4306082, 16.3055456 ], [ 80.4306082, 16.3055326 ], [ 80.4305918, 16.3055326 ], [ 80.4305917, 16.3055456 ] ] ] } },
{ "type": "Feature", "properties": { "label": "Pothole", "confidence": 0.25, "on_road": 1, "size_m": 0.7, "gt_road_overlap": 1.0, "gt_roof_overlap": 0.0 }, "geometry": { "type": "Polygon", "coordinates": [ [ [ 80.4304103, 16.3047778 ], [ 80.4304166, 16.3047778 ], [ 80.4304167, 16.3047724 ], [ 80.4304103, 16.3047724 ], [ 80.4304103, 16.3047778 ] ] ] } },
{ "type": "Feature", "properties": { "label": "Pothole", "confidence": 0.77, "on_road": 1, "size_m": 0.8, "gt_road_overlap": 0.703, "gt_roof_overlap": 0.0 }, "geometry": { "type": "Polygon", "coordinates": [ [ [ 80.4308209, 16.3046162 ], [ 80.4308284, 16.3046162 ], [ 80.4308284, 16.304609 ], [ 80.4308209, 16.304609 ], [ 80.4308209, 16.3046162 ] ] ] } },
{ "type": "Feature", "properties": { "label": "Pothole", "confidence": 0.7, "on_road": 1, "size_m": 1.2, "gt_road_overlap": 1.0, "gt_roof_overlap": 0.0 }, "geometry": { "type": "Polygon", "coordinates": [ [ [ 80.4309224, 16.3055981 ], [ 80.4309325, 16.3055981 ], [ 80.4309325, 16.3055875 ], [ 80.4309224, 16.3055874 ], [ 80.4309224, 16.3055981 ] ] ] } },
{ "type": "Feature", "properties": { "label": "Pothole", "confidence": 0.69, "on_road": 1, "size_m": 1.1, "gt_road_overlap": 1.0, "gt_roof_overlap": 0.0 }, "geometry": { "type": "Polygon", "coordinates": [ [ [ 80.4308829, 16.3057941 ], [ 80.4308898, 16.3057941 ], [ 80.4308898, 16.3057843 ], [ 80.4308829, 16.3057843 ], [ 80.4308829, 16.3057941 ] ] ] } },
{ "type": "Feature", "properties": { "label": "Pothole", "confidence": 0.64, "on_road": 1, "size_m": 0.6, "gt_road_overlap": 1.0, "gt_roof_overlap": 0.0 }, "geometry": { "type": "Polygon", "coordinates": [ [ [ 80.4313371, 16.3049772 ], [ 80.4313422, 16.3049772 ], [ 80.4313422, 16.3049718 ], [ 80.4313371, 16.3049718 ], [ 80.4313371, 16.3049772 ] ] ] } },
{ "type": "Feature", "properties": { "label": "Pothole", "confidence": 0.54, "on_road": 1, "size_m": 2.6, "gt_road_overlap": 1.0, "gt_roof_overlap": 0.0 }, "geometry": { "type": "Polygon", "coordinates": [ [ [ 80.4309308, 16.3055814 ], [ 80.4309458, 16.3055814 ], [ 80.4309459, 16.3055579 ], [ 80.4309309, 16.3055579 ], [ 80.4309308, 16.3055814 ] ] ] } },
{ "type": "Feature", "properties": { "label": "Pothole", "confidence": 0.46, "on_road": 1, "size_m": 0.7, "gt_road_overlap": 1.0, "gt_roof_overlap": 0.0 }, "geometry": { "type": "Polygon", "coordinates": [ [ [ 80.4314092, 16.3052942 ], [ 80.4314137, 16.3052943 ], [ 80.4314138, 16.3052882 ], [ 80.4314093, 16.3052882 ], [ 80.4314092, 16.3052942 ] ] ] } },
{ "type": "Feature", "properties": { "label": "Pothole", "confidence": 0.43, "on_road": 1, "size_m": 1.7, "gt_road_overlap": 1.0, "gt_roof_overlap": 0.0 }, "geometry": { "type": "Polygon", "coordinates": [ [ [ 80.4313955, 16.3057593 ], [ 80.4314118, 16.3057593 ], [ 80.4314119, 16.3057452 ], [ 80.4313956, 16.3057452 ], [ 80.4313955, 16.3057593 ] ] ] } },
{ "type": "Feature", "properties": { "label": "Pothole", "confidence": 0.42, "on_road": 1, "size_m": 1.0, "gt_road_overlap": 1.0, "gt_roof_overlap": 0.0 }, "geometry": { "type": "Polygon", "coordinates": [ [ [ 80.4319806, 16.3055719 ], [ 80.4319899, 16.3055719 ], [ 80.4319899, 16.3055634 ], [ 80.4319806, 16.3055634 ], [ 80.4319806, 16.3055719 ] ] ] } },
{ "type": "Feature", "properties": { "label": "Pothole", "confidence": 0.4, "on_road": 0, "size_m": 1.8, "gt_road_overlap": 0.0, "gt_roof_overlap": 1.0 }, "geometry": { "type": "Polygon", "coordinates": [ [ [ 80.4312929, 16.3053108 ], [ 80.4313094, 16.3053108 ], [ 80.4313094, 16.3053003 ], [ 80.431293, 16.3053003 ], [ 80.4312929, 16.3053108 ] ] ] } },
{ "type": "Feature", "properties": { "label": "Pothole", "confidence": 0.34, "on_road": 1, "size_m": 1.8, "gt_road_overlap": 1.0, "gt_roof_overlap": 0.0 }, "geometry": { "type": "Polygon", "coordinates": [ [ [ 80.4314825, 16.3055221 ], [ 80.4314881, 16.3055222 ], [ 80.4314882, 16.3055059 ], [ 80.4314826, 16.3055059 ], [ 80.4314825, 16.3055221 ] ] ] } },
{ "type": "Feature", "properties": { "label": "Pothole", "confidence": 0.32, "on_road": 0, "size_m": 4.2, "gt_road_overlap": 1.0, "gt_roof_overlap": 0.0 }, "geometry": { "type": "Polygon", "coordinates": [ [ [ 80.4309141, 16.3056624 ], [ 80.4309347, 16.3056624 ], [ 80.4309348, 16.3056248 ], [ 80.4309142, 16.3056248 ], [ 80.4309141, 16.3056624 ] ] ] } },
{ "type": "Feature", "properties": { "label": "Pothole", "confidence": 0.31, "on_road": 1, "size_m": 1.6, "gt_road_overlap": 1.0, "gt_roof_overlap": 0.0 }, "geometry": { "type": "Polygon", "coordinates": [ [ [ 80.4309692, 16.3057762 ], [ 80.4309797, 16.3057763 ], [ 80.4309797, 16.305762 ], [ 80.4309693, 16.3057619 ], [ 80.4309692, 16.3057762 ] ] ] } },
{ "type": "Feature", "properties": { "label": "Pothole", "confidence": 0.3, "on_road": 1, "size_m": 2.2, "gt_road_overlap": 1.0, "gt_roof_overlap": 0.0 }, "geometry": { "type": "Polygon", "coordinates": [ [ [ 80.431478, 16.3054865 ], [ 80.4314931, 16.3054866 ], [ 80.4314932, 16.305467 ], [ 80.431478, 16.305467 ], [ 80.431478, 16.3054865 ] ] ] } },
{ "type": "Feature", "properties": { "label": "Pothole", "confidence": 0.3, "on_road": 0, "size_m": 5.1, "gt_road_overlap": 1.0, "gt_roof_overlap": 0.0 }, "geometry": { "type": "Polygon", "coordinates": [ [ [ 80.4313464, 16.3057954 ], [ 80.4313939, 16.3057955 ], [ 80.431394, 16.3057659 ], [ 80.4313465, 16.3057658 ], [ 80.4313464, 16.3057954 ] ] ] } },
{ "type": "Feature", "properties": { "label": "Pothole", "confidence": 0.28, "on_road": 0, "size_m": 3.7, "gt_road_overlap": 0.117, "gt_roof_overlap": 0.952 }, "geometry": { "type": "Polygon", "coordinates": [ [ [ 80.4310228, 16.3057614 ], [ 80.4310571, 16.3057615 ], [ 80.4310571, 16.3057405 ], [ 80.4310229, 16.3057404 ], [ 80.4310228, 16.3057614 ] ] ] } },
{ "type": "Feature", "properties": { "label": "Pothole", "confidence": 0.25, "on_road": 1, "size_m": 0.6, "gt_road_overlap": 1.0, "gt_roof_overlap": 0.0 }, "geometry": { "type": "Polygon", "coordinates": [ [ [ 80.4320278, 16.3055424 ], [ 80.4320338, 16.3055424 ], [ 80.4320338, 16.3055376 ], [ 80.4320278, 16.3055375 ], [ 80.4320278, 16.3055424 ] ] ] } },
{ "type": "Feature", "properties": { "label": "Pothole", "confidence": 0.96, "on_road": 1, "size_m": 1.3, "gt_road_overlap": 0.461, "gt_roof_overlap": 0.0 }, "geometry": { "type": "Polygon", "coordinates": [ [ [ 80.4325473, 16.305666 ], [ 80.4325541, 16.3056661 ], [ 80.4325541, 16.3056545 ], [ 80.4325474, 16.3056545 ], [ 80.4325473, 16.305666 ] ] ] } },
{ "type": "Feature", "properties": { "label": "Pothole", "confidence": 0.7, "on_road": 1, "size_m": 2.1, "gt_road_overlap": 1.0, "gt_roof_overlap": 0.0 }, "geometry": { "type": "Polygon", "coordinates": [ [ [ 80.4324907, 16.3056285 ], [ 80.4325046, 16.3056286 ], [ 80.4325046, 16.3056094 ], [ 80.4324908, 16.3056094 ], [ 80.4324907, 16.3056285 ] ] ] } },
{ "type": "Feature", "properties": { "label": "Pothole", "confidence": 0.69, "on_road": 1, "size_m": 2.0, "gt_road_overlap": 0.363, "gt_roof_overlap": 0.0 }, "geometry": { "type": "Polygon", "coordinates": [ [ [ 80.4324493, 16.3051397 ], [ 80.432468, 16.3051397 ], [ 80.432468, 16.3051252 ], [ 80.4324493, 16.3051252 ], [ 80.4324493, 16.3051397 ] ] ] } },
{ "type": "Feature", "properties": { "label": "Pothole", "confidence": 0.64, "on_road": 1, "size_m": 1.6, "gt_road_overlap": 1.0, "gt_roof_overlap": 0.0 }, "geometry": { "type": "Polygon", "coordinates": [ [ [ 80.4323999, 16.3050027 ], [ 80.4324092, 16.3050028 ], [ 80.4324093, 16.3049886 ], [ 80.4323999, 16.3049886 ], [ 80.4323999, 16.3050027 ] ] ] } },
{ "type": "Feature", "properties": { "label": "Pothole", "confidence": 0.57, "on_road": 0, "size_m": 0.7, "gt_road_overlap": 0.0, "gt_roof_overlap": 0.0 }, "geometry": { "type": "Polygon", "coordinates": [ [ [ 80.4330861, 16.3046935 ], [ 80.433091, 16.3046935 ], [ 80.433091, 16.3046874 ], [ 80.4330861, 16.3046874 ], [ 80.4330861, 16.3046935 ] ] ] } },
{ "type": "Feature", "properties": { "label": "Pothole", "confidence": 0.44, "on_road": 1, "size_m": 1.2, "gt_road_overlap": 0.756, "gt_roof_overlap": 0.0 }, "geometry": { "type": "Polygon", "coordinates": [ [ [ 80.4323715, 16.3047122 ], [ 80.432383, 16.3047123 ], [ 80.432383, 16.3047041 ], [ 80.4323716, 16.3047041 ], [ 80.4323715, 16.3047122 ] ] ] } },
{ "type": "Feature", "properties": { "label": "Pothole", "confidence": 0.42, "on_road": 1, "size_m": 0.9, "gt_road_overlap": 1.0, "gt_roof_overlap": 0.0 }, "geometry": { "type": "Polygon", "coordinates": [ [ [ 80.4324661, 16.305328 ], [ 80.432474, 16.305328 ], [ 80.432474, 16.3053199 ], [ 80.4324662, 16.3053199 ], [ 80.4324661, 16.305328 ] ] ] } },
{ "type": "Feature", "properties": { "label": "Pothole", "confidence": 0.41, "on_road": 0, "size_m": 0.9, "gt_road_overlap": 0.0, "gt_roof_overlap": 1.0 }, "geometry": { "type": "Polygon", "coordinates": [ [ [ 80.4328455, 16.3045759 ], [ 80.4328541, 16.3045759 ], [ 80.4328541, 16.3045702 ], [ 80.4328455, 16.3045701 ], [ 80.4328455, 16.3045759 ] ] ] } },
{ "type": "Feature", "properties": { "label": "Pothole", "confidence": 0.36, "on_road": 0, "size_m": 1.3, "gt_road_overlap": 0.0, "gt_roof_overlap": 1.0 }, "geometry": { "type": "Polygon", "coordinates": [ [ [ 80.4333202, 16.3047958 ], [ 80.4333324, 16.3047958 ], [ 80.4333324, 16.304785 ], [ 80.4333202, 16.3047849 ], [ 80.4333202, 16.3047958 ] ] ] } },
{ "type": "Feature", "properties": { "label": "Pothole", "confidence": 0.29, "on_road": 0, "size_m": 7.7, "gt_road_overlap": 1.0, "gt_roof_overlap": 0.0 }, "geometry": { "type": "Polygon", "coordinates": [ [ [ 80.4331917, 16.3056887 ], [ 80.4332162, 16.3056888 ], [ 80.4332164, 16.305619 ], [ 80.4331919, 16.3056189 ], [ 80.4331917, 16.3056887 ] ] ] } },
{ "type": "Feature", "properties": { "label": "Pothole", "confidence": 0.27, "on_road": 1, "size_m": 0.7, "gt_road_overlap": 1.0, "gt_roof_overlap": 0.0 }, "geometry": { "type": "Polygon", "coordinates": [ [ [ 80.4324313, 16.3050416 ], [ 80.4324378, 16.3050416 ], [ 80.4324378, 16.3050366 ], [ 80.4324314, 16.3050366 ], [ 80.4324313, 16.3050416 ] ] ] } },
{ "type": "Feature", "properties": { "label": "Pothole", "confidence": 0.9, "on_road": 0, "size_m": 1.4, "gt_road_overlap": 0.0, "gt_roof_overlap": 0.186 }, "geometry": { "type": "Polygon", "coordinates": [ [ [ 80.4344741, 16.30569 ], [ 80.4344852, 16.30569 ], [ 80.4344852, 16.3056777 ], [ 80.4344742, 16.3056777 ], [ 80.4344741, 16.30569 ] ] ] } },
{ "type": "Feature", "properties": { "label": "Pothole", "confidence": 0.79, "on_road": 1, "size_m": 1.8, "gt_road_overlap": 1.0, "gt_roof_overlap": 0.0 }, "geometry": { "type": "Polygon", "coordinates": [ [ [ 80.4347486, 16.3057706 ], [ 80.4347651, 16.3057707 ], [ 80.4347651, 16.305756 ], [ 80.4347487, 16.305756 ], [ 80.4347486, 16.3057706 ] ] ] } },
{ "type": "Feature", "properties": { "label": "Pothole", "confidence": 0.66, "on_road": 0, "size_m": 6.2, "gt_road_overlap": 1.0, "gt_roof_overlap": 0.0 }, "geometry": { "type": "Polygon", "coordinates": [ [ [ 80.4337778, 16.3048991 ], [ 80.4338093, 16.3048992 ], [ 80.4338094, 16.3048435 ], [ 80.433778, 16.3048435 ], [ 80.4337778, 16.3048991 ] ] ] } },
{ "type": "Feature", "properties": { "label": "Pothole", "confidence": 0.65, "on_road": 0, "size_m": 1.4, "gt_road_overlap": 0.0, "gt_roof_overlap": 1.0 }, "geometry": { "type": "Polygon", "coordinates": [ [ [ 80.4343107, 16.3047277 ], [ 80.4343201, 16.3047278 ], [ 80.4343201, 16.3047155 ], [ 80.4343108, 16.3047154 ], [ 80.4343107, 16.3047277 ] ] ] } },
{ "type": "Feature", "properties": { "label": "Pothole", "confidence": 0.58, "on_road": 0, "size_m": 1.2, "gt_road_overlap": 0.0, "gt_roof_overlap": 0.0 }, "geometry": { "type": "Polygon", "coordinates": [ [ [ 80.434402, 16.3050979 ], [ 80.434413, 16.3050979 ], [ 80.4344131, 16.3050878 ], [ 80.434402, 16.3050878 ], [ 80.434402, 16.3050979 ] ] ] } },
{ "type": "Feature", "properties": { "label": "Pothole", "confidence": 0.56, "on_road": 1, "size_m": 0.8, "gt_road_overlap": 1.0, "gt_roof_overlap": 0.0 }, "geometry": { "type": "Polygon", "coordinates": [ [ [ 80.433893, 16.3052637 ], [ 80.433899, 16.3052637 ], [ 80.4338991, 16.3052561 ], [ 80.4338931, 16.3052561 ], [ 80.433893, 16.3052637 ] ] ] } },
{ "type": "Feature", "properties": { "label": "Pothole", "confidence": 0.54, "on_road": 1, "size_m": 1.7, "gt_road_overlap": 1.0, "gt_roof_overlap": 0.0 }, "geometry": { "type": "Polygon", "coordinates": [ [ [ 80.4347451, 16.3047933 ], [ 80.4347608, 16.3047933 ], [ 80.4347608, 16.30478 ], [ 80.4347451, 16.30478 ], [ 80.4347451, 16.3047933 ] ] ] } },
{ "type": "Feature", "properties": { "label": "Pothole", "confidence": 0.5, "on_road": 0, "size_m": 8.7, "gt_road_overlap": 0.0, "gt_roof_overlap": 0.992 }, "geometry": { "type": "Polygon", "coordinates": [ [ [ 80.4339922, 16.3047793 ], [ 80.4340734, 16.3047795 ], [ 80.4340735, 16.3047528 ], [ 80.4339922, 16.3047526 ], [ 80.4339922, 16.3047793 ] ] ] } },
{ "type": "Feature", "properties": { "label": "Pothole", "confidence": 0.43, "on_road": 0, "size_m": 0.7, "gt_road_overlap": 0.0, "gt_roof_overlap": 1.0 }, "geometry": { "type": "Polygon", "coordinates": [ [ [ 80.4342956, 16.304718 ], [ 80.4343009, 16.304718 ], [ 80.4343009, 16.3047121 ], [ 80.4342956, 16.3047121 ], [ 80.4342956, 16.304718 ] ] ] } },
{ "type": "Feature", "properties": { "label": "Pothole", "confidence": 0.37, "on_road": 1, "size_m": 2.0, "gt_road_overlap": 1.0, "gt_roof_overlap": 0.0 }, "geometry": { "type": "Polygon", "coordinates": [ [ [ 80.4347912, 16.3057945 ], [ 80.4348058, 16.3057946 ], [ 80.4348059, 16.3057765 ], [ 80.4347913, 16.3057765 ], [ 80.4347912, 16.3057945 ] ] ] } },
{ "type": "Feature", "properties": { "label": "Pothole", "confidence": 0.31, "on_road": 0, "size_m": 1.0, "gt_road_overlap": 0.0, "gt_roof_overlap": 0.0 }, "geometry": { "type": "Polygon", "coordinates": [ [ [ 80.4345099, 16.3050758 ], [ 80.4345181, 16.3050758 ], [ 80.4345181, 16.3050664 ], [ 80.4345099, 16.3050664 ], [ 80.4345099, 16.3050758 ] ] ] } },
{ "type": "Feature", "properties": { "label": "Pothole", "confidence": 0.3, "on_road": 0, "size_m": 0.9, "gt_road_overlap": 0.0, "gt_roof_overlap": 1.0 }, "geometry": { "type": "Polygon", "coordinates": [ [ [ 80.4343987, 16.3057325 ], [ 80.4344065, 16.3057325 ], [ 80.4344065, 16.3057245 ], [ 80.4343987, 16.3057245 ], [ 80.4343987, 16.3057325 ] ] ] } },
{ "type": "Feature", "properties": { "label": "Pothole", "confidence": 0.29, "on_road": 0, "size_m": 3.2, "gt_road_overlap": 1.0, "gt_roof_overlap": 0.728 }, "geometry": { "type": "Polygon", "coordinates": [ [ [ 80.4338138, 16.3048264 ], [ 80.4338276, 16.3048265 ], [ 80.4338277, 16.3047971 ], [ 80.4338139, 16.3047971 ], [ 80.4338138, 16.3048264 ] ] ] } },
{ "type": "Feature", "properties": { "label": "Pothole", "confidence": 0.28, "on_road": 1, "size_m": 2.7, "gt_road_overlap": 0.997, "gt_roof_overlap": 0.0 }, "geometry": { "type": "Polygon", "coordinates": [ [ [ 80.4346974, 16.3058304 ], [ 80.4347164, 16.3058304 ], [ 80.4347165, 16.3058062 ], [ 80.4346974, 16.3058061 ], [ 80.4346974, 16.3058304 ] ] ] } },
{ "type": "Feature", "properties": { "label": "Pothole", "confidence": 0.25, "on_road": 0, "size_m": 0.8, "gt_road_overlap": 0.0, "gt_roof_overlap": 1.0 }, "geometry": { "type": "Polygon", "coordinates": [ [ [ 80.4343097, 16.3057131 ], [ 80.4343171, 16.3057131 ], [ 80.4343171, 16.3057062 ], [ 80.4343097, 16.3057062 ], [ 80.4343097, 16.3057131 ] ] ] } },
{ "type": "Feature", "properties": { "label": "Pothole", "confidence": 0.25, "on_road": 0, "size_m": 0.9, "gt_road_overlap": 0.859, "gt_roof_overlap": 0.312 }, "geometry": { "type": "Polygon", "coordinates": [ [ [ 80.4341282, 16.3054784 ], [ 80.4341368, 16.3054784 ], [ 80.4341368, 16.3054711 ], [ 80.4341282, 16.3054711 ], [ 80.4341282, 16.3054784 ] ] ] } },
{ "type": "Feature", "properties": { "label": "Pothole", "confidence": 0.46, "on_road": 0, "size_m": 0.8, "gt_road_overlap": 0.0, "gt_roof_overlap": 0.0 }, "geometry": { "type": "Polygon", "coordinates": [ [ [ 80.4356183, 16.304713 ], [ 80.4356257, 16.304713 ], [ 80.4356258, 16.3047058 ], [ 80.4356183, 16.3047057 ], [ 80.4356183, 16.304713 ] ] ] } },
{ "type": "Feature", "properties": { "label": "Pothole", "confidence": 0.46, "on_road": 0, "size_m": 1.4, "gt_road_overlap": 0.0, "gt_roof_overlap": 0.0 }, "geometry": { "type": "Polygon", "coordinates": [ [ [ 80.4355661, 16.3054687 ], [ 80.4355785, 16.3054688 ], [ 80.4355785, 16.3054565 ], [ 80.4355661, 16.3054564 ], [ 80.4355661, 16.3054687 ] ] ] } },
{ "type": "Feature", "properties": { "label": "Pothole", "confidence": 0.4, "on_road": 0, "size_m": 4.9, "gt_road_overlap": 0.0, "gt_roof_overlap": 0.0 }, "geometry": { "type": "Polygon", "coordinates": [ [ [ 80.4353878, 16.3058634 ], [ 80.4354338, 16.3058635 ], [ 80.4354339, 16.3058353 ], [ 80.4353879, 16.3058352 ], [ 80.4353878, 16.3058634 ] ] ] } },
{ "type": "Feature", "properties": { "label": "Pothole", "confidence": 0.26, "on_road": 1, "size_m": 0.7, "gt_road_overlap": 1.0, "gt_roof_overlap": 0.0 }, "geometry": { "type": "Polygon", "coordinates": [ [ [ 80.4348294, 16.3047584 ], [ 80.4348362, 16.3047584 ], [ 80.4348362, 16.304753 ], [ 80.4348294, 16.304753 ], [ 80.4348294, 16.3047584 ] ] ] } },
{ "type": "Feature", "properties": { "label": "Pothole", "confidence": 0.26, "on_road": 1, "size_m": 1.2, "gt_road_overlap": 1.0, "gt_roof_overlap": 0.0 }, "geometry": { "type": "Polygon", "coordinates": [ [ [ 80.4361051, 16.3046244 ], [ 80.4361156, 16.3046244 ], [ 80.4361156, 16.304614 ], [ 80.4361051, 16.3046139 ], [ 80.4361051, 16.3046244 ] ] ] } },
{ "type": "Feature", "properties": { "label": "Pothole", "confidence": 0.93, "on_road": 0, "size_m": 6.3, "gt_road_overlap": 0.0, "gt_roof_overlap": 0.0 }, "geometry": { "type": "Polygon", "coordinates": [ [ [ 80.4363018, 16.3047784 ], [ 80.4363388, 16.3047785 ], [ 80.436339, 16.3047214 ], [ 80.4363019, 16.3047213 ], [ 80.4363018, 16.3047784 ] ] ] } },
{ "type": "Feature", "properties": { "label": "Pothole", "confidence": 0.92, "on_road": 0, "size_m": 1.0, "gt_road_overlap": 0.0, "gt_roof_overlap": 1.0 }, "geometry": { "type": "Polygon", "coordinates": [ [ [ 80.4373086, 16.3056307 ], [ 80.4373168, 16.3056307 ], [ 80.4373168, 16.305622 ], [ 80.4373086, 16.305622 ], [ 80.4373086, 16.3056307 ] ] ] } },
{ "type": "Feature", "properties": { "label": "Pothole", "confidence": 0.88, "on_road": 1, "size_m": 1.6, "gt_road_overlap": 1.0, "gt_roof_overlap": 0.0 }, "geometry": { "type": "Polygon", "coordinates": [ [ [ 80.4372099, 16.3055554 ], [ 80.43722, 16.3055554 ], [ 80.4372201, 16.3055409 ], [ 80.43721, 16.3055409 ], [ 80.4372099, 16.3055554 ] ] ] } },
{ "type": "Feature", "properties": { "label": "Pothole", "confidence": 0.85, "on_road": 1, "size_m": 3.7, "gt_road_overlap": 1.0, "gt_roof_overlap": 0.0 }, "geometry": { "type": "Polygon", "coordinates": [ [ [ 80.4372881, 16.3051822 ], [ 80.437317, 16.3051823 ], [ 80.4373171, 16.3051491 ], [ 80.4372882, 16.305149 ], [ 80.4372881, 16.3051822 ] ] ] } },
{ "type": "Feature", "properties": { "label": "Pothole", "confidence": 0.63, "on_road": 1, "size_m": 1.5, "gt_road_overlap": 1.0, "gt_roof_overlap": 0.0 }, "geometry": { "type": "Polygon", "coordinates": [ [ [ 80.4372168, 16.304996 ], [ 80.4372303, 16.3049961 ], [ 80.4372303, 16.3049826 ], [ 80.4372168, 16.3049825 ], [ 80.4372168, 16.304996 ] ] ] } },
{ "type": "Feature", "properties": { "label": "Pothole", "confidence": 0.6, "on_road": 1, "size_m": 0.8, "gt_road_overlap": 1.0, "gt_roof_overlap": 0.0 }, "geometry": { "type": "Polygon", "coordinates": [ [ [ 80.4373095, 16.3054864 ], [ 80.4373168, 16.3054864 ], [ 80.4373168, 16.3054792 ], [ 80.4373095, 16.3054792 ], [ 80.4373095, 16.3054864 ] ] ] } },
{ "type": "Feature", "properties": { "label": "Pothole", "confidence": 0.44, "on_road": 0, "size_m": 8.9, "gt_road_overlap": 0.051, "gt_roof_overlap": 1.0 }, "geometry": { "type": "Polygon", "coordinates": [ [ [ 80.4374334, 16.3052544 ], [ 80.4375169, 16.3052546 ], [ 80.437517, 16.3052168 ], [ 80.4374335, 16.3052166 ], [ 80.4374334, 16.3052544 ] ] ] } },
{ "type": "Feature", "properties": { "label": "Pothole", "confidence": 0.43, "on_road": 0, "size_m": 2.7, "gt_road_overlap": 0.0, "gt_roof_overlap": 0.0 }, "geometry": { "type": "Polygon", "coordinates": [ [ [ 80.4362247, 16.304705 ], [ 80.4362498, 16.3047051 ], [ 80.4362499, 16.3046928 ], [ 80.4362248, 16.3046927 ], [ 80.4362247, 16.304705 ] ] ] } },
{ "type": "Feature", "properties": { "label": "Pothole", "confidence": 0.41, "on_road": 1, "size_m": 0.6, "gt_road_overlap": 1.0, "gt_roof_overlap": 0.0 }, "geometry": { "type": "Polygon", "coordinates": [ [ [ 80.4373998, 16.3055409 ], [ 80.4374043, 16.3055409 ], [ 80.4374043, 16.3055358 ], [ 80.4373998, 16.3055358 ], [ 80.4373998, 16.3055409 ] ] ] } },
{ "type": "Feature", "properties": { "label": "Pothole", "confidence": 0.37, "on_road": 1, "size_m": 1.2, "gt_road_overlap": 1.0, "gt_roof_overlap": 0.0 }, "geometry": { "type": "Polygon", "coordinates": [ [ [ 80.4374143, 16.3055698 ], [ 80.4374203, 16.3055698 ], [ 80.4374204, 16.3055594 ], [ 80.4374144, 16.3055594 ], [ 80.4374143, 16.3055698 ] ] ] } },
{ "type": "Feature", "properties": { "label": "Pothole", "confidence": 0.33, "on_road": 1, "size_m": 1.4, "gt_road_overlap": 1.0, "gt_roof_overlap": 0.0 }, "geometry": { "type": "Polygon", "coordinates": [ [ [ 80.4372158, 16.3049966 ], [ 80.4372286, 16.3049966 ], [ 80.4372286, 16.3049915 ], [ 80.4372159, 16.3049915 ], [ 80.4372158, 16.3049966 ] ] ] } },
{ "type": "Feature", "properties": { "label": "Pothole", "confidence": 0.31, "on_road": 0, "size_m": 0.8, "gt_road_overlap": 0.0, "gt_roof_overlap": 0.0 }, "geometry": { "type": "Polygon", "coordinates": [ [ [ 80.436664, 16.3049071 ], [ 80.4366715, 16.3049071 ], [ 80.4366715, 16.3049001 ], [ 80.436664, 16.3049001 ], [ 80.436664, 16.3049071 ] ] ] } },
{ "type": "Feature", "properties": { "label": "Pothole", "confidence": 0.26, "on_road": 0, "size_m": 5.4, "gt_road_overlap": 0.0, "gt_roof_overlap": 0.0 }, "geometry": { "type": "Polygon", "coordinates": [ [ [ 80.4363676, 16.3047179 ], [ 80.4364036, 16.304718 ], [ 80.4364037, 16.3046691 ], [ 80.4363678, 16.304669 ], [ 80.4363676, 16.3047179 ] ] ] } },
{ "type": "Feature", "properties": { "label": "Pothole", "confidence": 0.26, "on_road": 1, "size_m": 1.2, "gt_road_overlap": 1.0, "gt_roof_overlap": 0.0 }, "geometry": { "type": "Polygon", "coordinates": [ [ [ 80.4369475, 16.3048353 ], [ 80.4369583, 16.3048353 ], [ 80.4369584, 16.3048245 ], [ 80.4369475, 16.3048244 ], [ 80.4369475, 16.3048353 ] ] ] } },
{ "type": "Feature", "properties": { "label": "Pothole", "confidence": 0.26, "on_road": 1, "size_m": 0.9, "gt_road_overlap": 1.0, "gt_roof_overlap": 0.0 }, "geometry": { "type": "Polygon", "coordinates": [ [ [ 80.4373728, 16.3051832 ], [ 80.4373795, 16.3051832 ], [ 80.4373795, 16.3051751 ], [ 80.4373728, 16.3051751 ], [ 80.4373728, 16.3051832 ] ] ] } },
{ "type": "Feature", "properties": { "label": "Pothole", "confidence": 0.25, "on_road": 1, "size_m": 1.7, "gt_road_overlap": 1.0, "gt_roof_overlap": 0.0 }, "geometry": { "type": "Polygon", "coordinates": [ [ [ 80.4370459, 16.3051823 ], [ 80.437062, 16.3051824 ], [ 80.437062, 16.3051708 ], [ 80.4370459, 16.3051708 ], [ 80.4370459, 16.3051823 ] ] ] } },
{ "type": "Feature", "properties": { "label": "Pothole", "confidence": 0.81, "on_road": 1, "size_m": 0.7, "gt_road_overlap": 1.0, "gt_roof_overlap": 0.0 }, "geometry": { "type": "Polygon", "coordinates": [ [ [ 80.4387653, 16.3052259 ], [ 80.4387716, 16.305226 ], [ 80.4387717, 16.3052195 ], [ 80.4387653, 16.3052194 ], [ 80.4387653, 16.3052259 ] ] ] } },
{ "type": "Feature", "properties": { "label": "Pothole", "confidence": 0.8, "on_road": 0, "size_m": 5.0, "gt_road_overlap": 1.0, "gt_roof_overlap": 0.043 }, "geometry": { "type": "Polygon", "coordinates": [ [ [ 80.4384844, 16.3056945 ], [ 80.4385309, 16.3056947 ], [ 80.438531, 16.3056621 ], [ 80.4384845, 16.305662 ], [ 80.4384844, 16.3056945 ] ] ] } },
{ "type": "Feature", "properties": { "label": "Pothole", "confidence": 0.65, "on_road": 1, "size_m": 3.4, "gt_road_overlap": 1.0, "gt_roof_overlap": 0.0 }, "geometry": { "type": "Polygon", "coordinates": [ [ [ 80.4375061, 16.3047793 ], [ 80.4375328, 16.3047794 ], [ 80.4375329, 16.3047483 ], [ 80.4375062, 16.3047482 ], [ 80.4375061, 16.3047793 ] ] ] } },
{ "type": "Feature", "properties": { "label": "Pothole", "confidence": 0.58, "on_road": 1, "size_m": 2.2, "gt_road_overlap": 1.0, "gt_roof_overlap": 0.0 }, "geometry": { "type": "Polygon", "coordinates": [ [ [ 80.4384626, 16.3057448 ], [ 80.4384828, 16.3057448 ], [ 80.4384828, 16.3057289 ], [ 80.4384626, 16.3057288 ], [ 80.4384626, 16.3057448 ] ] ] } },
{ "type": "Feature", "properties": { "label": "Pothole", "confidence": 0.57, "on_road": 0, "size_m": 1.4, "gt_road_overlap": 0.0, "gt_roof_overlap": 0.0 }, "geometry": { "type": "Polygon", "coordinates": [ [ [ 80.4383705, 16.3058425 ], [ 80.4383806, 16.3058425 ], [ 80.4383807, 16.3058295 ], [ 80.4383705, 16.3058295 ], [ 80.4383705, 16.3058425 ] ] ] } },
{ "type": "Feature", "properties": { "label": "Pothole", "confidence": 0.55, "on_road": 1, "size_m": 0.7, "gt_road_overlap": 1.0, "gt_roof_overlap": 0.0 }, "geometry": { "type": "Polygon", "coordinates": [ [ [ 80.4385659, 16.305612 ], [ 80.4385712, 16.305612 ], [ 80.4385712, 16.3056058 ], [ 80.4385659, 16.3056058 ], [ 80.4385659, 16.305612 ] ] ] } },
{ "type": "Feature", "properties": { "label": "Pothole", "confidence": 0.49, "on_road": 0, "size_m": 0.6, "gt_road_overlap": 0.0, "gt_roof_overlap": 0.0 }, "geometry": { "type": "Polygon", "coordinates": [ [ [ 80.4377822, 16.3053719 ], [ 80.4377882, 16.305372 ], [ 80.4377882, 16.3053669 ], [ 80.4377822, 16.3053669 ], [ 80.4377822, 16.3053719 ] ] ] } },
{ "type": "Feature", "properties": { "label": "Pothole", "confidence": 0.41, "on_road": 1, "size_m": 1.0, "gt_road_overlap": 1.0, "gt_roof_overlap": 0.0 }, "geometry": { "type": "Polygon", "coordinates": [ [ [ 80.4386193, 16.3051572 ], [ 80.4386268, 16.3051572 ], [ 80.4386268, 16.3051486 ], [ 80.4386193, 16.3051485 ], [ 80.4386193, 16.3051572 ] ] ] } },
{ "type": "Feature", "properties": { "label": "Pothole", "confidence": 0.41, "on_road": 1, "size_m": 0.6, "gt_road_overlap": 1.0, "gt_roof_overlap": 0.0 }, "geometry": { "type": "Polygon", "coordinates": [ [ [ 80.4385949, 16.305577 ], [ 80.4386001, 16.305577 ], [ 80.4386001, 16.3055719 ], [ 80.4385949, 16.3055719 ], [ 80.4385949, 16.305577 ] ] ] } },
{ "type": "Feature", "properties": { "label": "Pothole", "confidence": 0.4, "on_road": 1, "size_m": 2.9, "gt_road_overlap": 1.0, "gt_roof_overlap": 0.0 }, "geometry": { "type": "Polygon", "coordinates": [ [ [ 80.4383042, 16.3054735 ], [ 80.4383316, 16.3054736 ], [ 80.4383316, 16.3054598 ], [ 80.4383043, 16.3054598 ], [ 80.4383042, 16.3054735 ] ] ] } },
{ "type": "Feature", "properties": { "label": "Pothole", "confidence": 0.39, "on_road": 1, "size_m": 4.0, "gt_road_overlap": 1.0, "gt_roof_overlap": 0.0 }, "geometry": { "type": "Polygon", "coordinates": [ [ [ 80.4386523, 16.305188 ], [ 80.4386894, 16.3051881 ], [ 80.4386894, 16.305165 ], [ 80.4386524, 16.3051649 ], [ 80.4386523, 16.305188 ] ] ] } },
{ "type": "Feature", "properties": { "label": "Pothole", "confidence": 0.33, "on_road": 1, "size_m": 1.5, "gt_road_overlap": 1.0, "gt_roof_overlap": 0.0 }, "geometry": { "type": "Polygon", "coordinates": [ [ [ 80.4377893, 16.3047934 ], [ 80.4377969, 16.3047934 ], [ 80.4377969, 16.3047797 ], [ 80.4377894, 16.3047797 ], [ 80.4377893, 16.3047934 ] ] ] } },
{ "type": "Feature", "properties": { "label": "Transverse crack", "confidence": 0.33, "on_road": 0, "size_m": 10.2, "gt_road_overlap": 0.263, "gt_roof_overlap": 0.37 }, "geometry": { "type": "Polygon", "coordinates": [ [ [ 80.4387663, 16.3053308 ], [ 80.4388621, 16.3053311 ], [ 80.4388623, 16.3052833 ], [ 80.4387664, 16.3052831 ], [ 80.4387663, 16.3053308 ] ] ] } },
{ "type": "Feature", "properties": { "label": "Pothole", "confidence": 0.33, "on_road": 0, "size_m": 1.5, "gt_road_overlap": 0.0, "gt_roof_overlap": 1.0 }, "geometry": { "type": "Polygon", "coordinates": [ [ [ 80.4383109, 16.3056113 ], [ 80.4383252, 16.3056113 ], [ 80.4383252, 16.305599 ], [ 80.438311, 16.305599 ], [ 80.4383109, 16.3056113 ] ] ] } },
{ "type": "Feature", "properties": { "label": "Pothole", "confidence": 0.25, "on_road": 1, "size_m": 0.5, "gt_road_overlap": 1.0, "gt_roof_overlap": 0.0 }, "geometry": { "type": "Polygon", "coordinates": [ [ [ 80.4376774, 16.3052117 ], [ 80.4376812, 16.3052117 ], [ 80.4376812, 16.3052073 ], [ 80.4376775, 16.3052073 ], [ 80.4376774, 16.3052117 ] ] ] } },
{ "type": "Feature", "properties": { "label": "Pothole", "confidence": 0.87, "on_road": 1, "size_m": 1.3, "gt_road_overlap": 1.0, "gt_roof_overlap": 0.0 }, "geometry": { "type": "Polygon", "coordinates": [ [ [ 80.4399236, 16.3050007 ], [ 80.4399304, 16.3050007 ], [ 80.4399304, 16.3049889 ], [ 80.4399236, 16.3049889 ], [ 80.4399236, 16.3050007 ] ] ] } },
{ "type": "Feature", "properties": { "label": "Pothole", "confidence": 0.82, "on_road": 1, "size_m": 1.2, "gt_road_overlap": 1.0, "gt_roof_overlap": 0.0 }, "geometry": { "type": "Polygon", "coordinates": [ [ [ 80.4390195, 16.3058336 ], [ 80.4390307, 16.3058336 ], [ 80.4390307, 16.3058227 ], [ 80.4390195, 16.3058227 ], [ 80.4390195, 16.3058336 ] ] ] } },
{ "type": "Feature", "properties": { "label": "Pothole", "confidence": 0.75, "on_road": 1, "size_m": 0.8, "gt_road_overlap": 1.0, "gt_roof_overlap": 0.0 }, "geometry": { "type": "Polygon", "coordinates": [ [ [ 80.4401584, 16.3046167 ], [ 80.4401636, 16.3046168 ], [ 80.4401636, 16.3046095 ], [ 80.4401584, 16.3046095 ], [ 80.4401584, 16.3046167 ] ] ] } },
{ "type": "Feature", "properties": { "label": "Pothole", "confidence": 0.64, "on_road": 1, "size_m": 0.8, "gt_road_overlap": 1.0, "gt_roof_overlap": 0.0 }, "geometry": { "type": "Polygon", "coordinates": [ [ [ 80.4394086, 16.3050599 ], [ 80.4394164, 16.3050599 ], [ 80.4394164, 16.305053 ], [ 80.4394086, 16.305053 ], [ 80.4394086, 16.3050599 ] ] ] } },
{ "type": "Feature", "properties": { "label": "Pothole", "confidence": 0.59, "on_road": 1, "size_m": 1.6, "gt_road_overlap": 1.0, "gt_roof_overlap": 0.0 }, "geometry": { "type": "Polygon", "coordinates": [ [ [ 80.4400074, 16.3053558 ], [ 80.4400217, 16.3053558 ], [ 80.4400217, 16.3053414 ], [ 80.4400075, 16.3053413 ], [ 80.4400074, 16.3053558 ] ] ] } },
{ "type": "Feature", "properties": { "label": "Pothole", "confidence": 0.53, "on_road": 0, "size_m": 2.8, "gt_road_overlap": 0.723, "gt_roof_overlap": 0.628 }, "geometry": { "type": "Polygon", "coordinates": [ [ [ 80.439704, 16.3051749 ], [ 80.4397219, 16.305175 ], [ 80.439722, 16.3051497 ], [ 80.439704, 16.3051496 ], [ 80.439704, 16.3051749 ] ] ] } },
{ "type": "Feature", "properties": { "label": "Pothole", "confidence": 0.39, "on_road": 0, "size_m": 1.4, "gt_road_overlap": 0.0, "gt_roof_overlap": 1.0 }, "geometry": { "type": "Polygon", "coordinates": [ [ [ 80.4395378, 16.3053081 ], [ 80.439546, 16.3053081 ], [ 80.439546, 16.3052956 ], [ 80.4395378, 16.3052956 ], [ 80.4395378, 16.3053081 ] ] ] } },
{ "type": "Feature", "properties": { "label": "Pothole", "confidence": 0.38, "on_road": 1, "size_m": 1.0, "gt_road_overlap": 1.0, "gt_roof_overlap": 0.0 }, "geometry": { "type": "Polygon", "coordinates": [ [ [ 80.4399998, 16.3048785 ], [ 80.4400092, 16.3048785 ], [ 80.4400092, 16.3048706 ], [ 80.4399998, 16.3048705 ], [ 80.4399998, 16.3048785 ] ] ] } },
{ "type": "Feature", "properties": { "label": "Pothole", "confidence": 0.37, "on_road": 0, "size_m": 1.8, "gt_road_overlap": 0.0, "gt_roof_overlap": 1.0 }, "geometry": { "type": "Polygon", "coordinates": [ [ [ 80.4401028, 16.3051924 ], [ 80.4401174, 16.3051925 ], [ 80.4401175, 16.3051762 ], [ 80.4401029, 16.3051762 ], [ 80.4401028, 16.3051924 ] ] ] } },
{ "type": "Feature", "properties": { "label": "Pothole", "confidence": 0.36, "on_road": 0, "size_m": 5.0, "gt_road_overlap": 1.0, "gt_roof_overlap": 0.0 }, "geometry": { "type": "Polygon", "coordinates": [ [ [ 80.4400509, 16.3053924 ], [ 80.4400974, 16.3053926 ], [ 80.4400974, 16.3053709 ], [ 80.440051, 16.3053707 ], [ 80.4400509, 16.3053924 ] ] ] } },
{ "type": "Feature", "properties": { "label": "Pothole", "confidence": 0.35, "on_road": 1, "size_m": 1.0, "gt_road_overlap": 1.0, "gt_roof_overlap": 0.0 }, "geometry": { "type": "Polygon", "coordinates": [ [ [ 80.4396909, 16.3055453 ], [ 80.4396994, 16.3055454 ], [ 80.4396994, 16.3055363 ], [ 80.4396909, 16.3055363 ], [ 80.4396909, 16.3055453 ] ] ] } },
{ "type": "Feature", "properties": { "label": "Pothole", "confidence": 0.3, "on_road": 1, "size_m": 1.4, "gt_road_overlap": 1.0, "gt_roof_overlap": 0.0 }, "geometry": { "type": "Polygon", "coordinates": [ [ [ 80.4401585, 16.3046164 ], [ 80.440169, 16.3046164 ], [ 80.4401691, 16.3046034 ], [ 80.4401586, 16.3046034 ], [ 80.4401585, 16.3046164 ] ] ] } },
{ "type": "Feature", "properties": { "label": "Pothole", "confidence": 0.3, "on_road": 0, "size_m": 1.8, "gt_road_overlap": 0.0, "gt_roof_overlap": 0.0 }, "geometry": { "type": "Polygon", "coordinates": [ [ [ 80.4398471, 16.3050618 ], [ 80.4398621, 16.3050618 ], [ 80.4398621, 16.3050459 ], [ 80.4398471, 16.3050459 ], [ 80.4398471, 16.3050618 ] ] ] } },
{ "type": "Feature", "properties": { "label": "Pothole", "confidence": 0.3, "on_road": 1, "size_m": 0.9, "gt_road_overlap": 1.0, "gt_roof_overlap": 0.0 }, "geometry": { "type": "Polygon", "coordinates": [ [ [ 80.4394389, 16.3050542 ], [ 80.4394473, 16.3050542 ], [ 80.4394473, 16.3050484 ], [ 80.4394389, 16.3050484 ], [ 80.4394389, 16.3050542 ] ] ] } },
{ "type": "Feature", "properties": { "label": "Pothole", "confidence": 0.3, "on_road": 1, "size_m": 1.4, "gt_road_overlap": 1.0, "gt_roof_overlap": 0.0 }, "geometry": { "type": "Polygon", "coordinates": [ [ [ 80.4400328, 16.304867 ], [ 80.4400421, 16.304867 ], [ 80.4400422, 16.304854 ], [ 80.4400328, 16.304854 ], [ 80.4400328, 16.304867 ] ] ] } },
{ "type": "Feature", "properties": { "label": "Pothole", "confidence": 0.28, "on_road": 1, "size_m": 0.6, "gt_road_overlap": 1.0, "gt_roof_overlap": 0.0 }, "geometry": { "type": "Polygon", "coordinates": [ [ [ 80.4393306, 16.3050503 ], [ 80.4393351, 16.3050503 ], [ 80.4393351, 16.3050452 ], [ 80.4393306, 16.3050452 ], [ 80.4393306, 16.3050503 ] ] ] } },
{ "type": "Feature", "properties": { "label": "Pothole", "confidence": 0.27, "on_road": 1, "size_m": 0.9, "gt_road_overlap": 1.0, "gt_roof_overlap": 0.0 }, "geometry": { "type": "Polygon", "coordinates": [ [ [ 80.4397653, 16.305383 ], [ 80.4397717, 16.305383 ], [ 80.4397717, 16.3053751 ], [ 80.4397654, 16.305375 ], [ 80.4397653, 16.305383 ] ] ] } },
{ "type": "Feature", "properties": { "label": "Pothole", "confidence": 0.26, "on_road": 1, "size_m": 2.2, "gt_road_overlap": 1.0, "gt_roof_overlap": 0.0 }, "geometry": { "type": "Polygon", "coordinates": [ [ [ 80.4390962, 16.3049289 ], [ 80.4391169, 16.3049289 ], [ 80.4391169, 16.3049159 ], [ 80.4390963, 16.3049159 ], [ 80.4390962, 16.3049289 ] ] ] } },
{ "type": "Feature", "properties": { "label": "Pothole", "confidence": 0.81, "on_road": 0, "size_m": 1.0, "gt_road_overlap": 0.0, "gt_roof_overlap": 0.087 }, "geometry": { "type": "Polygon", "coordinates": [ [ [ 80.4411195, 16.3049968 ], [ 80.4411285, 16.3049968 ], [ 80.4411285, 16.304989 ], [ 80.4411196, 16.304989 ], [ 80.4411195, 16.3049968 ] ] ] } },
{ "type": "Feature", "properties": { "label": "Pothole", "confidence": 0.8, "on_road": 0, "size_m": 5.9, "gt_road_overlap": 0.051, "gt_roof_overlap": 0.089 }, "geometry": { "type": "Polygon", "coordinates": [ [ [ 80.4413807, 16.3046522 ], [ 80.4414358, 16.3046523 ], [ 80.4414359, 16.3046227 ], [ 80.4413808, 16.3046225 ], [ 80.4413807, 16.3046522 ] ] ] } },
{ "type": "Feature", "properties": { "label": "Pothole", "confidence": 0.75, "on_road": 0, "size_m": 8.2, "gt_road_overlap": 0.0, "gt_roof_overlap": 0.0 }, "geometry": { "type": "Polygon", "coordinates": [ [ [ 80.4414122, 16.3053183 ], [ 80.4414893, 16.3053185 ], [ 80.4414894, 16.3052776 ], [ 80.4414123, 16.3052773 ], [ 80.4414122, 16.3053183 ] ] ] } },
{ "type": "Feature", "properties": { "label": "Pothole", "confidence": 0.66, "on_road": 0, "size_m": 1.1, "gt_road_overlap": 0.0, "gt_roof_overlap": 1.0 }, "geometry": { "type": "Polygon", "coordinates": [ [ [ 80.4403924, 16.3049316 ], [ 80.4404029, 16.3049316 ], [ 80.4404029, 16.3049247 ], [ 80.4403924, 16.3049247 ], [ 80.4403924, 16.3049316 ] ] ] } },
{ "type": "Feature", "properties": { "label": "Pothole", "confidence": 0.65, "on_road": 1, "size_m": 4.0, "gt_road_overlap": 0.935, "gt_roof_overlap": 0.0 }, "geometry": { "type": "Polygon", "coordinates": [ [ [ 80.4406813, 16.3052455 ], [ 80.4407184, 16.3052456 ], [ 80.4407185, 16.3052194 ], [ 80.4406814, 16.3052193 ], [ 80.4406813, 16.3052455 ] ] ] } },
{ "type": "Feature", "properties": { "label": "Pothole", "confidence": 0.64, "on_road": 1, "size_m": 0.7, "gt_road_overlap": 1.0, "gt_roof_overlap": 0.0 }, "geometry": { "type": "Polygon", "coordinates": [ [ [ 80.4404968, 16.3051347 ], [ 80.4405031, 16.3051347 ], [ 80.4405031, 16.3051282 ], [ 80.4404968, 16.3051282 ], [ 80.4404968, 16.3051347 ] ] ] } },
{ "type": "Feature", "properties": { "label": "Pothole", "confidence": 0.63, "on_road": 1, "size_m": 0.9, "gt_road_overlap": 1.0, "gt_roof_overlap": 0.0 }, "geometry": { "type": "Polygon", "coordinates": [ [ [ 80.4405208, 16.3055955 ], [ 80.4405285, 16.3055955 ], [ 80.4405285, 16.3055872 ], [ 80.4405208, 16.3055871 ], [ 80.4405208, 16.3055955 ] ] ] } },
{ "type": "Feature", "properties": { "label": "Pothole", "confidence": 0.62, "on_road": 0, "size_m": 2.2, "gt_road_overlap": 0.0, "gt_roof_overlap": 0.262 }, "geometry": { "type": "Polygon", "coordinates": [ [ [ 80.4411543, 16.3051992 ], [ 80.4411751, 16.3051993 ], [ 80.4411752, 16.3051806 ], [ 80.4411544, 16.3051806 ], [ 80.4411543, 16.3051992 ] ] ] } },
{ "type": "Feature", "properties": { "label": "Pothole", "confidence": 0.58, "on_road": 1, "size_m": 0.9, "gt_road_overlap": 1.0, "gt_roof_overlap": 0.0 }, "geometry": { "type": "Polygon", "coordinates": [ [ [ 80.4412153, 16.3049716 ], [ 80.4412235, 16.3049716 ], [ 80.4412235, 16.3049647 ], [ 80.4412153, 16.3049647 ], [ 80.4412153, 16.3049716 ] ] ] } },
{ "type": "Feature", "properties": { "label": "Pothole", "confidence": 0.58, "on_road": 1, "size_m": 0.8, "gt_road_overlap": 1.0, "gt_roof_overlap": 0.0 }, "geometry": { "type": "Polygon", "coordinates": [ [ [ 80.4407243, 16.3047609 ], [ 80.4407302, 16.3047609 ], [ 80.4407303, 16.3047539 ], [ 80.4407243, 16.3047538 ], [ 80.4407243, 16.3047609 ] ] ] } },
{ "type": "Feature", "properties": { "label": "Pothole", "confidence": 0.53, "on_road": 1, "size_m": 0.8, "gt_road_overlap": 1.0, "gt_roof_overlap": 0.0 }, "geometry": { "type": "Polygon", "coordinates": [ [ [ 80.4409905, 16.3058169 ], [ 80.4409968, 16.3058169 ], [ 80.4409969, 16.3058099 ], [ 80.4409905, 16.3058099 ], [ 80.4409905, 16.3058169 ] ] ] } },
{ "type": "Feature", "properties": { "label": "Pothole", "confidence": 0.51, "on_road": 1, "size_m": 2.9, "gt_road_overlap": 1.0, "gt_roof_overlap": 0.0 }, "geometry": { "type": "Polygon", "coordinates": [ [ [ 80.4410296, 16.3048754 ], [ 80.4410489, 16.3048755 ], [ 80.441049, 16.3048494 ], [ 80.4410297, 16.3048494 ], [ 80.4410296, 16.3048754 ] ] ] } },
{ "type": "Feature", "properties": { "label": "Pothole", "confidence": 0.48, "on_road": 0, "size_m": 1.2, "gt_road_overlap": 0.0, "gt_roof_overlap": 1.0 }, "geometry": { "type": "Polygon", "coordinates": [ [ [ 80.4404392, 16.3056666 ], [ 80.4404504, 16.3056667 ], [ 80.4404504, 16.3056584 ], [ 80.4404392, 16.3056583 ], [ 80.4404392, 16.3056666 ] ] ] } },
{ "type": "Feature", "properties": { "label": "Pothole", "confidence": 0.46, "on_road": 0, "size_m": 0.9, "gt_road_overlap": 0.0, "gt_roof_overlap": 0.0 }, "geometry": { "type": "Polygon", "coordinates": [ [ [ 80.440884, 16.3047487 ], [ 80.4408926, 16.3047487 ], [ 80.4408926, 16.3047411 ], [ 80.440884, 16.3047411 ], [ 80.440884, 16.3047487 ] ] ] } },
{ "type": "Feature", "properties": { "label": "Pothole", "confidence": 0.45, "on_road": 1, "size_m": 0.7, "gt_road_overlap": 1.0, "gt_roof_overlap": 0.0 }, "geometry": { "type": "Polygon", "coordinates": [ [ [ 80.4406102, 16.3046985 ], [ 80.4406155, 16.3046985 ], [ 80.4406155, 16.304692 ], [ 80.4406103, 16.304692 ], [ 80.4406102, 16.3046985 ] ] ] } },
{ "type": "Feature", "properties": { "label": "Pothole", "confidence": 0.44, "on_road": 0, "size_m": 1.6, "gt_road_overlap": 0.0, "gt_roof_overlap": 0.0 }, "geometry": { "type": "Polygon", "coordinates": [ [ [ 80.4410818, 16.3058202 ], [ 80.4410893, 16.3058202 ], [ 80.4410893, 16.3058058 ], [ 80.4410819, 16.3058058 ], [ 80.4410818, 16.3058202 ] ] ] } },
{ "type": "Feature", "properties": { "label": "Pothole", "confidence": 0.41, "on_road": 0, "size_m": 1.0, "gt_road_overlap": 0.0, "gt_roof_overlap": 1.0 }, "geometry": { "type": "Polygon", "coordinates": [ [ [ 80.4413787, 16.3046959 ], [ 80.4413872, 16.3046959 ], [ 80.4413872, 16.3046871 ], [ 80.4413788, 16.3046871 ], [ 80.4413787, 16.3046959 ] ] ] } },
{ "type": "Feature", "properties": { "label": "Pothole", "confidence": 0.39, "on_road": 0, "size_m": 4.4, "gt_road_overlap": 0.116, "gt_roof_overlap": 0.0 }, "geometry": { "type": "Polygon", "coordinates": [ [ [ 80.4403651, 16.3055979 ], [ 80.4404066, 16.305598 ], [ 80.4404067, 16.305578 ], [ 80.4403651, 16.3055779 ], [ 80.4403651, 16.3055979 ] ] ] } },
{ "type": "Feature", "properties": { "label": "Pothole", "confidence": 0.39, "on_road": 0, "size_m": 3.4, "gt_road_overlap": 0.078, "gt_roof_overlap": 0.0 }, "geometry": { "type": "Polygon", "coordinates": [ [ [ 80.440381, 16.3051221 ], [ 80.4404125, 16.3051222 ], [ 80.4404125, 16.3051005 ], [ 80.4403811, 16.3051004 ], [ 80.440381, 16.3051221 ] ] ] } },
{ "type": "Feature", "properties": { "label": "Pothole", "confidence": 0.37, "on_road": 0, "size_m": 6.5, "gt_road_overlap": 0.712, "gt_roof_overlap": 0.103 }, "geometry": { "type": "Polygon", "coordinates": [ [ [ 80.4414177, 16.3049269 ], [ 80.4414782, 16.304927 ], [ 80.4414784, 16.304871 ], [ 80.4414178, 16.3048708 ], [ 80.4414177, 16.3049269 ] ] ] } },
{ "type": "Feature", "properties": { "label": "Pothole", "confidence": 0.36, "on_road": 1, "size_m": 0.6, "gt_road_overlap": 1.0, "gt_roof_overlap": 0.0 }, "geometry": { "type": "Polygon", "coordinates": [ [ [ 80.4410178, 16.3053491 ], [ 80.4410234, 16.3053491 ], [ 80.4410234, 16.3053437 ], [ 80.4410178, 16.3053437 ], [ 80.4410178, 16.3053491 ] ] ] } },
{ "type": "Feature", "properties": { "label": "Pothole", "confidence": 0.35, "on_road": 0, "size_m": 2.8, "gt_road_overlap": 0.0, "gt_roof_overlap": 0.017 }, "geometry": { "type": "Polygon", "coordinates": [ [ [ 80.4409602, 16.3056042 ], [ 80.4409868, 16.3056043 ], [ 80.4409868, 16.3055938 ], [ 80.4409602, 16.3055937 ], [ 80.4409602, 16.3056042 ] ] ] } },
{ "type": "Feature", "properties": { "label": "Pothole", "confidence": 0.35, "on_road": 1, "size_m": 0.7, "gt_road_overlap": 1.0, "gt_roof_overlap": 0.0 }, "geometry": { "type": "Polygon", "coordinates": [ [ [ 80.4413962, 16.3051212 ], [ 80.4414001, 16.3051212 ], [ 80.4414001, 16.3051151 ], [ 80.4413962, 16.305115 ], [ 80.4413962, 16.3051212 ] ] ] } },
{ "type": "Feature", "properties": { "label": "Pothole", "confidence": 0.34, "on_road": 1, "size_m": 1.4, "gt_road_overlap": 0.936, "gt_roof_overlap": 0.0 }, "geometry": { "type": "Polygon", "coordinates": [ [ [ 80.4403218, 16.3054684 ], [ 80.4403297, 16.3054684 ], [ 80.4403297, 16.3054561 ], [ 80.4403218, 16.3054561 ], [ 80.4403218, 16.3054684 ] ] ] } },
{ "type": "Feature", "properties": { "label": "Pothole", "confidence": 0.34, "on_road": 0, "size_m": 1.0, "gt_road_overlap": 0.0, "gt_roof_overlap": 0.0 }, "geometry": { "type": "Polygon", "coordinates": [ [ [ 80.4415239, 16.305328 ], [ 80.4415336, 16.305328 ], [ 80.4415337, 16.3053191 ], [ 80.4415239, 16.305319 ], [ 80.4415239, 16.305328 ] ] ] } },
{ "type": "Feature", "properties": { "label": "Pothole", "confidence": 0.33, "on_road": 0, "size_m": 1.1, "gt_road_overlap": 0.0, "gt_roof_overlap": 0.0 }, "geometry": { "type": "Polygon", "coordinates": [ [ [ 80.4414077, 16.3054271 ], [ 80.4414173, 16.3054272 ], [ 80.4414173, 16.3054174 ], [ 80.4414078, 16.3054174 ], [ 80.4414077, 16.3054271 ] ] ] } },
{ "type": "Feature", "properties": { "label": "Pothole", "confidence": 0.33, "on_road": 1, "size_m": 1.0, "gt_road_overlap": 1.0, "gt_roof_overlap": 0.0 }, "geometry": { "type": "Polygon", "coordinates": [ [ [ 80.441507, 16.3048875 ], [ 80.4415122, 16.3048875 ], [ 80.4415123, 16.3048781 ], [ 80.441507, 16.3048781 ], [ 80.441507, 16.3048875 ] ] ] } },
{ "type": "Feature", "properties": { "label": "Pothole", "confidence": 0.32, "on_road": 1, "size_m": 1.3, "gt_road_overlap": 1.0, "gt_roof_overlap": 0.0 }, "geometry": { "type": "Polygon", "coordinates": [ [ [ 80.4408902, 16.3053199 ], [ 80.4409003, 16.3053199 ], [ 80.4409004, 16.3053082 ], [ 80.4408903, 16.3053081 ], [ 80.4408902, 16.3053199 ] ] ] } },
{ "type": "Feature", "properties": { "label": "Pothole", "confidence": 0.31, "on_road": 0, "size_m": 1.0, "gt_road_overlap": 0.0, "gt_roof_overlap": 0.0 }, "geometry": { "type": "Polygon", "coordinates": [ [ [ 80.440513, 16.3056565 ], [ 80.4405227, 16.3056566 ], [ 80.4405227, 16.3056486 ], [ 80.440513, 16.3056486 ], [ 80.440513, 16.3056565 ] ] ] } },
{ "type": "Feature", "properties": { "label": "Pothole", "confidence": 0.3, "on_road": 0, "size_m": 4.6, "gt_road_overlap": 0.0, "gt_roof_overlap": 0.0 }, "geometry": { "type": "Polygon", "coordinates": [ [ [ 80.4410487, 16.3047287 ], [ 80.4410921, 16.3047288 ], [ 80.4410921, 16.3047056 ], [ 80.4410488, 16.3047055 ], [ 80.4410487, 16.3047287 ] ] ] } },
{ "type": "Feature", "properties": { "label": "Repaired patch", "confidence": 0.3, "on_road": 0, "size_m": 9.8, "gt_road_overlap": 0.0, "gt_roof_overlap": 0.412 }, "geometry": { "type": "Polygon", "coordinates": [ [ [ 80.4407132, 16.3050897 ], [ 80.4407847, 16.3050899 ], [ 80.440785, 16.305001 ], [ 80.4407135, 16.3050008 ], [ 80.4407132, 16.3050897 ] ] ] } },
{ "type": "Feature", "properties": { "label": "Pothole", "confidence": 0.29, "on_road": 1, "size_m": 1.3, "gt_road_overlap": 0.394, "gt_roof_overlap": 0.0 }, "geometry": { "type": "Polygon", "coordinates": [ [ [ 80.4411225, 16.3058494 ], [ 80.4411319, 16.3058495 ], [ 80.4411319, 16.3058375 ], [ 80.4411226, 16.3058375 ], [ 80.4411225, 16.3058494 ] ] ] } },
{ "type": "Feature", "properties": { "label": "Repaired patch", "confidence": 0.29, "on_road": 0, "size_m": 5.8, "gt_road_overlap": 0.0, "gt_roof_overlap": 0.0 }, "geometry": { "type": "Polygon", "coordinates": [ [ [ 80.4410377, 16.3047406 ], [ 80.4410924, 16.3047407 ], [ 80.4410925, 16.304706 ], [ 80.4410378, 16.3047059 ], [ 80.4410377, 16.3047406 ] ] ] } },
{ "type": "Feature", "properties": { "label": "Pothole", "confidence": 0.28, "on_road": 0, "size_m": 1.0, "gt_road_overlap": 0.0, "gt_roof_overlap": 0.0 }, "geometry": { "type": "Polygon", "coordinates": [ [ [ 80.4414366, 16.305364 ], [ 80.4414437, 16.305364 ], [ 80.4414437, 16.3053554 ], [ 80.4414366, 16.3053553 ], [ 80.4414366, 16.305364 ] ] ] } },
{ "type": "Feature", "properties": { "label": "Pothole", "confidence": 0.28, "on_road": 0, "size_m": 2.9, "gt_road_overlap": 0.0, "gt_roof_overlap": 0.0 }, "geometry": { "type": "Polygon", "coordinates": [ [ [ 80.4410373, 16.3047393 ], [ 80.4410641, 16.3047394 ], [ 80.4410642, 16.3047213 ], [ 80.4410373, 16.3047212 ], [ 80.4410373, 16.3047393 ] ] ] } },
{ "type": "Feature", "properties": { "label": "Pothole", "confidence": 0.27, "on_road": 1, "size_m": 1.5, "gt_road_overlap": 1.0, "gt_roof_overlap": 0.0 }, "geometry": { "type": "Polygon", "coordinates": [ [ [ 80.4403518, 16.3055064 ], [ 80.4403661, 16.3055065 ], [ 80.4403661, 16.305496 ], [ 80.4403519, 16.3054959 ], [ 80.4403518, 16.3055064 ] ] ] } },
{ "type": "Feature", "properties": { "label": "Pothole", "confidence": 0.26, "on_road": 0, "size_m": 1.0, "gt_road_overlap": 0.0, "gt_roof_overlap": 0.678 }, "geometry": { "type": "Polygon", "coordinates": [ [ [ 80.4410807, 16.305012 ], [ 80.4410905, 16.305012 ], [ 80.4410905, 16.3050063 ], [ 80.4410808, 16.3050062 ], [ 80.4410807, 16.305012 ] ] ] } },
{ "type": "Feature", "properties": { "label": "Longitudinal crack", "confidence": 0.25, "on_road": 0, "size_m": 1.0, "gt_road_overlap": 0.0, "gt_roof_overlap": 0.0 }, "geometry": { "type": "Polygon", "coordinates": [ [ [ 80.4402741, 16.3047951 ], [ 80.4402827, 16.3047952 ], [ 80.4402827, 16.3047865 ], [ 80.4402741, 16.3047865 ], [ 80.4402741, 16.3047951 ] ] ] } },
{ "type": "Feature", "properties": { "label": "Pothole", "confidence": 0.71, "on_road": 1, "size_m": 0.8, "gt_road_overlap": 1.0, "gt_roof_overlap": 0.0 }, "geometry": { "type": "Polygon", "coordinates": [ [ [ 80.4425133, 16.3054102 ], [ 80.4425211, 16.3054102 ], [ 80.4425211, 16.3054037 ], [ 80.4425133, 16.3054036 ], [ 80.4425133, 16.3054102 ] ] ] } },
{ "type": "Feature", "properties": { "label": "Pothole", "confidence": 0.7, "on_road": 0, "size_m": 2.0, "gt_road_overlap": 1.0, "gt_roof_overlap": 1.0 }, "geometry": { "type": "Polygon", "coordinates": [ [ [ 80.4427718, 16.3056028 ], [ 80.4427909, 16.3056028 ], [ 80.442791, 16.3055873 ], [ 80.4427719, 16.3055872 ], [ 80.4427718, 16.3056028 ] ] ] } },
{ "type": "Feature", "properties": { "label": "Pothole", "confidence": 0.56, "on_road": 0, "size_m": 6.2, "gt_road_overlap": 1.0, "gt_roof_overlap": 0.0 }, "geometry": { "type": "Polygon", "coordinates": [ [ [ 80.4427269, 16.3047338 ], [ 80.4427849, 16.304734 ], [ 80.442785, 16.3047101 ], [ 80.442727, 16.30471 ], [ 80.4427269, 16.3047338 ] ] ] } },
{ "type": "Feature", "properties": { "label": "Pothole", "confidence": 0.54, "on_road": 0, "size_m": 0.6, "gt_road_overlap": 0.0, "gt_roof_overlap": 0.0 }, "geometry": { "type": "Polygon", "coordinates": [ [ [ 80.4419847, 16.3049037 ], [ 80.4419888, 16.3049037 ], [ 80.4419888, 16.3048981 ], [ 80.4419847, 16.3048981 ], [ 80.4419847, 16.3049037 ] ] ] } },
{ "type": "Feature", "properties": { "label": "Pothole", "confidence": 0.45, "on_road": 0, "size_m": 0.8, "gt_road_overlap": 0.0, "gt_roof_overlap": 0.0 }, "geometry": { "type": "Polygon", "coordinates": [ [ [ 80.4415582, 16.3053241 ], [ 80.4415653, 16.3053241 ], [ 80.4415653, 16.3053171 ], [ 80.4415582, 16.3053171 ], [ 80.4415582, 16.3053241 ] ] ] } },
{ "type": "Feature", "properties": { "label": "Pothole", "confidence": 0.41, "on_road": 0, "size_m": 5.6, "gt_road_overlap": 0.0, "gt_roof_overlap": 0.0 }, "geometry": { "type": "Polygon", "coordinates": [ [ [ 80.4415262, 16.3051754 ], [ 80.4415786, 16.3051755 ], [ 80.4415787, 16.3051401 ], [ 80.4415263, 16.30514 ], [ 80.4415262, 16.3051754 ] ] ] } },
{ "type": "Feature", "properties": { "label": "Pothole", "confidence": 0.4, "on_road": 0, "size_m": 0.6, "gt_road_overlap": 1.0, "gt_roof_overlap": 1.0 }, "geometry": { "type": "Polygon", "coordinates": [ [ [ 80.4425962, 16.3058768 ], [ 80.4425992, 16.3058768 ], [ 80.4425992, 16.3058712 ], [ 80.4425962, 16.3058712 ], [ 80.4425962, 16.3058768 ] ] ] } },
{ "type": "Feature", "properties": { "label": "Pothole", "confidence": 0.39, "on_road": 1, "size_m": 3.4, "gt_road_overlap": 1.0, "gt_roof_overlap": 0.0 }, "geometry": { "type": "Polygon", "coordinates": [ [ [ 80.4425365, 16.3053954 ], [ 80.4425581, 16.3053955 ], [ 80.4425581, 16.3053644 ], [ 80.4425366, 16.3053643 ], [ 80.4425365, 16.3053954 ] ] ] } },
{ "type": "Feature", "properties": { "label": "Pothole", "confidence": 0.38, "on_road": 0, "size_m": 1.4, "gt_road_overlap": 0.0, "gt_roof_overlap": 1.0 }, "geometry": { "type": "Polygon", "coordinates": [ [ [ 80.4427074, 16.3053394 ], [ 80.4427157, 16.3053395 ], [ 80.4427157, 16.3053272 ], [ 80.4427075, 16.3053271 ], [ 80.4427074, 16.3053394 ] ] ] } },
{ "type": "Feature", "properties": { "label": "Pothole", "confidence": 0.33, "on_road": 1, "size_m": 0.7, "gt_road_overlap": 1.0, "gt_roof_overlap": 0.0 }, "geometry": { "type": "Polygon", "coordinates": [ [ [ 80.4420575, 16.3049143 ], [ 80.4420642, 16.3049143 ], [ 80.4420643, 16.3049093 ], [ 80.4420575, 16.3049092 ], [ 80.4420575, 16.3049143 ] ] ] } },
{ "type": "Feature", "properties": { "label": "Pothole", "confidence": 0.32, "on_road": 1, "size_m": 0.7, "gt_road_overlap": 1.0, "gt_roof_overlap": 0.0 }, "geometry": { "type": "Polygon", "coordinates": [ [ [ 80.4420084, 16.3048578 ], [ 80.4420148, 16.3048578 ], [ 80.4420148, 16.3048527 ], [ 80.4420084, 16.3048527 ], [ 80.4420084, 16.3048578 ] ] ] } },
{ "type": "Feature", "properties": { "label": "Pothole", "confidence": 0.3, "on_road": 0, "size_m": 0.7, "gt_road_overlap": 1.0, "gt_roof_overlap": 1.0 }, "geometry": { "type": "Polygon", "coordinates": [ [ [ 80.442582, 16.3058516 ], [ 80.4425873, 16.3058516 ], [ 80.4425873, 16.3058454 ], [ 80.4425821, 16.3058454 ], [ 80.442582, 16.3058516 ] ] ] } },
{ "type": "Feature", "properties": { "label": "Pothole", "confidence": 0.29, "on_road": 0, "size_m": 5.2, "gt_road_overlap": 1.0, "gt_roof_overlap": 0.0 }, "geometry": { "type": "Polygon", "coordinates": [ [ [ 80.4418611, 16.3048056 ], [ 80.4419101, 16.3048057 ], [ 80.4419102, 16.3047848 ], [ 80.4418611, 16.3047847 ], [ 80.4418611, 16.3048056 ] ] ] } },
{ "type": "Feature", "properties": { "label": "Pothole", "confidence": 0.29, "on_road": 0, "size_m": 1.0, "gt_road_overlap": 1.0, "gt_roof_overlap": 0.905 }, "geometry": { "type": "Polygon", "coordinates": [ [ [ 80.4425572, 16.3056417 ], [ 80.4425617, 16.3056417 ], [ 80.4425617, 16.305633 ], [ 80.4425572, 16.305633 ], [ 80.4425572, 16.3056417 ] ] ] } },
{ "type": "Feature", "properties": { "label": "Pothole", "confidence": 0.28, "on_road": 1, "size_m": 0.6, "gt_road_overlap": 1.0, "gt_roof_overlap": 0.0 }, "geometry": { "type": "Polygon", "coordinates": [ [ [ 80.4415563, 16.3046656 ], [ 80.4415612, 16.3046657 ], [ 80.4415612, 16.3046606 ], [ 80.4415563, 16.3046606 ], [ 80.4415563, 16.3046656 ] ] ] } },
{ "type": "Feature", "properties": { "label": "Pothole", "confidence": 0.26, "on_road": 1, "size_m": 0.5, "gt_road_overlap": 1.0, "gt_roof_overlap": 0.0 }, "geometry": { "type": "Polygon", "coordinates": [ [ [ 80.4425723, 16.3057242 ], [ 80.4425772, 16.3057242 ], [ 80.4425772, 16.3057198 ], [ 80.4425723, 16.3057198 ], [ 80.4425723, 16.3057242 ] ] ] } },
{ "type": "Feature", "properties": { "label": "Pothole", "confidence": 0.96, "on_road": 1, "size_m": 1.1, "gt_road_overlap": 1.0, "gt_roof_overlap": 0.0 }, "geometry": { "type": "Polygon", "coordinates": [ [ [ 80.4436914, 16.3052169 ], [ 80.4437018, 16.3052169 ], [ 80.4437019, 16.3052075 ], [ 80.4436914, 16.3052075 ], [ 80.4436914, 16.3052169 ] ] ] } },
{ "type": "Feature", "properties": { "label": "Pothole", "confidence": 0.87, "on_road": 1, "size_m": 0.8, "gt_road_overlap": 1.0, "gt_roof_overlap": 0.0 }, "geometry": { "type": "Polygon", "coordinates": [ [ [ 80.4436613, 16.3056649 ], [ 80.443668, 16.3056649 ], [ 80.443668, 16.3056576 ], [ 80.4436613, 16.3056576 ], [ 80.4436613, 16.3056649 ] ] ] } },
{ "type": "Feature", "properties": { "label": "Pothole", "confidence": 0.83, "on_road": 0, "size_m": 2.6, "gt_road_overlap": 0.095, "gt_roof_overlap": 0.0 }, "geometry": { "type": "Polygon", "coordinates": [ [ [ 80.4438708, 16.3048464 ], [ 80.4438955, 16.3048465 ], [ 80.4438956, 16.3048371 ], [ 80.4438708, 16.304837 ], [ 80.4438708, 16.3048464 ] ] ] } },
{ "type": "Feature", "properties": { "label": "Pothole", "confidence": 0.8, "on_road": 1, "size_m": 1.0, "gt_road_overlap": 1.0, "gt_roof_overlap": 0.0 }, "geometry": { "type": "Polygon", "coordinates": [ [ [ 80.4438297, 16.3047568 ], [ 80.4438394, 16.3047568 ], [ 80.4438394, 16.3047518 ], [ 80.4438297, 16.3047517 ], [ 80.4438297, 16.3047568 ] ] ] } },
{ "type": "Feature", "properties": { "label": "Pothole", "confidence": 0.79, "on_road": 1, "size_m": 0.8, "gt_road_overlap": 1.0, "gt_roof_overlap": 0.0 }, "geometry": { "type": "Polygon", "coordinates": [ [ [ 80.4436838, 16.3056259 ], [ 80.443691, 16.3056259 ], [ 80.443691, 16.3056194 ], [ 80.4436839, 16.3056193 ], [ 80.4436838, 16.3056259 ] ] ] } },
{ "type": "Feature", "properties": { "label": "Pothole", "confidence": 0.75, "on_road": 0, "size_m": 5.7, "gt_road_overlap": 0.0, "gt_roof_overlap": 0.0 }, "geometry": { "type": "Polygon", "coordinates": [ [ [ 80.4438634, 16.3049668 ], [ 80.4439165, 16.3049669 ], [ 80.4439166, 16.3049449 ], [ 80.4438634, 16.3049447 ], [ 80.4438634, 16.3049668 ] ] ] } },
{ "type": "Feature", "properties": { "label": "Pothole", "confidence": 0.7, "on_road": 1, "size_m": 2.3, "gt_road_overlap": 0.99, "gt_roof_overlap": 0.0 }, "geometry": { "type": "Polygon", "coordinates": [ [ [ 80.4435532, 16.305154 ], [ 80.4435749, 16.3051541 ], [ 80.4435749, 16.3051403 ], [ 80.4435532, 16.3051403 ], [ 80.4435532, 16.305154 ] ] ] } },
{ "type": "Feature", "properties": { "label": "Pothole", "confidence": 0.66, "on_road": 1, "size_m": 1.7, "gt_road_overlap": 1.0, "gt_roof_overlap": 0.0 }, "geometry": { "type": "Polygon", "coordinates": [ [ [ 80.4440273, 16.3050612 ], [ 80.4440383, 16.3050613 ], [ 80.4440384, 16.3050461 ], [ 80.4440273, 16.305046 ], [ 80.4440273, 16.3050612 ] ] ] } },
{ "type": "Feature", "properties": { "label": "Pothole", "confidence": 0.64, "on_road": 1, "size_m": 1.9, "gt_road_overlap": 1.0, "gt_roof_overlap": 0.0 }, "geometry": { "type": "Polygon", "coordinates": [ [ [ 80.4437529, 16.3055516 ], [ 80.4437702, 16.3055516 ], [ 80.4437702, 16.3055344 ], [ 80.443753, 16.3055344 ], [ 80.4437529, 16.3055516 ] ] ] } },
{ "type": "Feature", "properties": { "label": "Pothole", "confidence": 0.64, "on_road": 1, "size_m": 2.8, "gt_road_overlap": 0.975, "gt_roof_overlap": 0.0 }, "geometry": { "type": "Polygon", "coordinates": [ [ [ 80.4439244, 16.3051517 ], [ 80.4439379, 16.3051518 ], [ 80.443938, 16.3051268 ], [ 80.4439245, 16.3051268 ], [ 80.4439244, 16.3051517 ] ] ] } },
{ "type": "Feature", "properties": { "label": "Pothole", "confidence": 0.64, "on_road": 1, "size_m": 0.8, "gt_road_overlap": 1.0, "gt_roof_overlap": 0.0 }, "geometry": { "type": "Polygon", "coordinates": [ [ [ 80.4438969, 16.3048306 ], [ 80.4439036, 16.3048306 ], [ 80.4439036, 16.3048233 ], [ 80.4438969, 16.3048233 ], [ 80.4438969, 16.3048306 ] ] ] } },
{ "type": "Feature", "properties": { "label": "Pothole", "confidence": 0.64, "on_road": 1, "size_m": 1.1, "gt_road_overlap": 1.0, "gt_roof_overlap": 0.0 }, "geometry": { "type": "Polygon", "coordinates": [ [ [ 80.4430255, 16.3048764 ], [ 80.443036, 16.3048764 ], [ 80.443036, 16.3048684 ], [ 80.4430255, 16.3048684 ], [ 80.4430255, 16.3048764 ] ] ] } },
{ "type": "Feature", "properties": { "label": "Pothole", "confidence": 0.62, "on_road": 1, "size_m": 1.2, "gt_road_overlap": 1.0, "gt_roof_overlap": 0.0 }, "geometry": { "type": "Polygon", "coordinates": [ [ [ 80.4440059, 16.3050725 ], [ 80.4440104, 16.3050726 ], [ 80.4440104, 16.3050616 ], [ 80.4440059, 16.3050616 ], [ 80.4440059, 16.3050725 ] ] ] } },
{ "type": "Feature", "properties": { "label": "Pothole", "confidence": 0.58, "on_road": 0, "size_m": 4.5, "gt_road_overlap": 1.0, "gt_roof_overlap": 0.0 }, "geometry": { "type": "Polygon", "coordinates": [ [ [ 80.4430157, 16.3048438 ], [ 80.4430576, 16.3048439 ], [ 80.4430577, 16.3048114 ], [ 80.4430157, 16.3048112 ], [ 80.4430157, 16.3048438 ] ] ] } },
{ "type": "Feature", "properties": { "label": "Pothole", "confidence": 0.53, "on_road": 1, "size_m": 1.3, "gt_road_overlap": 1.0, "gt_roof_overlap": 0.0 }, "geometry": { "type": "Polygon", "coordinates": [ [ [ 80.4439788, 16.3051099 ], [ 80.4439848, 16.3051099 ], [ 80.4439849, 16.3050984 ], [ 80.4439789, 16.3050983 ], [ 80.4439788, 16.3051099 ] ] ] } },
{ "type": "Feature", "properties": { "label": "Pothole", "confidence": 0.52, "on_road": 1, "size_m": 1.0, "gt_road_overlap": 0.967, "gt_roof_overlap": 0.0 }, "geometry": { "type": "Polygon", "coordinates": [ [ [ 80.4436466, 16.3057019 ], [ 80.4436555, 16.3057019 ], [ 80.4436556, 16.305695 ], [ 80.4436466, 16.305695 ], [ 80.4436466, 16.3057019 ] ] ] } },
{ "type": "Feature", "properties": { "label": "Pothole", "confidence": 0.5, "on_road": 0, "size_m": 4.7, "gt_road_overlap": 0.0, "gt_roof_overlap": 0.723 }, "geometry": { "type": "Polygon", "coordinates": [ [ [ 80.4428585, 16.3053767 ], [ 80.4429024, 16.3053768 ], [ 80.4429024, 16.3053615 ], [ 80.4428586, 16.3053614 ], [ 80.4428585, 16.3053767 ] ] ] } },
{ "type": "Feature", "properties": { "label": "Repaired patch", "confidence": 0.45, "on_road": 0, "size_m": 9.5, "gt_road_overlap": 0.0, "gt_roof_overlap": 0.0 }, "geometry": { "type": "Polygon", "coordinates": [ [ [ 80.4428925, 16.3058855 ], [ 80.4429818, 16.3058857 ], [ 80.4429819, 16.3058394 ], [ 80.4428927, 16.3058392 ], [ 80.4428925, 16.3058855 ] ] ] } },
{ "type": "Feature", "properties": { "label": "Pothole", "confidence": 0.43, "on_road": 0, "size_m": 1.0, "gt_road_overlap": 0.0, "gt_roof_overlap": 1.0 }, "geometry": { "type": "Polygon", "coordinates": [ [ [ 80.4432238, 16.3052696 ], [ 80.4432326, 16.3052696 ], [ 80.4432327, 16.3052602 ], [ 80.4432239, 16.3052602 ], [ 80.4432238, 16.3052696 ] ] ] } },
{ "type": "Feature", "properties": { "label": "Pothole", "confidence": 0.42, "on_road": 1, "size_m": 1.1, "gt_road_overlap": 1.0, "gt_roof_overlap": 0.0 }, "geometry": { "type": "Polygon", "coordinates": [ [ [ 80.4437648, 16.3055386 ], [ 80.4437751, 16.3055386 ], [ 80.4437751, 16.305529 ], [ 80.4437648, 16.305529 ], [ 80.4437648, 16.3055386 ] ] ] } },
{ "type": "Feature", "properties": { "label": "Pothole", "confidence": 0.42, "on_road": 1, "size_m": 2.0, "gt_road_overlap": 1.0, "gt_roof_overlap": 0.0 }, "geometry": { "type": "Polygon", "coordinates": [ [ [ 80.4435756, 16.3051295 ], [ 80.4435943, 16.3051295 ], [ 80.4435943, 16.3051208 ], [ 80.4435757, 16.3051208 ], [ 80.4435756, 16.3051295 ] ] ] } },
{ "type": "Feature", "properties": { "label": "Pothole", "confidence": 0.42, "on_road": 0, "size_m": 4.8, "gt_road_overlap": 1.0, "gt_roof_overlap": 0.0 }, "geometry": { "type": "Polygon", "coordinates": [ [ [ 80.4440659, 16.3053799 ], [ 80.4441108, 16.30538 ], [ 80.4441109, 16.3053626 ], [ 80.4440659, 16.3053625 ], [ 80.4440659, 16.3053799 ] ] ] } },
{ "type": "Feature", "properties": { "label": "Pothole", "confidence": 0.4, "on_road": 1, "size_m": 0.6, "gt_road_overlap": 1.0, "gt_roof_overlap": 0.0 }, "geometry": { "type": "Polygon", "coordinates": [ [ [ 80.4433292, 16.305533 ], [ 80.4433351, 16.305533 ], [ 80.4433352, 16.3055274 ], [ 80.4433292, 16.3055274 ], [ 80.4433292, 16.305533 ] ] ] } },
{ "type": "Feature", "properties": { "label": "Pothole", "confidence": 0.38, "on_road": 1, "size_m": 0.5, "gt_road_overlap": 1.0, "gt_roof_overlap": 0.0 }, "geometry": { "type": "Polygon", "coordinates": [ [ [ 80.443979, 16.305039 ], [ 80.4439831, 16.305039 ], [ 80.4439831, 16.3050342 ], [ 80.443979, 16.3050342 ], [ 80.443979, 16.305039 ] ] ] } },
{ "type": "Feature", "properties": { "label": "Pothole", "confidence": 0.38, "on_road": 1, "size_m": 0.6, "gt_road_overlap": 1.0, "gt_roof_overlap": 0.0 }, "geometry": { "type": "Polygon", "coordinates": [ [ [ 80.4437988, 16.3055061 ], [ 80.4438042, 16.3055061 ], [ 80.4438042, 16.3055014 ], [ 80.4437988, 16.3055014 ], [ 80.4437988, 16.3055061 ] ] ] } },
{ "type": "Feature", "properties": { "label": "Pothole", "confidence": 0.37, "on_road": 0, "size_m": 1.0, "gt_road_overlap": 0.0, "gt_roof_overlap": 0.14 }, "geometry": { "type": "Polygon", "coordinates": [ [ [ 80.4431498, 16.3048308 ], [ 80.4431595, 16.3048308 ], [ 80.4431595, 16.3048236 ], [ 80.4431498, 16.3048235 ], [ 80.4431498, 16.3048308 ] ] ] } },
{ "type": "Feature", "properties": { "label": "Pothole", "confidence": 0.37, "on_road": 1, "size_m": 0.8, "gt_road_overlap": 1.0, "gt_roof_overlap": 0.0 }, "geometry": { "type": "Polygon", "coordinates": [ [ [ 80.4438212, 16.304772 ], [ 80.443825, 16.304772 ], [ 80.443825, 16.3047644 ], [ 80.4438213, 16.3047644 ], [ 80.4438212, 16.304772 ] ] ] } },
{ "type": "Feature", "properties": { "label": "Pothole", "confidence": 0.36, "on_road": 1, "size_m": 1.4, "gt_road_overlap": 1.0, "gt_roof_overlap": 0.0 }, "geometry": { "type": "Polygon", "coordinates": [ [ [ 80.4437494, 16.305553 ], [ 80.4437595, 16.305553 ], [ 80.4437595, 16.30554 ], [ 80.4437494, 16.30554 ], [ 80.4437494, 16.305553 ] ] ] } },
{ "type": "Feature", "properties": { "label": "Pothole", "confidence": 0.36, "on_road": 0, "size_m": 6.2, "gt_road_overlap": 0.0, "gt_roof_overlap": 0.0 }, "geometry": { "type": "Polygon", "coordinates": [ [ [ 80.4438641, 16.3049341 ], [ 80.4439217, 16.3049342 ], [ 80.4439217, 16.3049122 ], [ 80.4438642, 16.304912 ], [ 80.4438641, 16.3049341 ] ] ] } },
{ "type": "Feature", "properties": { "label": "Pothole", "confidence": 0.35, "on_road": 1, "size_m": 2.1, "gt_road_overlap": 1.0, "gt_roof_overlap": 0.0 }, "geometry": { "type": "Polygon", "coordinates": [ [ [ 80.4441122, 16.3054241 ], [ 80.4441317, 16.3054242 ], [ 80.4441317, 16.3054155 ], [ 80.4441122, 16.3054155 ], [ 80.4441122, 16.3054241 ] ] ] } },
{ "type": "Feature", "properties": { "label": "Pothole", "confidence": 0.33, "on_road": 0, "size_m": 1.0, "gt_road_overlap": 0.0, "gt_roof_overlap": 0.945 }, "geometry": { "type": "Polygon", "coordinates": [ [ [ 80.4431549, 16.3048373 ], [ 80.443164, 16.3048373 ], [ 80.4431641, 16.3048301 ], [ 80.4431549, 16.30483 ], [ 80.4431549, 16.3048373 ] ] ] } },
{ "type": "Feature", "properties": { "label": "Pothole", "confidence": 0.33, "on_road": 0, "size_m": 0.7, "gt_road_overlap": 0.0, "gt_roof_overlap": 0.0 }, "geometry": { "type": "Polygon", "coordinates": [ [ [ 80.4438275, 16.3050636 ], [ 80.4438328, 16.3050637 ], [ 80.4438328, 16.3050576 ], [ 80.4438275, 16.3050576 ], [ 80.4438275, 16.3050636 ] ] ] } },
{ "type": "Feature", "properties": { "label": "Pothole", "confidence": 0.33, "on_road": 0, "size_m": 4.3, "gt_road_overlap": 0.572, "gt_roof_overlap": 0.0 }, "geometry": { "type": "Polygon", "coordinates": [ [ [ 80.4437022, 16.3046802 ], [ 80.4437422, 16.3046803 ], [ 80.4437423, 16.3046546 ], [ 80.4437023, 16.3046545 ], [ 80.4437022, 16.3046802 ] ] ] } },
{ "type": "Feature", "properties": { "label": "Pothole", "confidence": 0.32, "on_road": 1, "size_m": 0.9, "gt_road_overlap": 1.0, "gt_roof_overlap": 0.0 }, "geometry": { "type": "Polygon", "coordinates": [ [ [ 80.4436981, 16.3052175 ], [ 80.4437028, 16.3052175 ], [ 80.4437028, 16.3052092 ], [ 80.4436982, 16.3052092 ], [ 80.4436981, 16.3052175 ] ] ] } },
{ "type": "Feature", "properties": { "label": "Pothole", "confidence": 0.31, "on_road": 0, "size_m": 2.4, "gt_road_overlap": 0.0, "gt_roof_overlap": 0.0 }, "geometry": { "type": "Polygon", "coordinates": [ [ [ 80.4430183, 16.3058376 ], [ 80.4430325, 16.3058377 ], [ 80.4430326, 16.3058156 ], [ 80.4430183, 16.3058156 ], [ 80.4430183, 16.3058376 ] ] ] } },
{ "type": "Feature", "properties": { "label": "Pothole", "confidence": 0.31, "on_road": 1, "size_m": 0.9, "gt_road_overlap": 1.0, "gt_roof_overlap": 0.0 }, "geometry": { "type": "Polygon", "coordinates": [ [ [ 80.4437382, 16.3056105 ], [ 80.4437427, 16.3056106 ], [ 80.4437427, 16.3056026 ], [ 80.4437382, 16.3056026 ], [ 80.4437382, 16.3056105 ] ] ] } },
{ "type": "Feature", "properties": { "label": "Pothole", "confidence": 0.31, "on_road": 0, "size_m": 1.4, "gt_road_overlap": 0.0, "gt_roof_overlap": 0.0 }, "geometry": { "type": "Polygon", "coordinates": [ [ [ 80.4438275, 16.3049257 ], [ 80.443841, 16.3049257 ], [ 80.443841, 16.3049177 ], [ 80.4438276, 16.3049177 ], [ 80.4438275, 16.3049257 ] ] ] } },
{ "type": "Feature", "properties": { "label": "Pothole", "confidence": 0.29, "on_road": 1, "size_m": 0.8, "gt_road_overlap": 1.0, "gt_roof_overlap": 0.0 }, "geometry": { "type": "Polygon", "coordinates": [ [ [ 80.443707, 16.3056382 ], [ 80.4437138, 16.3056382 ], [ 80.4437138, 16.305631 ], [ 80.443707, 16.305631 ], [ 80.443707, 16.3056382 ] ] ] } },
{ "type": "Feature", "properties": { "label": "Pothole", "confidence": 0.29, "on_road": 1, "size_m": 3.3, "gt_road_overlap": 1.0, "gt_roof_overlap": 0.0 }, "geometry": { "type": "Polygon", "coordinates": [ [ [ 80.4428652, 16.3052938 ], [ 80.4428964, 16.3052939 ], [ 80.4428965, 16.3052758 ], [ 80.4428652, 16.3052758 ], [ 80.4428652, 16.3052938 ] ] ] } },
{ "type": "Feature", "properties": { "label": "Pothole", "confidence": 0.28, "on_road": 0, "size_m": 0.8, "gt_road_overlap": 0.0, "gt_roof_overlap": 0.108 }, "geometry": { "type": "Polygon", "coordinates": [ [ [ 80.443164, 16.3056621 ], [ 80.4431698, 16.3056621 ], [ 80.4431698, 16.3056549 ], [ 80.443164, 16.3056549 ], [ 80.443164, 16.3056621 ] ] ] } },
{ "type": "Feature", "properties": { "label": "Pothole", "confidence": 0.26, "on_road": 1, "size_m": 1.2, "gt_road_overlap": 1.0, "gt_roof_overlap": 0.0 }, "geometry": { "type": "Polygon", "coordinates": [ [ [ 80.4437004, 16.3055982 ], [ 80.4437079, 16.3055982 ], [ 80.4437079, 16.3055878 ], [ 80.4437004, 16.3055878 ], [ 80.4437004, 16.3055982 ] ] ] } },
{ "type": "Feature", "properties": { "label": "Pothole", "confidence": 0.81, "on_road": 1, "size_m": 1.4, "gt_road_overlap": 1.0, "gt_roof_overlap": 0.0 }, "geometry": { "type": "Polygon", "coordinates": [ [ [ 80.4449398, 16.3047716 ], [ 80.4449503, 16.3047717 ], [ 80.4449503, 16.3047594 ], [ 80.4449398, 16.3047594 ], [ 80.4449398, 16.3047716 ] ] ] } },
{ "type": "Feature", "properties": { "label": "Pothole", "confidence": 0.78, "on_road": 0, "size_m": 1.0, "gt_road_overlap": 0.0, "gt_roof_overlap": 0.0 }, "geometry": { "type": "Polygon", "coordinates": [ [ [ 80.4455251, 16.3046887 ], [ 80.4455341, 16.3046887 ], [ 80.4455341, 16.3046813 ], [ 80.4455251, 16.3046812 ], [ 80.4455251, 16.3046887 ] ] ] } },
{ "type": "Feature", "properties": { "label": "Pothole", "confidence": 0.76, "on_road": 1, "size_m": 1.1, "gt_road_overlap": 1.0, "gt_roof_overlap": 0.0 }, "geometry": { "type": "Polygon", "coordinates": [ [ [ 80.4443025, 16.3055227 ], [ 80.4443126, 16.3055227 ], [ 80.4443126, 16.3055146 ], [ 80.4443025, 16.3055146 ], [ 80.4443025, 16.3055227 ] ] ] } },
{ "type": "Feature", "properties": { "label": "Pothole", "confidence": 0.68, "on_road": 1, "size_m": 0.6, "gt_road_overlap": 1.0, "gt_roof_overlap": 0.0 }, "geometry": { "type": "Polygon", "coordinates": [ [ [ 80.4442229, 16.3057775 ], [ 80.4442283, 16.3057775 ], [ 80.4442283, 16.3057717 ], [ 80.4442229, 16.3057717 ], [ 80.4442229, 16.3057775 ] ] ] } },
{ "type": "Feature", "properties": { "label": "Pothole", "confidence": 0.66, "on_road": 1, "size_m": 1.6, "gt_road_overlap": 1.0, "gt_roof_overlap": 0.0 }, "geometry": { "type": "Polygon", "coordinates": [ [ [ 80.4450675, 16.3058007 ], [ 80.4450769, 16.3058007 ], [ 80.4450769, 16.3057861 ], [ 80.4450675, 16.3057861 ], [ 80.4450675, 16.3058007 ] ] ] } },
{ "type": "Feature", "properties": { "label": "Pothole", "confidence": 0.55, "on_road": 1, "size_m": 1.0, "gt_road_overlap": 1.0, "gt_roof_overlap": 0.0 }, "geometry": { "type": "Polygon", "coordinates": [ [ [ 80.4447863, 16.3053606 ], [ 80.4447946, 16.3053607 ], [ 80.4447946, 16.305352 ], [ 80.4447863, 16.305352 ], [ 80.4447863, 16.3053606 ] ] ] } },
{ "type": "Feature", "properties": { "label": "Pothole", "confidence": 0.48, "on_road": 1, "size_m": 2.8, "gt_road_overlap": 0.969, "gt_roof_overlap": 0.0 }, "geometry": { "type": "Polygon", "coordinates": [ [ [ 80.4447831, 16.3054299 ], [ 80.4448093, 16.3054299 ], [ 80.4448094, 16.3054133 ], [ 80.4447832, 16.3054132 ], [ 80.4447831, 16.3054299 ] ] ] } },
{ "type": "Feature", "properties": { "label": "Pothole", "confidence": 0.43, "on_road": 0, "size_m": 5.3, "gt_road_overlap": 0.0, "gt_roof_overlap": 0.635 }, "geometry": { "type": "Polygon", "coordinates": [ [ [ 80.4447394, 16.3050577 ], [ 80.4447821, 16.3050578 ], [ 80.4447823, 16.3050102 ], [ 80.4447396, 16.30501 ], [ 80.4447394, 16.3050577 ] ] ] } },
{ "type": "Feature", "properties": { "label": "Pothole", "confidence": 0.42, "on_road": 1, "size_m": 2.2, "gt_road_overlap": 1.0, "gt_roof_overlap": 0.0 }, "geometry": { "type": "Polygon", "coordinates": [ [ [ 80.4449722, 16.3048865 ], [ 80.4449925, 16.3048866 ], [ 80.4449925, 16.3048765 ], [ 80.4449723, 16.3048764 ], [ 80.4449722, 16.3048865 ] ] ] } },
{ "type": "Feature", "properties": { "label": "Pothole", "confidence": 0.41, "on_road": 1, "size_m": 1.4, "gt_road_overlap": 1.0, "gt_roof_overlap": 0.0 }, "geometry": { "type": "Polygon", "coordinates": [ [ [ 80.4447329, 16.3053831 ], [ 80.444746, 16.3053831 ], [ 80.444746, 16.3053701 ], [ 80.4447329, 16.3053701 ], [ 80.4447329, 16.3053831 ] ] ] } },
{ "type": "Feature", "properties": { "label": "Pothole", "confidence": 0.38, "on_road": 1, "size_m": 0.9, "gt_road_overlap": 1.0, "gt_roof_overlap": 0.0 }, "geometry": { "type": "Polygon", "coordinates": [ [ [ 80.4449691, 16.3048909 ], [ 80.4449758, 16.3048909 ], [ 80.4449758, 16.3048829 ], [ 80.4449691, 16.3048829 ], [ 80.4449691, 16.3048909 ] ] ] } },
{ "type": "Feature", "properties": { "label": "Pothole", "confidence": 0.38, "on_road": 0, "size_m": 4.1, "gt_road_overlap": 1.0, "gt_roof_overlap": 0.0 }, "geometry": { "type": "Polygon", "coordinates": [ [ [ 80.4448202, 16.3056589 ], [ 80.4448395, 16.3056589 ], [ 80.4448396, 16.3056217 ], [ 80.4448203, 16.3056216 ], [ 80.4448202, 16.3056589 ] ] ] } },
{ "type": "Feature", "properties": { "label": "Pothole", "confidence": 0.37, "on_road": 0, "size_m": 0.8, "gt_road_overlap": 0.0, "gt_roof_overlap": 1.0 }, "geometry": { "type": "Polygon", "coordinates": [ [ [ 80.4443153, 16.3051618 ], [ 80.4443228, 16.3051618 ], [ 80.4443228, 16.3051546 ], [ 80.4443153, 16.3051546 ], [ 80.4443153, 16.3051618 ] ] ] } },
{ "type": "Feature", "properties": { "label": "Pothole", "confidence": 0.35, "on_road": 1, "size_m": 0.9, "gt_road_overlap": 1.0, "gt_roof_overlap": 0.0 }, "geometry": { "type": "Polygon", "coordinates": [ [ [ 80.4448618, 16.3053005 ], [ 80.4448691, 16.3053006 ], [ 80.4448691, 16.3052926 ], [ 80.4448618, 16.3052926 ], [ 80.4448618, 16.3053005 ] ] ] } },
{ "type": "Feature", "properties": { "label": "Pothole", "confidence": 0.33, "on_road": 1, "size_m": 0.6, "gt_road_overlap": 1.0, "gt_roof_overlap": 0.0 }, "geometry": { "type": "Polygon", "coordinates": [ [ [ 80.4447568, 16.3052705 ], [ 80.4447618, 16.3052705 ], [ 80.4447618, 16.3052655 ], [ 80.4447568, 16.3052655 ], [ 80.4447568, 16.3052705 ] ] ] } },
{ "type": "Feature", "properties": { "label": "Pothole", "confidence": 0.33, "on_road": 1, "size_m": 0.8, "gt_road_overlap": 1.0, "gt_roof_overlap": 0.0 }, "geometry": { "type": "Polygon", "coordinates": [ [ [ 80.4450882, 16.3058749 ], [ 80.4450949, 16.3058749 ], [ 80.4450949, 16.3058677 ], [ 80.4450882, 16.3058677 ], [ 80.4450882, 16.3058749 ] ] ] } },
{ "type": "Feature", "properties": { "label": "Pothole", "confidence": 0.33, "on_road": 1, "size_m": 0.8, "gt_road_overlap": 1.0, "gt_roof_overlap": 0.0 }, "geometry": { "type": "Polygon", "coordinates": [ [ [ 80.4454896, 16.3049846 ], [ 80.4454971, 16.3049846 ], [ 80.4454971, 16.304977 ], [ 80.4454896, 16.304977 ], [ 80.4454896, 16.3049846 ] ] ] } },
{ "type": "Feature", "properties": { "label": "Pothole", "confidence": 0.31, "on_road": 1, "size_m": 1.1, "gt_road_overlap": 1.0, "gt_roof_overlap": 0.0 }, "geometry": { "type": "Polygon", "coordinates": [ [ [ 80.445096, 16.3051588 ], [ 80.4451059, 16.3051588 ], [ 80.4451059, 16.3051519 ], [ 80.445096, 16.3051519 ], [ 80.445096, 16.3051588 ] ] ] } },
{ "type": "Feature", "properties": { "label": "Pothole", "confidence": 0.28, "on_road": 1, "size_m": 3.3, "gt_road_overlap": 1.0, "gt_roof_overlap": 0.0 }, "geometry": { "type": "Polygon", "coordinates": [ [ [ 80.4447733, 16.3053264 ], [ 80.444804, 16.3053265 ], [ 80.4448041, 16.3053077 ], [ 80.4447734, 16.3053076 ], [ 80.4447733, 16.3053264 ] ] ] } },
{ "type": "Feature", "properties": { "label": "Pothole", "confidence": 0.28, "on_road": 1, "size_m": 2.5, "gt_road_overlap": 1.0, "gt_roof_overlap": 0.0 }, "geometry": { "type": "Polygon", "coordinates": [ [ [ 80.4445912, 16.3046114 ], [ 80.444615, 16.3046115 ], [ 80.444615, 16.3045999 ], [ 80.4445912, 16.3045999 ], [ 80.4445912, 16.3046114 ] ] ] } },
{ "type": "Feature", "properties": { "label": "Pothole", "confidence": 0.28, "on_road": 1, "size_m": 2.4, "gt_road_overlap": 0.999, "gt_roof_overlap": 0.0 }, "geometry": { "type": "Polygon", "coordinates": [ [ [ 80.4449573, 16.3056074 ], [ 80.4449798, 16.3056075 ], [ 80.4449798, 16.30559 ], [ 80.4449573, 16.30559 ], [ 80.4449573, 16.3056074 ] ] ] } },
{ "type": "Feature", "properties": { "label": "Pothole", "confidence": 0.27, "on_road": 1, "size_m": 1.5, "gt_road_overlap": 1.0, "gt_roof_overlap": 0.0 }, "geometry": { "type": "Polygon", "coordinates": [ [ [ 80.4447795, 16.3056463 ], [ 80.4447892, 16.3056464 ], [ 80.4447892, 16.3056327 ], [ 80.4447796, 16.3056327 ], [ 80.4447795, 16.3056463 ] ] ] } },
{ "type": "Feature", "properties": { "label": "Pothole", "confidence": 0.27, "on_road": 0, "size_m": 1.0, "gt_road_overlap": 0.98, "gt_roof_overlap": 1.0 }, "geometry": { "type": "Polygon", "coordinates": [ [ [ 80.4449975, 16.3052938 ], [ 80.4450065, 16.3052939 ], [ 80.4450065, 16.3052856 ], [ 80.4449975, 16.3052855 ], [ 80.4449975, 16.3052938 ] ] ] } },
{ "type": "Feature", "properties": { "label": "Pothole", "confidence": 0.27, "on_road": 1, "size_m": 1.3, "gt_road_overlap": 1.0, "gt_roof_overlap": 0.0 }, "geometry": { "type": "Polygon", "coordinates": [ [ [ 80.4447738, 16.3054092 ], [ 80.4447862, 16.3054093 ], [ 80.4447862, 16.3053977 ], [ 80.4447739, 16.3053977 ], [ 80.4447738, 16.3054092 ] ] ] } },
{ "type": "Feature", "properties": { "label": "Pothole", "confidence": 0.27, "on_road": 0, "size_m": 5.6, "gt_road_overlap": 0.0, "gt_roof_overlap": 0.0 }, "geometry": { "type": "Polygon", "coordinates": [ [ [ 80.4453331, 16.3055255 ], [ 80.4453855, 16.3055257 ], [ 80.4453856, 16.3054835 ], [ 80.4453332, 16.3054834 ], [ 80.4453331, 16.3055255 ] ] ] } },
{ "type": "Feature", "properties": { "label": "Repaired patch", "confidence": 0.26, "on_road": 0, "size_m": 9.2, "gt_road_overlap": 0.0, "gt_roof_overlap": 0.362 }, "geometry": { "type": "Polygon", "coordinates": [ [ [ 80.4453656, 16.3056889 ], [ 80.4454221, 16.305689 ], [ 80.4454223, 16.3056055 ], [ 80.4453658, 16.3056053 ], [ 80.4453656, 16.3056889 ] ] ] } },
{ "type": "Feature", "properties": { "label": "Pothole", "confidence": 0.8, "on_road": 0, "size_m": 4.2, "gt_road_overlap": 1.0, "gt_roof_overlap": 0.0 }, "geometry": { "type": "Polygon", "coordinates": [ [ [ 80.4456077, 16.3048021 ], [ 80.4456474, 16.3048023 ], [ 80.4456474, 16.3047802 ], [ 80.4456078, 16.3047801 ], [ 80.4456077, 16.3048021 ] ] ] } },
{ "type": "Feature", "properties": { "label": "Pothole", "confidence": 0.77, "on_road": 1, "size_m": 1.3, "gt_road_overlap": 1.0, "gt_roof_overlap": 0.0 }, "geometry": { "type": "Polygon", "coordinates": [ [ [ 80.4457163, 16.3057896 ], [ 80.4457283, 16.3057896 ], [ 80.4457283, 16.3057784 ], [ 80.4457163, 16.3057784 ], [ 80.4457163, 16.3057896 ] ] ] } },
{ "type": "Feature", "properties": { "label": "Pothole", "confidence": 0.63, "on_road": 1, "size_m": 2.2, "gt_road_overlap": 1.0, "gt_roof_overlap": 0.0 }, "geometry": { "type": "Polygon", "coordinates": [ [ [ 80.4460769, 16.3051885 ], [ 80.4460971, 16.3051885 ], [ 80.4460971, 16.3051788 ], [ 80.4460769, 16.3051787 ], [ 80.4460769, 16.3051885 ] ] ] } },
{ "type": "Feature", "properties": { "label": "Pothole", "confidence": 0.58, "on_road": 1, "size_m": 1.7, "gt_road_overlap": 1.0, "gt_roof_overlap": 0.0 }, "geometry": { "type": "Polygon", "coordinates": [ [ [ 80.4459831, 16.304915 ], [ 80.445994, 16.3049151 ], [ 80.445994, 16.3048995 ], [ 80.4459831, 16.3048995 ], [ 80.4459831, 16.304915 ] ] ] } },
{ "type": "Feature", "properties": { "label": "Pothole", "confidence": 0.52, "on_road": 0, "size_m": 3.6, "gt_road_overlap": 1.0, "gt_roof_overlap": 0.418 }, "geometry": { "type": "Polygon", "coordinates": [ [ [ 80.4456699, 16.3056356 ], [ 80.445704, 16.3056356 ], [ 80.4457041, 16.3056158 ], [ 80.44567, 16.3056157 ], [ 80.4456699, 16.3056356 ] ] ] } },
{ "type": "Feature", "properties": { "label": "Pothole", "confidence": 0.52, "on_road": 1, "size_m": 1.8, "gt_road_overlap": 1.0, "gt_roof_overlap": 0.0 }, "geometry": { "type": "Polygon", "coordinates": [ [ [ 80.4464062, 16.3047703 ], [ 80.4464128, 16.3047703 ], [ 80.4464129, 16.3047544 ], [ 80.4464063, 16.3047543 ], [ 80.4464062, 16.3047703 ] ] ] } },
{ "type": "Feature", "properties": { "label": "Pothole", "confidence": 0.49, "on_road": 1, "size_m": 0.6, "gt_road_overlap": 1.0, "gt_roof_overlap": 0.0 }, "geometry": { "type": "Polygon", "coordinates": [ [ [ 80.4456975, 16.3054692 ], [ 80.4457028, 16.3054692 ], [ 80.4457028, 16.3054641 ], [ 80.4456976, 16.3054641 ], [ 80.4456975, 16.3054692 ] ] ] } },
{ "type": "Feature", "properties": { "label": "Pothole", "confidence": 0.47, "on_road": 1, "size_m": 1.0, "gt_road_overlap": 1.0, "gt_roof_overlap": 0.0 }, "geometry": { "type": "Polygon", "coordinates": [ [ [ 80.4463997, 16.3046395 ], [ 80.4464079, 16.3046395 ], [ 80.4464079, 16.3046301 ], [ 80.4463997, 16.3046301 ], [ 80.4463997, 16.3046395 ] ] ] } },
{ "type": "Feature", "properties": { "label": "Pothole", "confidence": 0.45, "on_road": 0, "size_m": 1.5, "gt_road_overlap": 0.0, "gt_roof_overlap": 0.588 }, "geometry": { "type": "Polygon", "coordinates": [ [ [ 80.4463143, 16.3047687 ], [ 80.4463285, 16.3047688 ], [ 80.4463286, 16.3047579 ], [ 80.4463143, 16.3047579 ], [ 80.4463143, 16.3047687 ] ] ] } },
{ "type": "Feature", "properties": { "label": "Pothole", "confidence": 0.45, "on_road": 0, "size_m": 1.5, "gt_road_overlap": 0.0, "gt_roof_overlap": 1.0 }, "geometry": { "type": "Polygon", "coordinates": [ [ [ 80.4462897, 16.3048601 ], [ 80.4463009, 16.3048601 ], [ 80.446301, 16.3048465 ], [ 80.4462898, 16.3048465 ], [ 80.4462897, 16.3048601 ] ] ] } },
{ "type": "Feature", "properties": { "label": "Pothole", "confidence": 0.44, "on_road": 0, "size_m": 5.4, "gt_road_overlap": 1.0, "gt_roof_overlap": 0.0 }, "geometry": { "type": "Polygon", "coordinates": [ [ [ 80.4457298, 16.3047757 ], [ 80.4457804, 16.3047758 ], [ 80.4457805, 16.3047372 ], [ 80.4457299, 16.304737 ], [ 80.4457298, 16.3047757 ] ] ] } },
{ "type": "Feature", "properties": { "label": "Pothole", "confidence": 0.43, "on_road": 1, "size_m": 1.1, "gt_road_overlap": 1.0, "gt_roof_overlap": 0.0 }, "geometry": { "type": "Polygon", "coordinates": [ [ [ 80.4462411, 16.3054794 ], [ 80.4462514, 16.3054795 ], [ 80.4462514, 16.3054726 ], [ 80.4462411, 16.3054726 ], [ 80.4462411, 16.3054794 ] ] ] } },
{ "type": "Feature", "properties": { "label": "Pothole", "confidence": 0.43, "on_road": 1, "size_m": 2.2, "gt_road_overlap": 1.0, "gt_roof_overlap": 0.0 }, "geometry": { "type": "Polygon", "coordinates": [ [ [ 80.4459434, 16.3047824 ], [ 80.445964, 16.3047825 ], [ 80.445964, 16.3047684 ], [ 80.4459434, 16.3047683 ], [ 80.4459434, 16.3047824 ] ] ] } },
{ "type": "Feature", "properties": { "label": "Pothole", "confidence": 0.42, "on_road": 1, "size_m": 0.6, "gt_road_overlap": 1.0, "gt_roof_overlap": 0.0 }, "geometry": { "type": "Polygon", "coordinates": [ [ [ 80.4456348, 16.3054976 ], [ 80.4456408, 16.3054976 ], [ 80.4456408, 16.3054929 ], [ 80.4456349, 16.3054929 ], [ 80.4456348, 16.3054976 ] ] ] } },
{ "type": "Feature", "properties": { "label": "Pothole", "confidence": 0.41, "on_road": 1, "size_m": 2.6, "gt_road_overlap": 1.0, "gt_roof_overlap": 0.0 }, "geometry": { "type": "Polygon", "coordinates": [ [ [ 80.4465309, 16.3050481 ], [ 80.4465548, 16.3050482 ], [ 80.4465549, 16.3050337 ], [ 80.4465309, 16.3050336 ], [ 80.4465309, 16.3050481 ] ] ] } },
{ "type": "Feature", "properties": { "label": "Pothole", "confidence": 0.35, "on_road": 1, "size_m": 1.0, "gt_road_overlap": 1.0, "gt_roof_overlap": 0.0 }, "geometry": { "type": "Polygon", "coordinates": [ [ [ 80.4465925, 16.3050443 ], [ 80.4466011, 16.3050443 ], [ 80.4466011, 16.3050349 ], [ 80.4465925, 16.3050349 ], [ 80.4465925, 16.3050443 ] ] ] } },
{ "type": "Feature", "properties": { "label": "Pothole", "confidence": 0.35, "on_road": 1, "size_m": 1.7, "gt_road_overlap": 1.0, "gt_roof_overlap": 0.0 }, "geometry": { "type": "Polygon", "coordinates": [ [ [ 80.4456374, 16.3048655 ], [ 80.4456535, 16.3048655 ], [ 80.4456535, 16.3048575 ], [ 80.4456374, 16.3048574 ], [ 80.4456374, 16.3048655 ] ] ] } },
{ "type": "Feature", "properties": { "label": "Pothole", "confidence": 0.33, "on_road": 0, "size_m": 1.2, "gt_road_overlap": 0.0, "gt_roof_overlap": 0.0 }, "geometry": { "type": "Polygon", "coordinates": [ [ [ 80.4462636, 16.3046202 ], [ 80.4462749, 16.3046202 ], [ 80.4462749, 16.3046094 ], [ 80.4462637, 16.3046093 ], [ 80.4462636, 16.3046202 ] ] ] } },
{ "type": "Feature", "properties": { "label": "Pothole", "confidence": 0.32, "on_road": 0, "size_m": 0.9, "gt_road_overlap": 1.0, "gt_roof_overlap": 0.746 }, "geometry": { "type": "Polygon", "coordinates": [ [ [ 80.446382, 16.305819 ], [ 80.44639, 16.305819 ], [ 80.4463901, 16.3058109 ], [ 80.446382, 16.3058108 ], [ 80.446382, 16.305819 ] ] ] } },
{ "type": "Feature", "properties": { "label": "Pothole", "confidence": 0.31, "on_road": 0, "size_m": 0.8, "gt_road_overlap": 0.0, "gt_roof_overlap": 0.0 }, "geometry": { "type": "Polygon", "coordinates": [ [ [ 80.4455663, 16.3051273 ], [ 80.4455734, 16.3051273 ], [ 80.4455735, 16.3051204 ], [ 80.4455664, 16.3051204 ], [ 80.4455663, 16.3051273 ] ] ] } },
{ "type": "Feature", "properties": { "label": "Pothole", "confidence": 0.29, "on_road": 0, "size_m": 3.7, "gt_road_overlap": 0.0, "gt_roof_overlap": 1.0 }, "geometry": { "type": "Polygon", "coordinates": [ [ [ 80.4457697, 16.3048463 ], [ 80.4457832, 16.3048464 ], [ 80.4457833, 16.3048131 ], [ 80.4457698, 16.3048131 ], [ 80.4457697, 16.3048463 ] ] ] } },
{ "type": "Feature", "properties": { "label": "Pothole", "confidence": 0.26, "on_road": 1, "size_m": 2.0, "gt_road_overlap": 1.0, "gt_roof_overlap": 0.0 }, "geometry": { "type": "Polygon", "coordinates": [ [ [ 80.4460834, 16.3052597 ], [ 80.4461021, 16.3052598 ], [ 80.4461022, 16.3052464 ], [ 80.4460834, 16.3052463 ], [ 80.4460834, 16.3052597 ] ] ] } },
{ "type": "Feature", "properties": { "label": "Pothole", "confidence": 0.26, "on_road": 1, "size_m": 1.1, "gt_road_overlap": 1.0, "gt_roof_overlap": 0.0 }, "geometry": { "type": "Polygon", "coordinates": [ [ [ 80.4462352, 16.3054632 ], [ 80.4462453, 16.3054632 ], [ 80.4462454, 16.3054567 ], [ 80.4462352, 16.3054566 ], [ 80.4462352, 16.3054632 ] ] ] } },
{ "type": "Feature", "properties": { "label": "Pothole", "confidence": 0.26, "on_road": 0, "size_m": 4.2, "gt_road_overlap": 1.0, "gt_roof_overlap": 0.0 }, "geometry": { "type": "Polygon", "coordinates": [ [ [ 80.4458884, 16.3047062 ], [ 80.445921, 16.3047062 ], [ 80.4459211, 16.3046686 ], [ 80.4458885, 16.3046686 ], [ 80.4458884, 16.3047062 ] ] ] } },
{ "type": "Feature", "properties": { "label": "Pothole", "confidence": 0.25, "on_road": 1, "size_m": 1.1, "gt_road_overlap": 1.0, "gt_roof_overlap": 0.0 }, "geometry": { "type": "Polygon", "coordinates": [ [ [ 80.4460063, 16.3049862 ], [ 80.4460145, 16.3049862 ], [ 80.4460146, 16.3049761 ], [ 80.4460063, 16.304976 ], [ 80.4460063, 16.3049862 ] ] ] } },
{ "type": "Feature", "properties": { "label": "Pothole", "confidence": 0.62, "on_road": 1, "size_m": 2.2, "gt_road_overlap": 1.0, "gt_roof_overlap": 0.0 }, "geometry": { "type": "Polygon", "coordinates": [ [ [ 80.4460765, 16.3051885 ], [ 80.4460971, 16.3051885 ], [ 80.4460971, 16.3051791 ], [ 80.4460765, 16.3051791 ], [ 80.4460765, 16.3051885 ] ] ] } },
{ "type": "Feature", "properties": { "label": "Pothole", "confidence": 0.59, "on_road": 1, "size_m": 3.0, "gt_road_overlap": 1.0, "gt_roof_overlap": 0.0 }, "geometry": { "type": "Polygon", "coordinates": [ [ [ 80.4461152, 16.3052735 ], [ 80.4461412, 16.3052736 ], [ 80.4461413, 16.3052461 ], [ 80.4461153, 16.3052461 ], [ 80.4461152, 16.3052735 ] ] ] } },
{ "type": "Feature", "properties": { "label": "Pothole", "confidence": 0.55, "on_road": 1, "size_m": 0.8, "gt_road_overlap": 1.0, "gt_roof_overlap": 0.0 }, "geometry": { "type": "Polygon", "coordinates": [ [ [ 80.4470231, 16.3051 ], [ 80.4470302, 16.3051 ], [ 80.4470302, 16.3050928 ], [ 80.4470231, 16.3050928 ], [ 80.4470231, 16.3051 ] ] ] } },
{ "type": "Feature", "properties": { "label": "Pothole", "confidence": 0.53, "on_road": 1, "size_m": 1.0, "gt_road_overlap": 1.0, "gt_roof_overlap": 0.0 }, "geometry": { "type": "Polygon", "coordinates": [ [ [ 80.4463993, 16.3046393 ], [ 80.4464072, 16.3046394 ], [ 80.4464072, 16.30463 ], [ 80.4463993, 16.3046299 ], [ 80.4463993, 16.3046393 ] ] ] } },
{ "type": "Feature", "properties": { "label": "Pothole", "confidence": 0.43, "on_road": 1, "size_m": 2.6, "gt_road_overlap": 1.0, "gt_roof_overlap": 0.0 }, "geometry": { "type": "Polygon", "coordinates": [ [ [ 80.4465307, 16.3050479 ], [ 80.446555, 16.305048 ], [ 80.4465551, 16.3050328 ], [ 80.4465307, 16.3050327 ], [ 80.4465307, 16.3050479 ] ] ] } },
{ "type": "Feature", "properties": { "label": "Pothole", "confidence": 0.41, "on_road": 0, "size_m": 5.4, "gt_road_overlap": 0.036, "gt_roof_overlap": 0.866 }, "geometry": { "type": "Polygon", "coordinates": [ [ [ 80.4461531, 16.3054114 ], [ 80.4461777, 16.3054115 ], [ 80.4461779, 16.3053623 ], [ 80.4461532, 16.3053622 ], [ 80.4461531, 16.3054114 ] ] ] } },
{ "type": "Feature", "properties": { "label": "Pothole", "confidence": 0.4, "on_road": 1, "size_m": 1.8, "gt_road_overlap": 1.0, "gt_roof_overlap": 0.0 }, "geometry": { "type": "Polygon", "coordinates": [ [ [ 80.446406, 16.3047699 ], [ 80.4464132, 16.3047699 ], [ 80.4464132, 16.304754 ], [ 80.4464061, 16.304754 ], [ 80.446406, 16.3047699 ] ] ] } },
{ "type": "Feature", "properties": { "label": "Pothole", "confidence": 0.4, "on_road": 0, "size_m": 1.4, "gt_road_overlap": 0.0, "gt_roof_overlap": 0.595 }, "geometry": { "type": "Polygon", "coordinates": [ [ [ 80.4463151, 16.3047689 ], [ 80.4463285, 16.304769 ], [ 80.4463286, 16.3047576 ], [ 80.4463151, 16.3047575 ], [ 80.4463151, 16.3047689 ] ] ] } },
{ "type": "Feature", "properties": { "label": "Pothole", "confidence": 0.39, "on_road": 1, "size_m": 1.1, "gt_road_overlap": 1.0, "gt_roof_overlap": 0.0 }, "geometry": { "type": "Polygon", "coordinates": [ [ [ 80.446241, 16.3054798 ], [ 80.4462515, 16.3054798 ], [ 80.4462515, 16.305473 ], [ 80.446241, 16.3054729 ], [ 80.446241, 16.3054798 ] ] ] } },
{ "type": "Feature", "properties": { "label": "Pothole", "confidence": 0.32, "on_road": 1, "size_m": 1.0, "gt_road_overlap": 1.0, "gt_roof_overlap": 0.0 }, "geometry": { "type": "Polygon", "coordinates": [ [ [ 80.4465923, 16.3050439 ], [ 80.4466013, 16.3050439 ], [ 80.4466013, 16.3050345 ], [ 80.4465923, 16.3050345 ], [ 80.4465923, 16.3050439 ] ] ] } },
{ "type": "Feature", "properties": { "label": "Pothole", "confidence": 0.29, "on_road": 0, "size_m": 1.4, "gt_road_overlap": 0.099, "gt_roof_overlap": 0.684 }, "geometry": { "type": "Polygon", "coordinates": [ [ [ 80.4468916, 16.3047954 ], [ 80.4469043, 16.3047954 ], [ 80.4469043, 16.304786 ], [ 80.4468916, 16.304786 ], [ 80.4468916, 16.3047954 ] ] ] } },
{ "type": "Feature", "properties": { "label": "Pothole", "confidence": 0.28, "on_road": 1, "size_m": 1.1, "gt_road_overlap": 1.0, "gt_roof_overlap": 0.0 }, "geometry": { "type": "Polygon", "coordinates": [ [ [ 80.4462352, 16.305463 ], [ 80.4462457, 16.305463 ], [ 80.4462457, 16.3054569 ], [ 80.4462352, 16.3054568 ], [ 80.4462352, 16.305463 ] ] ] } },
{ "type": "Feature", "properties": { "label": "Pothole", "confidence": 0.25, "on_road": 0, "size_m": 4.4, "gt_road_overlap": 0.0, "gt_roof_overlap": 0.469 }, "geometry": { "type": "Polygon", "coordinates": [ [ [ 80.4462788, 16.3053001 ], [ 80.44632, 16.3053003 ], [ 80.4463201, 16.3052685 ], [ 80.4462789, 16.3052684 ], [ 80.4462788, 16.3053001 ] ] ] } },
{ "type": "Feature", "properties": { "label": "Pothole", "confidence": 0.87, "on_road": 0, "size_m": 0.9, "gt_road_overlap": 0.0, "gt_roof_overlap": 0.0 }, "geometry": { "type": "Polygon", "coordinates": [ [ [ 80.4283536, 16.3033158 ], [ 80.4283593, 16.3033158 ], [ 80.4283593, 16.3033078 ], [ 80.4283537, 16.3033078 ], [ 80.4283536, 16.3033158 ] ] ] } },
{ "type": "Feature", "properties": { "label": "Pothole", "confidence": 0.8, "on_road": 1, "size_m": 1.5, "gt_road_overlap": 1.0, "gt_roof_overlap": 0.0 }, "geometry": { "type": "Polygon", "coordinates": [ [ [ 80.4284897, 16.303287 ], [ 80.4285034, 16.3032871 ], [ 80.4285034, 16.3032798 ], [ 80.4284897, 16.3032798 ], [ 80.4284897, 16.303287 ] ] ] } },
{ "type": "Feature", "properties": { "label": "Pothole", "confidence": 0.61, "on_road": 1, "size_m": 2.3, "gt_road_overlap": 1.0, "gt_roof_overlap": 0.0 }, "geometry": { "type": "Polygon", "coordinates": [ [ [ 80.4293649, 16.3041957 ], [ 80.4293829, 16.3041958 ], [ 80.4293829, 16.3041746 ], [ 80.429365, 16.3041746 ], [ 80.4293649, 16.3041957 ] ] ] } },
{ "type": "Feature", "properties": { "label": "Pothole", "confidence": 0.56, "on_road": 1, "size_m": 1.8, "gt_road_overlap": 1.0, "gt_roof_overlap": 0.0 }, "geometry": { "type": "Polygon", "coordinates": [ [ [ 80.429295, 16.3041426 ], [ 80.4293067, 16.3041426 ], [ 80.4293067, 16.3041267 ], [ 80.4292951, 16.3041267 ], [ 80.429295, 16.3041426 ] ] ] } },
{ "type": "Feature", "properties": { "label": "Pothole", "confidence": 0.54, "on_road": 0, "size_m": 4.2, "gt_road_overlap": 1.0, "gt_roof_overlap": 0.0 }, "geometry": { "type": "Polygon", "coordinates": [ [ [ 80.4292355, 16.3036123 ], [ 80.4292746, 16.3036124 ], [ 80.4292746, 16.3035927 ], [ 80.4292355, 16.3035926 ], [ 80.4292355, 16.3036123 ] ] ] } },
{ "type": "Feature", "properties": { "label": "Pothole", "confidence": 0.46, "on_road": 0, "size_m": 0.8, "gt_road_overlap": 0.0, "gt_roof_overlap": 1.0 }, "geometry": { "type": "Polygon", "coordinates": [ [ [ 80.4283781, 16.3035655 ], [ 80.4283852, 16.3035655 ], [ 80.4283852, 16.3035581 ], [ 80.4283781, 16.3035581 ], [ 80.4283781, 16.3035655 ] ] ] } },
{ "type": "Feature", "properties": { "label": "Pothole", "confidence": 0.45, "on_road": 1, "size_m": 1.1, "gt_road_overlap": 0.369, "gt_roof_overlap": 0.0 }, "geometry": { "type": "Polygon", "coordinates": [ [ [ 80.4292176, 16.3036622 ], [ 80.4292263, 16.3036622 ], [ 80.4292263, 16.3036526 ], [ 80.4292176, 16.3036526 ], [ 80.4292176, 16.3036622 ] ] ] } },
{ "type": "Feature", "properties": { "label": "Pothole", "confidence": 0.42, "on_road": 0, "size_m": 0.6, "gt_road_overlap": 0.0, "gt_roof_overlap": 1.0 }, "geometry": { "type": "Polygon", "coordinates": [ [ [ 80.4290505, 16.3033258 ], [ 80.4290557, 16.3033258 ], [ 80.4290557, 16.3033207 ], [ 80.4290505, 16.3033207 ], [ 80.4290505, 16.3033258 ] ] ] } },
{ "type": "Feature", "properties": { "label": "Pothole", "confidence": 0.4, "on_road": 1, "size_m": 1.1, "gt_road_overlap": 1.0, "gt_roof_overlap": 0.0 }, "geometry": { "type": "Polygon", "coordinates": [ [ [ 80.4286094, 16.3032575 ], [ 80.4286199, 16.3032576 ], [ 80.4286199, 16.3032489 ], [ 80.4286095, 16.3032489 ], [ 80.4286094, 16.3032575 ] ] ] } },
{ "type": "Feature", "properties": { "label": "Pothole", "confidence": 0.39, "on_road": 0, "size_m": 1.5, "gt_road_overlap": 0.0, "gt_roof_overlap": 1.0 }, "geometry": { "type": "Polygon", "coordinates": [ [ [ 80.4293218, 16.3043549 ], [ 80.4293354, 16.3043549 ], [ 80.4293355, 16.3043448 ], [ 80.4293218, 16.3043448 ], [ 80.4293218, 16.3043549 ] ] ] } },
{ "type": "Feature", "properties": { "label": "Pothole", "confidence": 0.32, "on_road": 1, "size_m": 0.7, "gt_road_overlap": 0.635, "gt_roof_overlap": 0.0 }, "geometry": { "type": "Polygon", "coordinates": [ [ [ 80.4292508, 16.3044133 ], [ 80.4292576, 16.3044133 ], [ 80.4292576, 16.3044075 ], [ 80.4292508, 16.3044075 ], [ 80.4292508, 16.3044133 ] ] ] } },
{ "type": "Feature", "properties": { "label": "Pothole", "confidence": 0.31, "on_road": 1, "size_m": 0.6, "gt_road_overlap": 1.0, "gt_roof_overlap": 0.0 }, "geometry": { "type": "Polygon", "coordinates": [ [ [ 80.4281163, 16.303467 ], [ 80.4281204, 16.3034671 ], [ 80.4281204, 16.3034618 ], [ 80.4281163, 16.3034618 ], [ 80.4281163, 16.303467 ] ] ] } },
{ "type": "Feature", "properties": { "label": "Pothole", "confidence": 0.3, "on_road": 0, "size_m": 1.4, "gt_road_overlap": 0.0, "gt_roof_overlap": 1.0 }, "geometry": { "type": "Polygon", "coordinates": [ [ [ 80.4292629, 16.3043305 ], [ 80.4292715, 16.3043305 ], [ 80.4292715, 16.3043175 ], [ 80.4292629, 16.3043175 ], [ 80.4292629, 16.3043305 ] ] ] } },
{ "type": "Feature", "properties": { "label": "Pothole", "confidence": 0.27, "on_road": 1, "size_m": 2.4, "gt_road_overlap": 1.0, "gt_roof_overlap": 0.0 }, "geometry": { "type": "Polygon", "coordinates": [ [ [ 80.4292392, 16.3042408 ], [ 80.4292618, 16.3042408 ], [ 80.4292619, 16.3042231 ], [ 80.4292392, 16.3042231 ], [ 80.4292392, 16.3042408 ] ] ] } },
{ "type": "Feature", "properties": { "label": "Pothole", "confidence": 0.26, "on_road": 0, "size_m": 1.2, "gt_road_overlap": 0.0, "gt_roof_overlap": 1.0 }, "geometry": { "type": "Polygon", "coordinates": [ [ [ 80.4292217, 16.3043351 ], [ 80.4292329, 16.3043351 ], [ 80.4292329, 16.3043265 ], [ 80.4292217, 16.3043264 ], [ 80.4292217, 16.3043351 ] ] ] } },
{ "type": "Feature", "properties": { "label": "Pothole", "confidence": 0.26, "on_road": 1, "size_m": 1.4, "gt_road_overlap": 1.0, "gt_roof_overlap": 0.0 }, "geometry": { "type": "Polygon", "coordinates": [ [ [ 80.4292128, 16.3042364 ], [ 80.4292263, 16.3042364 ], [ 80.4292263, 16.3042237 ], [ 80.4292128, 16.3042237 ], [ 80.4292128, 16.3042364 ] ] ] } },
{ "type": "Feature", "properties": { "label": "Pothole", "confidence": 0.26, "on_road": 1, "size_m": 1.1, "gt_road_overlap": 1.0, "gt_roof_overlap": 0.0 }, "geometry": { "type": "Polygon", "coordinates": [ [ [ 80.4291706, 16.3042111 ], [ 80.4291798, 16.3042111 ], [ 80.4291798, 16.3042014 ], [ 80.4291706, 16.3042014 ], [ 80.4291706, 16.3042111 ] ] ] } },
{ "type": "Feature", "properties": { "label": "Pothole", "confidence": 0.96, "on_road": 0, "size_m": 2.5, "gt_road_overlap": 0.0, "gt_roof_overlap": 0.355 }, "geometry": { "type": "Polygon", "coordinates": [ [ [ 80.4302848, 16.3043362 ], [ 80.4303035, 16.3043362 ], [ 80.4303036, 16.3043138 ], [ 80.4302849, 16.3043137 ], [ 80.4302848, 16.3043362 ] ] ] } },
{ "type": "Feature", "properties": { "label": "Pothole", "confidence": 0.89, "on_road": 1, "size_m": 1.0, "gt_road_overlap": 1.0, "gt_roof_overlap": 0.0 }, "geometry": { "type": "Polygon", "coordinates": [ [ [ 80.4300776, 16.3033515 ], [ 80.4300874, 16.3033516 ], [ 80.4300874, 16.3033431 ], [ 80.4300776, 16.303343 ], [ 80.4300776, 16.3033515 ] ] ] } },
{ "type": "Feature", "properties": { "label": "Pothole", "confidence": 0.87, "on_road": 1, "size_m": 0.6, "gt_road_overlap": 1.0, "gt_roof_overlap": 0.0 }, "geometry": { "type": "Polygon", "coordinates": [ [ [ 80.4296328, 16.3034805 ], [ 80.4296381, 16.3034805 ], [ 80.4296381, 16.3034751 ], [ 80.4296328, 16.3034751 ], [ 80.4296328, 16.3034805 ] ] ] } },
{ "type": "Feature", "properties": { "label": "Pothole", "confidence": 0.84, "on_road": 1, "size_m": 0.8, "gt_road_overlap": 1.0, "gt_roof_overlap": 0.0 }, "geometry": { "type": "Polygon", "coordinates": [ [ [ 80.4296774, 16.3034652 ], [ 80.4296853, 16.3034652 ], [ 80.4296853, 16.303459 ], [ 80.4296774, 16.303459 ], [ 80.4296774, 16.3034652 ] ] ] } },
{ "type": "Feature", "properties": { "label": "Pothole", "confidence": 0.8, "on_road": 0, "size_m": 4.7, "gt_road_overlap": 1.0, "gt_roof_overlap": 0.0 }, "geometry": { "type": "Polygon", "coordinates": [ [ [ 80.4295893, 16.3034947 ], [ 80.4296335, 16.3034948 ], [ 80.4296336, 16.3034774 ], [ 80.4295894, 16.3034773 ], [ 80.4295893, 16.3034947 ] ] ] } },
{ "type": "Feature", "properties": { "label": "Pothole", "confidence": 0.74, "on_road": 1, "size_m": 1.0, "gt_road_overlap": 1.0, "gt_roof_overlap": 0.0 }, "geometry": { "type": "Polygon", "coordinates": [ [ [ 80.4301751, 16.3033126 ], [ 80.4301837, 16.3033126 ], [ 80.4301837, 16.3033032 ], [ 80.4301751, 16.3033032 ], [ 80.4301751, 16.3033126 ] ] ] } },
{ "type": "Feature", "properties": { "label": "Pothole", "confidence": 0.69, "on_road": 0, "size_m": 7.0, "gt_road_overlap": 0.153, "gt_roof_overlap": 0.692 }, "geometry": { "type": "Polygon", "coordinates": [ [ [ 80.4303404, 16.3038809 ], [ 80.4304058, 16.3038811 ], [ 80.4304059, 16.3038431 ], [ 80.4303405, 16.3038429 ], [ 80.4303404, 16.3038809 ] ] ] } },
{ "type": "Feature", "properties": { "label": "Pothole", "confidence": 0.69, "on_road": 1, "size_m": 0.9, "gt_road_overlap": 1.0, "gt_roof_overlap": 0.0 }, "geometry": { "type": "Polygon", "coordinates": [ [ [ 80.4302037, 16.3036359 ], [ 80.4302105, 16.3036359 ], [ 80.4302105, 16.303628 ], [ 80.4302037, 16.3036279 ], [ 80.4302037, 16.3036359 ] ] ] } },
{ "type": "Feature", "properties": { "label": "Pothole", "confidence": 0.64, "on_road": 1, "size_m": 1.4, "gt_road_overlap": 1.0, "gt_roof_overlap": 0.0 }, "geometry": { "type": "Polygon", "coordinates": [ [ [ 80.4298143, 16.3039611 ], [ 80.4298267, 16.3039611 ], [ 80.4298267, 16.303948 ], [ 80.4298144, 16.303948 ], [ 80.4298143, 16.3039611 ] ] ] } },
{ "type": "Feature", "properties": { "label": "Pothole", "confidence": 0.64, "on_road": 1, "size_m": 1.4, "gt_road_overlap": 1.0, "gt_roof_overlap": 0.0 }, "geometry": { "type": "Polygon", "coordinates": [ [ [ 80.4298817, 16.3039032 ], [ 80.4298914, 16.3039032 ], [ 80.4298915, 16.3038905 ], [ 80.4298817, 16.3038905 ], [ 80.4298817, 16.3039032 ] ] ] } },
{ "type": "Feature", "properties": { "label": "Pothole", "confidence": 0.63, "on_road": 0, "size_m": 4.0, "gt_road_overlap": 0.0, "gt_roof_overlap": 1.0 }, "geometry": { "type": "Polygon", "coordinates": [ [ [ 80.4303632, 16.3038348 ], [ 80.4304008, 16.3038349 ], [ 80.4304009, 16.303814 ], [ 80.4303633, 16.3038139 ], [ 80.4303632, 16.3038348 ] ] ] } },
{ "type": "Feature", "properties": { "label": "Pothole", "confidence": 0.62, "on_road": 0, "size_m": 4.3, "gt_road_overlap": 0.0, "gt_roof_overlap": 1.0 }, "geometry": { "type": "Polygon", "coordinates": [ [ [ 80.4303661, 16.3034698 ], [ 80.4304062, 16.3034699 ], [ 80.4304063, 16.3034461 ], [ 80.4303662, 16.303446 ], [ 80.4303661, 16.3034698 ] ] ] } },
{ "type": "Feature", "properties": { "label": "Pothole", "confidence": 0.61, "on_road": 1, "size_m": 0.7, "gt_road_overlap": 1.0, "gt_roof_overlap": 0.0 }, "geometry": { "type": "Polygon", "coordinates": [ [ [ 80.4296788, 16.3034368 ], [ 80.429685, 16.3034368 ], [ 80.429685, 16.3034318 ], [ 80.4296788, 16.3034318 ], [ 80.4296788, 16.3034368 ] ] ] } },
{ "type": "Feature", "properties": { "label": "Pothole", "confidence": 0.57, "on_road": 0, "size_m": 1.8, "gt_road_overlap": 0.0, "gt_roof_overlap": 1.0 }, "geometry": { "type": "Polygon", "coordinates": [ [ [ 80.4303954, 16.3035286 ], [ 80.4304126, 16.3035286 ], [ 80.4304126, 16.3035175 ], [ 80.4303954, 16.3035174 ], [ 80.4303954, 16.3035286 ] ] ] } },
{ "type": "Feature", "properties": { "label": "Pothole", "confidence": 0.54, "on_road": 1, "size_m": 1.0, "gt_road_overlap": 1.0, "gt_roof_overlap": 0.0 }, "geometry": { "type": "Polygon", "coordinates": [ [ [ 80.4296765, 16.3039587 ], [ 80.4296829, 16.3039588 ], [ 80.4296829, 16.3039498 ], [ 80.4296766, 16.3039498 ], [ 80.4296765, 16.3039587 ] ] ] } },
{ "type": "Feature", "properties": { "label": "Pothole", "confidence": 0.53, "on_road": 1, "size_m": 1.7, "gt_road_overlap": 1.0, "gt_roof_overlap": 0.0 }, "geometry": { "type": "Polygon", "coordinates": [ [ [ 80.4295581, 16.3040843 ], [ 80.4295738, 16.3040844 ], [ 80.4295738, 16.3040696 ], [ 80.4295581, 16.3040695 ], [ 80.4295581, 16.3040843 ] ] ] } },
{ "type": "Feature", "properties": { "label": "Pothole", "confidence": 0.51, "on_road": 1, "size_m": 0.7, "gt_road_overlap": 1.0, "gt_roof_overlap": 0.0 }, "geometry": { "type": "Polygon", "coordinates": [ [ [ 80.4303241, 16.3039378 ], [ 80.4303303, 16.3039378 ], [ 80.4303304, 16.3039317 ], [ 80.4303241, 16.3039316 ], [ 80.4303241, 16.3039378 ] ] ] } },
{ "type": "Feature", "properties": { "label": "Pothole", "confidence": 0.49, "on_road": 0, "size_m": 1.2, "gt_road_overlap": 0.0, "gt_roof_overlap": 1.0 }, "geometry": { "type": "Polygon", "coordinates": [ [ [ 80.4305129, 16.3039341 ], [ 80.4305201, 16.3039342 ], [ 80.4305201, 16.3039233 ], [ 80.4305129, 16.3039233 ], [ 80.4305129, 16.3039341 ] ] ] } },
{ "type": "Feature", "properties": { "label": "Pothole", "confidence": 0.49, "on_road": 1, "size_m": 2.8, "gt_road_overlap": 1.0, "gt_roof_overlap": 0.0 }, "geometry": { "type": "Polygon", "coordinates": [ [ [ 80.4302989, 16.3039155 ], [ 80.4303104, 16.3039155 ], [ 80.4303105, 16.3038902 ], [ 80.430299, 16.3038902 ], [ 80.4302989, 16.3039155 ] ] ] } },
{ "type": "Feature", "properties": { "label": "Pothole", "confidence": 0.47, "on_road": 0, "size_m": 1.8, "gt_road_overlap": 0.0, "gt_roof_overlap": 0.105 }, "geometry": { "type": "Polygon", "coordinates": [ [ [ 80.4299758, 16.3039807 ], [ 80.4299892, 16.3039807 ], [ 80.4299893, 16.3039647 ], [ 80.4299759, 16.3039647 ], [ 80.4299758, 16.3039807 ] ] ] } },
{ "type": "Feature", "properties": { "label": "Pothole", "confidence": 0.44, "on_road": 0, "size_m": 1.5, "gt_road_overlap": 0.0, "gt_roof_overlap": 0.312 }, "geometry": { "type": "Polygon", "coordinates": [ [ [ 80.4302531, 16.304361 ], [ 80.4302655, 16.3043611 ], [ 80.4302655, 16.3043473 ], [ 80.4302531, 16.3043473 ], [ 80.4302531, 16.304361 ] ] ] } },
{ "type": "Feature", "properties": { "label": "Pothole", "confidence": 0.44, "on_road": 1, "size_m": 1.2, "gt_road_overlap": 1.0, "gt_roof_overlap": 0.0 }, "geometry": { "type": "Polygon", "coordinates": [ [ [ 80.4303414, 16.3042571 ], [ 80.430353, 16.3042572 ], [ 80.430353, 16.3042468 ], [ 80.4303414, 16.3042468 ], [ 80.4303414, 16.3042571 ] ] ] } },
{ "type": "Feature", "properties": { "label": "Pothole", "confidence": 0.4, "on_road": 1, "size_m": 2.2, "gt_road_overlap": 0.553, "gt_roof_overlap": 0.0 }, "geometry": { "type": "Polygon", "coordinates": [ [ [ 80.4301344, 16.304318 ], [ 80.4301501, 16.3043181 ], [ 80.4301501, 16.3042986 ], [ 80.4301344, 16.3042985 ], [ 80.4301344, 16.304318 ] ] ] } },
{ "type": "Feature", "properties": { "label": "Pothole", "confidence": 0.38, "on_road": 0, "size_m": 4.3, "gt_road_overlap": 1.0, "gt_roof_overlap": 0.0 }, "geometry": { "type": "Polygon", "coordinates": [ [ [ 80.4305139, 16.3036105 ], [ 80.4305308, 16.3036106 ], [ 80.4305309, 16.3035715 ], [ 80.430514, 16.3035715 ], [ 80.4305139, 16.3036105 ] ] ] } },
{ "type": "Feature", "properties": { "label": "Pothole", "confidence": 0.36, "on_road": 1, "size_m": 0.7, "gt_road_overlap": 1.0, "gt_roof_overlap": 0.0 }, "geometry": { "type": "Polygon", "coordinates": [ [ [ 80.4301316, 16.3037742 ], [ 80.4301376, 16.3037742 ], [ 80.4301376, 16.3037681 ], [ 80.4301316, 16.303768 ], [ 80.4301316, 16.3037742 ] ] ] } },
{ "type": "Feature", "properties": { "label": "Pothole", "confidence": 0.36, "on_road": 1, "size_m": 1.3, "gt_road_overlap": 1.0, "gt_roof_overlap": 0.0 }, "geometry": { "type": "Polygon", "coordinates": [ [ [ 80.4298075, 16.3039312 ], [ 80.4298195, 16.3039312 ], [ 80.4298195, 16.3039207 ], [ 80.4298075, 16.3039207 ], [ 80.4298075, 16.3039312 ] ] ] } },
{ "type": "Feature", "properties": { "label": "Pothole", "confidence": 0.35, "on_road": 0, "size_m": 3.3, "gt_road_overlap": 0.225, "gt_roof_overlap": 0.0 }, "geometry": { "type": "Polygon", "coordinates": [ [ [ 80.4302662, 16.3039296 ], [ 80.4302834, 16.3039296 ], [ 80.4302835, 16.3038998 ], [ 80.4302662, 16.3038998 ], [ 80.4302662, 16.3039296 ] ] ] } },
{ "type": "Feature", "properties": { "label": "Pothole", "confidence": 0.34, "on_road": 1, "size_m": 0.9, "gt_road_overlap": 1.0, "gt_roof_overlap": 0.0 }, "geometry": { "type": "Polygon", "coordinates": [ [ [ 80.4296899, 16.3034326 ], [ 80.4296985, 16.3034326 ], [ 80.4296985, 16.3034286 ], [ 80.4296899, 16.3034286 ], [ 80.4296899, 16.3034326 ] ] ] } },
{ "type": "Feature", "properties": { "label": "Pothole", "confidence": 0.32, "on_road": 1, "size_m": 0.7, "gt_road_overlap": 1.0, "gt_roof_overlap": 0.0 }, "geometry": { "type": "Polygon", "coordinates": [ [ [ 80.4300993, 16.3033478 ], [ 80.4301061, 16.3033478 ], [ 80.4301061, 16.3033426 ], [ 80.4300994, 16.3033426 ], [ 80.4300993, 16.3033478 ] ] ] } },
{ "type": "Feature", "properties": { "label": "Pothole", "confidence": 0.29, "on_road": 0, "size_m": 5.5, "gt_road_overlap": 0.777, "gt_roof_overlap": 0.308 }, "geometry": { "type": "Polygon", "coordinates": [ [ [ 80.430218, 16.3042806 ], [ 80.4302696, 16.3042807 ], [ 80.4302698, 16.3042328 ], [ 80.4302181, 16.3042327 ], [ 80.430218, 16.3042806 ] ] ] } },
{ "type": "Feature", "properties": { "label": "Pothole", "confidence": 0.28, "on_road": 1, "size_m": 0.9, "gt_road_overlap": 1.0, "gt_roof_overlap": 0.0 }, "geometry": { "type": "Polygon", "coordinates": [ [ [ 80.4302564, 16.3038147 ], [ 80.4302646, 16.3038147 ], [ 80.4302646, 16.3038071 ], [ 80.4302564, 16.3038071 ], [ 80.4302564, 16.3038147 ] ] ] } },
{ "type": "Feature", "properties": { "label": "Pothole", "confidence": 0.28, "on_road": 1, "size_m": 1.8, "gt_road_overlap": 1.0, "gt_roof_overlap": 0.0 }, "geometry": { "type": "Polygon", "coordinates": [ [ [ 80.4296548, 16.3039587 ], [ 80.4296721, 16.3039587 ], [ 80.4296721, 16.3039444 ], [ 80.4296549, 16.3039444 ], [ 80.4296548, 16.3039587 ] ] ] } },
{ "type": "Feature", "properties": { "label": "Pothole", "confidence": 0.28, "on_road": 0, "size_m": 7.5, "gt_road_overlap": 1.0, "gt_roof_overlap": 0.0 }, "geometry": { "type": "Polygon", "coordinates": [ [ [ 80.4295589, 16.304048 ], [ 80.4296293, 16.3040482 ], [ 80.4296294, 16.3040095 ], [ 80.429559, 16.3040093 ], [ 80.4295589, 16.304048 ] ] ] } },
{ "type": "Feature", "properties": { "label": "Pothole", "confidence": 0.28, "on_road": 1, "size_m": 0.6, "gt_road_overlap": 0.366, "gt_roof_overlap": 0.0 }, "geometry": { "type": "Polygon", "coordinates": [ [ [ 80.4302302, 16.3037878 ], [ 80.4302362, 16.3037879 ], [ 80.4302362, 16.3037821 ], [ 80.4302303, 16.3037821 ], [ 80.4302302, 16.3037878 ] ] ] } },
{ "type": "Feature", "properties": { "label": "Pothole", "confidence": 0.27, "on_road": 1, "size_m": 2.1, "gt_road_overlap": 1.0, "gt_roof_overlap": 0.0 }, "geometry": { "type": "Polygon", "coordinates": [ [ [ 80.430288, 16.3038831 ], [ 80.4303075, 16.3038831 ], [ 80.4303075, 16.3038643 ], [ 80.4302881, 16.3038643 ], [ 80.430288, 16.3038831 ] ] ] } },
{ "type": "Feature", "properties": { "label": "Pothole", "confidence": 0.25, "on_road": 1, "size_m": 1.8, "gt_road_overlap": 1.0, "gt_roof_overlap": 0.0 }, "geometry": { "type": "Polygon", "coordinates": [ [ [ 80.4296827, 16.3039554 ], [ 80.4296992, 16.3039554 ], [ 80.4296992, 16.3039435 ], [ 80.4296828, 16.3039435 ], [ 80.4296827, 16.3039554 ] ] ] } },
{ "type": "Feature", "properties": { "label": "Pothole", "confidence": 0.72, "on_road": 1, "size_m": 1.0, "gt_road_overlap": 1.0, "gt_roof_overlap": 0.0 }, "geometry": { "type": "Polygon", "coordinates": [ [ [ 80.4309842, 16.303454 ], [ 80.4309939, 16.303454 ], [ 80.4309939, 16.3034446 ], [ 80.4309842, 16.3034446 ], [ 80.4309842, 16.303454 ] ] ] } },
{ "type": "Feature", "properties": { "label": "Pothole", "confidence": 0.52, "on_road": 1, "size_m": 0.8, "gt_road_overlap": 1.0, "gt_roof_overlap": 0.0 }, "geometry": { "type": "Polygon", "coordinates": [ [ [ 80.4308763, 16.3033853 ], [ 80.4308842, 16.3033853 ], [ 80.4308842, 16.3033783 ], [ 80.4308764, 16.3033783 ], [ 80.4308763, 16.3033853 ] ] ] } },
{ "type": "Feature", "properties": { "label": "Pothole", "confidence": 0.44, "on_road": 0, "size_m": 1.6, "gt_road_overlap": 0.0, "gt_roof_overlap": 1.0 }, "geometry": { "type": "Polygon", "coordinates": [ [ [ 80.4310623, 16.3035972 ], [ 80.4310755, 16.3035972 ], [ 80.4310756, 16.3035827 ], [ 80.4310624, 16.3035827 ], [ 80.4310623, 16.3035972 ] ] ] } },
{ "type": "Feature", "properties": { "label": "Pothole", "confidence": 0.43, "on_road": 1, "size_m": 0.7, "gt_road_overlap": 1.0, "gt_roof_overlap": 0.0 }, "geometry": { "type": "Polygon", "coordinates": [ [ [ 80.4310769, 16.3038516 ], [ 80.4310831, 16.3038516 ], [ 80.4310831, 16.3038465 ], [ 80.4310769, 16.3038465 ], [ 80.4310769, 16.3038516 ] ] ] } },
{ "type": "Feature", "properties": { "label": "Pothole", "confidence": 0.41, "on_road": 0, "size_m": 1.6, "gt_road_overlap": 0.0, "gt_roof_overlap": 0.0 }, "geometry": { "type": "Polygon", "coordinates": [ [ [ 80.4315235, 16.3035308 ], [ 80.4315325, 16.3035308 ], [ 80.4315325, 16.3035164 ], [ 80.4315235, 16.3035163 ], [ 80.4315235, 16.3035308 ] ] ] } },
{ "type": "Feature", "properties": { "label": "Pothole", "confidence": 0.41, "on_road": 0, "size_m": 6.4, "gt_road_overlap": 1.0, "gt_roof_overlap": 0.0 }, "geometry": { "type": "Polygon", "coordinates": [ [ [ 80.4308845, 16.3034707 ], [ 80.4309444, 16.3034708 ], [ 80.4309445, 16.3034265 ], [ 80.4308846, 16.3034264 ], [ 80.4308845, 16.3034707 ] ] ] } },
{ "type": "Feature", "properties": { "label": "Pothole", "confidence": 0.4, "on_road": 1, "size_m": 0.6, "gt_road_overlap": 1.0, "gt_roof_overlap": 0.0 }, "geometry": { "type": "Polygon", "coordinates": [ [ [ 80.4317841, 16.3041612 ], [ 80.4317886, 16.3041612 ], [ 80.4317886, 16.3041554 ], [ 80.4317841, 16.3041554 ], [ 80.4317841, 16.3041612 ] ] ] } },
{ "type": "Feature", "properties": { "label": "Pothole", "confidence": 0.37, "on_road": 0, "size_m": 1.2, "gt_road_overlap": 0.0, "gt_roof_overlap": 1.0 }, "geometry": { "type": "Polygon", "coordinates": [ [ [ 80.4316371, 16.3033425 ], [ 80.4316468, 16.3033426 ], [ 80.4316469, 16.3033317 ], [ 80.4316371, 16.3033317 ], [ 80.4316371, 16.3033425 ] ] ] } },
{ "type": "Feature", "properties": { "label": "Pothole", "confidence": 0.36, "on_road": 0, "size_m": 2.4, "gt_road_overlap": 0.014, "gt_roof_overlap": 0.0 }, "geometry": { "type": "Polygon", "coordinates": [ [ [ 80.4309944, 16.3033471 ], [ 80.4310172, 16.3033472 ], [ 80.4310173, 16.3033306 ], [ 80.4309944, 16.3033305 ], [ 80.4309944, 16.3033471 ] ] ] } },
{ "type": "Feature", "properties": { "label": "Pothole", "confidence": 0.29, "on_road": 0, "size_m": 1.1, "gt_road_overlap": 0.055, "gt_roof_overlap": 0.0 }, "geometry": { "type": "Polygon", "coordinates": [ [ [ 80.4315062, 16.3034819 ], [ 80.4315167, 16.303482 ], [ 80.4315167, 16.3034736 ], [ 80.4315062, 16.3034736 ], [ 80.4315062, 16.3034819 ] ] ] } },
{ "type": "Feature", "properties": { "label": "Pothole", "confidence": 0.28, "on_road": 0, "size_m": 3.1, "gt_road_overlap": 0.0, "gt_roof_overlap": 0.601 }, "geometry": { "type": "Polygon", "coordinates": [ [ [ 80.4319525, 16.3036006 ], [ 80.4319713, 16.3036006 ], [ 80.4319713, 16.3035728 ], [ 80.4319526, 16.3035727 ], [ 80.4319525, 16.3036006 ] ] ] } },
{ "type": "Feature", "properties": { "label": "Pothole", "confidence": 0.91, "on_road": 1, "size_m": 1.5, "gt_road_overlap": 1.0, "gt_roof_overlap": 0.0 }, "geometry": { "type": "Polygon", "coordinates": [ [ [ 80.432304, 16.304347 ], [ 80.4323179, 16.3043471 ], [ 80.4323179, 16.3043331 ], [ 80.4323041, 16.3043331 ], [ 80.432304, 16.304347 ] ] ] } },
{ "type": "Feature", "properties": { "label": "Pothole", "confidence": 0.56, "on_road": 1, "size_m": 2.5, "gt_road_overlap": 1.0, "gt_roof_overlap": 0.0 }, "geometry": { "type": "Polygon", "coordinates": [ [ [ 80.4334674, 16.3040558 ], [ 80.4334906, 16.3040559 ], [ 80.4334907, 16.3040496 ], [ 80.4334674, 16.3040495 ], [ 80.4334674, 16.3040558 ] ] ] } },
{ "type": "Feature", "properties": { "label": "Pothole", "confidence": 0.54, "on_road": 1, "size_m": 0.6, "gt_road_overlap": 1.0, "gt_roof_overlap": 0.0 }, "geometry": { "type": "Polygon", "coordinates": [ [ [ 80.4327392, 16.3042713 ], [ 80.4327445, 16.3042713 ], [ 80.4327445, 16.3042663 ], [ 80.4327392, 16.3042663 ], [ 80.4327392, 16.3042713 ] ] ] } },
{ "type": "Feature", "properties": { "label": "Pothole", "confidence": 0.39, "on_road": 1, "size_m": 0.7, "gt_road_overlap": 1.0, "gt_roof_overlap": 0.0 }, "geometry": { "type": "Polygon", "coordinates": [ [ [ 80.4324027, 16.3036601 ], [ 80.4324078, 16.3036601 ], [ 80.4324079, 16.3036534 ], [ 80.4324027, 16.3036534 ], [ 80.4324027, 16.3036601 ] ] ] } },
{ "type": "Feature", "properties": { "label": "Pothole", "confidence": 0.35, "on_road": 1, "size_m": 0.9, "gt_road_overlap": 1.0, "gt_roof_overlap": 0.0 }, "geometry": { "type": "Polygon", "coordinates": [ [ [ 80.432513, 16.3041769 ], [ 80.432521, 16.3041769 ], [ 80.432521, 16.3041697 ], [ 80.432513, 16.3041697 ], [ 80.432513, 16.3041769 ] ] ] } },
{ "type": "Feature", "properties": { "label": "Pothole", "confidence": 0.32, "on_road": 1, "size_m": 2.0, "gt_road_overlap": 1.0, "gt_roof_overlap": 0.0 }, "geometry": { "type": "Polygon", "coordinates": [ [ [ 80.4330768, 16.3042122 ], [ 80.4330956, 16.3042123 ], [ 80.4330956, 16.3042047 ], [ 80.4330769, 16.3042046 ], [ 80.4330768, 16.3042122 ] ] ] } },
{ "type": "Feature", "properties": { "label": "Pothole", "confidence": 0.31, "on_road": 1, "size_m": 2.8, "gt_road_overlap": 1.0, "gt_roof_overlap": 0.0 }, "geometry": { "type": "Polygon", "coordinates": [ [ [ 80.4324855, 16.3039127 ], [ 80.4324997, 16.3039127 ], [ 80.4324998, 16.3038874 ], [ 80.4324855, 16.3038874 ], [ 80.4324855, 16.3039127 ] ] ] } },
{ "type": "Feature", "properties": { "label": "Pothole", "confidence": 0.27, "on_road": 1, "size_m": 2.0, "gt_road_overlap": 1.0, "gt_roof_overlap": 0.0 }, "geometry": { "type": "Polygon", "coordinates": [ [ [ 80.4334714, 16.3041618 ], [ 80.4334901, 16.3041618 ], [ 80.4334902, 16.3041495 ], [ 80.4334715, 16.3041495 ], [ 80.4334714, 16.3041618 ] ] ] } },
{ "type": "Feature", "properties": { "label": "Pothole", "confidence": 0.71, "on_road": 1, "size_m": 0.8, "gt_road_overlap": 1.0, "gt_roof_overlap": 0.0 }, "geometry": { "type": "Polygon", "coordinates": [ [ [ 80.4340466, 16.304066 ], [ 80.4340542, 16.3040661 ], [ 80.4340542, 16.3040588 ], [ 80.4340466, 16.3040588 ], [ 80.4340466, 16.304066 ] ] ] } },
{ "type": "Feature", "properties": { "label": "Pothole", "confidence": 0.62, "on_road": 1, "size_m": 0.6, "gt_road_overlap": 1.0, "gt_roof_overlap": 0.0 }, "geometry": { "type": "Polygon", "coordinates": [ [ [ 80.4336744, 16.304335 ], [ 80.4336785, 16.304335 ], [ 80.4336786, 16.3043296 ], [ 80.4336744, 16.3043295 ], [ 80.4336744, 16.304335 ] ] ] } },
{ "type": "Feature", "properties": { "label": "Pothole", "confidence": 0.55, "on_road": 1, "size_m": 0.7, "gt_road_overlap": 1.0, "gt_roof_overlap": 0.0 }, "geometry": { "type": "Polygon", "coordinates": [ [ [ 80.4337731, 16.3035938 ], [ 80.4337794, 16.3035938 ], [ 80.4337794, 16.3035884 ], [ 80.4337731, 16.3035884 ], [ 80.4337731, 16.3035938 ] ] ] } },
{ "type": "Feature", "properties": { "label": "Pothole", "confidence": 0.53, "on_road": 1, "size_m": 2.0, "gt_road_overlap": 0.839, "gt_roof_overlap": 0.0 }, "geometry": { "type": "Polygon", "coordinates": [ [ [ 80.4337918, 16.30344 ], [ 80.4338107, 16.30344 ], [ 80.4338107, 16.3034304 ], [ 80.4337918, 16.3034304 ], [ 80.4337918, 16.30344 ] ] ] } },
{ "type": "Feature", "properties": { "label": "Pothole", "confidence": 0.47, "on_road": 1, "size_m": 1.8, "gt_road_overlap": 1.0, "gt_roof_overlap": 0.0 }, "geometry": { "type": "Polygon", "coordinates": [ [ [ 80.4341753, 16.3034585 ], [ 80.4341824, 16.3034586 ], [ 80.4341825, 16.3034427 ], [ 80.4341753, 16.3034426 ], [ 80.4341753, 16.3034585 ] ] ] } },
{ "type": "Feature", "properties": { "label": "Pothole", "confidence": 0.43, "on_road": 0, "size_m": 2.0, "gt_road_overlap": 0.0, "gt_roof_overlap": 0.0 }, "geometry": { "type": "Polygon", "coordinates": [ [ [ 80.4339643, 16.3039988 ], [ 80.4339834, 16.3039989 ], [ 80.4339834, 16.3039936 ], [ 80.4339643, 16.3039936 ], [ 80.4339643, 16.3039988 ] ] ] } },
{ "type": "Feature", "properties": { "label": "Pothole", "confidence": 0.39, "on_road": 1, "size_m": 2.6, "gt_road_overlap": 1.0, "gt_roof_overlap": 0.0 }, "geometry": { "type": "Polygon", "coordinates": [ [ [ 80.4338275, 16.3037906 ], [ 80.4338506, 16.3037907 ], [ 80.4338506, 16.3037676 ], [ 80.4338276, 16.3037675 ], [ 80.4338275, 16.3037906 ] ] ] } },
{ "type": "Feature", "properties": { "label": "Pothole", "confidence": 0.36, "on_road": 1, "size_m": 1.0, "gt_road_overlap": 1.0, "gt_roof_overlap": 0.0 }, "geometry": { "type": "Polygon", "coordinates": [ [ [ 80.4337102, 16.3033514 ], [ 80.4337192, 16.3033514 ], [ 80.4337192, 16.303342 ], [ 80.4337102, 16.303342 ], [ 80.4337102, 16.3033514 ] ] ] } },
{ "type": "Feature", "properties": { "label": "Pothole", "confidence": 0.35, "on_road": 0, "size_m": 1.7, "gt_road_overlap": 0.0, "gt_roof_overlap": 0.323 }, "geometry": { "type": "Polygon", "coordinates": [ [ [ 80.4340346, 16.3039903 ], [ 80.4340445, 16.3039904 ], [ 80.4340445, 16.3039748 ], [ 80.4340346, 16.3039748 ], [ 80.4340346, 16.3039903 ] ] ] } },
{ "type": "Feature", "properties": { "label": "Pothole", "confidence": 0.29, "on_road": 0, "size_m": 0.8, "gt_road_overlap": 0.0, "gt_roof_overlap": 0.0 }, "geometry": { "type": "Polygon", "coordinates": [ [ [ 80.4342032, 16.304287 ], [ 80.4342085, 16.304287 ], [ 80.4342085, 16.3042798 ], [ 80.4342033, 16.3042798 ], [ 80.4342032, 16.304287 ] ] ] } },
{ "type": "Feature", "properties": { "label": "Pothole", "confidence": 0.29, "on_road": 1, "size_m": 1.4, "gt_road_overlap": 1.0, "gt_roof_overlap": 0.0 }, "geometry": { "type": "Polygon", "coordinates": [ [ [ 80.4345811, 16.3043055 ], [ 80.4345845, 16.3043055 ], [ 80.4345846, 16.3042925 ], [ 80.4345811, 16.3042925 ], [ 80.4345811, 16.3043055 ] ] ] } },
{ "type": "Feature", "properties": { "label": "Pothole", "confidence": 0.28, "on_road": 1, "size_m": 1.3, "gt_road_overlap": 0.553, "gt_roof_overlap": 0.0 }, "geometry": { "type": "Polygon", "coordinates": [ [ [ 80.4343134, 16.304373 ], [ 80.4343202, 16.304373 ], [ 80.4343202, 16.3043615 ], [ 80.4343135, 16.3043614 ], [ 80.4343134, 16.304373 ] ] ] } },
{ "type": "Feature", "properties": { "label": "Pothole", "confidence": 0.27, "on_road": 1, "size_m": 0.7, "gt_road_overlap": 1.0, "gt_roof_overlap": 0.0 }, "geometry": { "type": "Polygon", "coordinates": [ [ [ 80.4340865, 16.3040712 ], [ 80.4340928, 16.3040712 ], [ 80.4340929, 16.3040662 ], [ 80.4340865, 16.3040661 ], [ 80.4340865, 16.3040712 ] ] ] } },
{ "type": "Feature", "properties": { "label": "Pothole", "confidence": 0.27, "on_road": 1, "size_m": 0.8, "gt_road_overlap": 1.0, "gt_roof_overlap": 0.0 }, "geometry": { "type": "Polygon", "coordinates": [ [ [ 80.4345686, 16.3044395 ], [ 80.4345761, 16.3044395 ], [ 80.4345761, 16.3044323 ], [ 80.4345686, 16.3044323 ], [ 80.4345686, 16.3044395 ] ] ] } },
{ "type": "Feature", "properties": { "label": "Pothole", "confidence": 0.26, "on_road": 0, "size_m": 1.2, "gt_road_overlap": 0.0, "gt_roof_overlap": 0.0 }, "geometry": { "type": "Polygon", "coordinates": [ [ [ 80.4338203, 16.3034355 ], [ 80.4338319, 16.3034356 ], [ 80.4338319, 16.3034276 ], [ 80.4338203, 16.3034276 ], [ 80.4338203, 16.3034355 ] ] ] } },
{ "type": "Feature", "properties": { "label": "Pothole", "confidence": 0.26, "on_road": 0, "size_m": 5.0, "gt_road_overlap": 1.0, "gt_roof_overlap": 0.0 }, "geometry": { "type": "Polygon", "coordinates": [ [ [ 80.4344937, 16.3040003 ], [ 80.4345409, 16.3040005 ], [ 80.4345409, 16.3039846 ], [ 80.4344937, 16.3039844 ], [ 80.4344937, 16.3040003 ] ] ] } },
{ "type": "Feature", "properties": { "label": "Pothole", "confidence": 0.26, "on_road": 0, "size_m": 8.0, "gt_road_overlap": 0.0, "gt_roof_overlap": 0.193 }, "geometry": { "type": "Polygon", "coordinates": [ [ [ 80.4334538, 16.3036775 ], [ 80.4335282, 16.3036777 ], [ 80.4335283, 16.303649 ], [ 80.4334539, 16.3036488 ], [ 80.4334538, 16.3036775 ] ] ] } },
{ "type": "Feature", "properties": { "label": "Transverse crack", "confidence": 0.26, "on_road": 1, "size_m": 2.2, "gt_road_overlap": 1.0, "gt_roof_overlap": 0.0 }, "geometry": { "type": "Polygon", "coordinates": [ [ [ 80.433694, 16.3043381 ], [ 80.4337148, 16.3043382 ], [ 80.4337149, 16.3043273 ], [ 80.433694, 16.3043272 ], [ 80.433694, 16.3043381 ] ] ] } },
{ "type": "Feature", "properties": { "label": "Pothole", "confidence": 0.84, "on_road": 1, "size_m": 1.6, "gt_road_overlap": 1.0, "gt_roof_overlap": 0.0 }, "geometry": { "type": "Polygon", "coordinates": [ [ [ 80.4349749, 16.3037792 ], [ 80.4349831, 16.3037793 ], [ 80.4349832, 16.3037648 ], [ 80.4349749, 16.3037648 ], [ 80.4349749, 16.3037792 ] ] ] } },
{ "type": "Feature", "properties": { "label": "Pothole", "confidence": 0.57, "on_road": 0, "size_m": 1.7, "gt_road_overlap": 0.0, "gt_roof_overlap": 1.0 }, "geometry": { "type": "Polygon", "coordinates": [ [ [ 80.4350887, 16.3043545 ], [ 80.4351045, 16.3043545 ], [ 80.4351045, 16.3043401 ], [ 80.4350888, 16.30434 ], [ 80.4350887, 16.3043545 ] ] ] } },
{ "type": "Feature", "properties": { "label": "Pothole", "confidence": 0.48, "on_road": 0, "size_m": 0.9, "gt_road_overlap": 0.0, "gt_roof_overlap": 1.0 }, "geometry": { "type": "Polygon", "coordinates": [ [ [ 80.4350662, 16.304311 ], [ 80.4350729, 16.304311 ], [ 80.435073, 16.3043031 ], [ 80.4350662, 16.3043031 ], [ 80.4350662, 16.304311 ] ] ] } },
{ "type": "Feature", "properties": { "label": "Longitudinal crack", "confidence": 0.43, "on_road": 0, "size_m": 4.4, "gt_road_overlap": 0.0, "gt_roof_overlap": 0.0 }, "geometry": { "type": "Polygon", "coordinates": [ [ [ 80.4358238, 16.3040621 ], [ 80.4358511, 16.3040622 ], [ 80.4358512, 16.3040225 ], [ 80.4358239, 16.3040224 ], [ 80.4358238, 16.3040621 ] ] ] } },
{ "type": "Feature", "properties": { "label": "Pothole", "confidence": 0.42, "on_road": 0, "size_m": 6.2, "gt_road_overlap": 1.0, "gt_roof_overlap": 0.0 }, "geometry": { "type": "Polygon", "coordinates": [ [ [ 80.4349802, 16.303874 ], [ 80.4350386, 16.3038742 ], [ 80.4350387, 16.3038438 ], [ 80.4349803, 16.3038436 ], [ 80.4349802, 16.303874 ] ] ] } },
{ "type": "Feature", "properties": { "label": "Pothole", "confidence": 0.41, "on_road": 1, "size_m": 1.8, "gt_road_overlap": 1.0, "gt_roof_overlap": 0.0 }, "geometry": { "type": "Polygon", "coordinates": [ [ [ 80.4358853, 16.3039548 ], [ 80.4359026, 16.3039548 ], [ 80.4359026, 16.3039427 ], [ 80.4358854, 16.3039427 ], [ 80.4358853, 16.3039548 ] ] ] } },
{ "type": "Feature", "properties": { "label": "Pothole", "confidence": 0.4, "on_road": 0, "size_m": 1.2, "gt_road_overlap": 1.0, "gt_roof_overlap": 0.83 }, "geometry": { "type": "Polygon", "coordinates": [ [ [ 80.4352229, 16.3036 ], [ 80.4352285, 16.3036 ], [ 80.4352285, 16.3035892 ], [ 80.4352229, 16.3035892 ], [ 80.4352229, 16.3036 ] ] ] } },
{ "type": "Feature", "properties": { "label": "Pothole", "confidence": 0.38, "on_road": 1, "size_m": 0.8, "gt_road_overlap": 1.0, "gt_roof_overlap": 0.0 }, "geometry": { "type": "Polygon", "coordinates": [ [ [ 80.4356251, 16.3041409 ], [ 80.435633, 16.304141 ], [ 80.435633, 16.3041352 ], [ 80.4356252, 16.3041352 ], [ 80.4356251, 16.3041409 ] ] ] } },
{ "type": "Feature", "properties": { "label": "Transverse crack", "confidence": 0.36, "on_road": 1, "size_m": 23.5, "gt_road_overlap": 0.375, "gt_roof_overlap": 0.0 }, "geometry": { "type": "Polygon", "coordinates": [ [ [ 80.4358108, 16.3043611 ], [ 80.4360309, 16.3043617 ], [ 80.4360312, 16.3042847 ], [ 80.435811, 16.3042841 ], [ 80.4358108, 16.3043611 ] ] ] } },
{ "type": "Feature", "properties": { "label": "Pothole", "confidence": 0.35, "on_road": 1, "size_m": 3.0, "gt_road_overlap": 1.0, "gt_roof_overlap": 0.0 }, "geometry": { "type": "Polygon", "coordinates": [ [ [ 80.4349767, 16.3036796 ], [ 80.4350044, 16.3036797 ], [ 80.4350044, 16.3036712 ], [ 80.4349767, 16.3036711 ], [ 80.4349767, 16.3036796 ] ] ] } },
{ "type": "Feature", "properties": { "label": "Longitudinal crack", "confidence": 0.33, "on_road": 1, "size_m": 13.8, "gt_road_overlap": 0.474, "gt_roof_overlap": 0.0 }, "geometry": { "type": "Polygon", "coordinates": [ [ [ 80.4358794, 16.3043573 ], [ 80.436009, 16.3043577 ], [ 80.4360092, 16.3042997 ], [ 80.4358796, 16.3042994 ], [ 80.4358794, 16.3043573 ] ] ] } },
{ "type": "Feature", "properties": { "label": "Pothole", "confidence": 0.31, "on_road": 1, "size_m": 1.9, "gt_road_overlap": 1.0, "gt_roof_overlap": 0.0 }, "geometry": { "type": "Polygon", "coordinates": [ [ [ 80.434944, 16.3033733 ], [ 80.4349519, 16.3033733 ], [ 80.4349519, 16.3033563 ], [ 80.4349441, 16.3033563 ], [ 80.434944, 16.3033733 ] ] ] } },
{ "type": "Feature", "properties": { "label": "Pothole", "confidence": 0.29, "on_road": 1, "size_m": 1.9, "gt_road_overlap": 1.0, "gt_roof_overlap": 0.0 }, "geometry": { "type": "Polygon", "coordinates": [ [ [ 80.4352284, 16.3036698 ], [ 80.4352373, 16.3036698 ], [ 80.4352373, 16.3036528 ], [ 80.4352284, 16.3036528 ], [ 80.4352284, 16.3036698 ] ] ] } },
{ "type": "Feature", "properties": { "label": "Pothole", "confidence": 0.28, "on_road": 1, "size_m": 1.0, "gt_road_overlap": 1.0, "gt_roof_overlap": 0.0 }, "geometry": { "type": "Polygon", "coordinates": [ [ [ 80.4360053, 16.3039028 ], [ 80.4360143, 16.3039028 ], [ 80.4360143, 16.3038952 ], [ 80.4360053, 16.3038952 ], [ 80.4360053, 16.3039028 ] ] ] } },
{ "type": "Feature", "properties": { "label": "Pothole", "confidence": 0.76, "on_road": 0, "size_m": 1.2, "gt_road_overlap": 0.0, "gt_roof_overlap": 0.0 }, "geometry": { "type": "Polygon", "coordinates": [ [ [ 80.4374008, 16.3034806 ], [ 80.4374122, 16.3034807 ], [ 80.4374123, 16.3034722 ], [ 80.4374008, 16.3034721 ], [ 80.4374008, 16.3034806 ] ] ] } },
{ "type": "Feature", "properties": { "label": "Pothole", "confidence": 0.63, "on_road": 0, "size_m": 4.8, "gt_road_overlap": 1.0, "gt_roof_overlap": 0.0 }, "geometry": { "type": "Polygon", "coordinates": [ [ [ 80.4372567, 16.3040489 ], [ 80.4373014, 16.3040491 ], [ 80.4373014, 16.3040274 ], [ 80.4372567, 16.3040272 ], [ 80.4372567, 16.3040489 ] ] ] } },
{ "type": "Feature", "properties": { "label": "Pothole", "confidence": 0.58, "on_road": 0, "size_m": 2.8, "gt_road_overlap": 0.0, "gt_roof_overlap": 0.0 }, "geometry": { "type": "Polygon", "coordinates": [ [ [ 80.4372764, 16.3037409 ], [ 80.4372921, 16.303741 ], [ 80.4372921, 16.3037156 ], [ 80.4372765, 16.3037156 ], [ 80.4372764, 16.3037409 ] ] ] } },
{ "type": "Feature", "properties": { "label": "Pothole", "confidence": 0.55, "on_road": 0, "size_m": 4.8, "gt_road_overlap": 0.0, "gt_roof_overlap": 0.056 }, "geometry": { "type": "Polygon", "coordinates": [ [ [ 80.4370443, 16.3042528 ], [ 80.4370896, 16.304253 ], [ 80.4370897, 16.3042327 ], [ 80.4370444, 16.3042326 ], [ 80.4370443, 16.3042528 ] ] ] } },
{ "type": "Feature", "properties": { "label": "Pothole", "confidence": 0.45, "on_road": 1, "size_m": 0.9, "gt_road_overlap": 1.0, "gt_roof_overlap": 0.0 }, "geometry": { "type": "Polygon", "coordinates": [ [ [ 80.4370596, 16.3039427 ], [ 80.4370681, 16.3039428 ], [ 80.4370681, 16.3039377 ], [ 80.4370596, 16.3039377 ], [ 80.4370596, 16.3039427 ] ] ] } },
{ "type": "Feature", "properties": { "label": "Pothole", "confidence": 0.44, "on_road": 1, "size_m": 2.5, "gt_road_overlap": 1.0, "gt_roof_overlap": 0.0 }, "geometry": { "type": "Polygon", "coordinates": [ [ [ 80.4372222, 16.3040182 ], [ 80.4372456, 16.3040183 ], [ 80.4372457, 16.3040011 ], [ 80.4372222, 16.304001 ], [ 80.4372222, 16.3040182 ] ] ] } },
{ "type": "Feature", "properties": { "label": "Pothole", "confidence": 0.4, "on_road": 0, "size_m": 0.8, "gt_road_overlap": 0.0, "gt_roof_overlap": 0.0 }, "geometry": { "type": "Polygon", "coordinates": [ [ [ 80.4362983, 16.3036856 ], [ 80.4363062, 16.3036856 ], [ 80.4363062, 16.3036788 ], [ 80.4362984, 16.3036787 ], [ 80.4362983, 16.3036856 ] ] ] } },
{ "type": "Feature", "properties": { "label": "Pothole", "confidence": 0.39, "on_road": 0, "size_m": 0.6, "gt_road_overlap": 0.0, "gt_roof_overlap": 0.0 }, "geometry": { "type": "Polygon", "coordinates": [ [ [ 80.4373685, 16.3035044 ], [ 80.4373728, 16.3035045 ], [ 80.4373728, 16.3034989 ], [ 80.4373685, 16.3034989 ], [ 80.4373685, 16.3035044 ] ] ] } },
{ "type": "Feature", "properties": { "label": "Pothole", "confidence": 0.39, "on_road": 0, "size_m": 1.4, "gt_road_overlap": 0.0, "gt_roof_overlap": 0.0 }, "geometry": { "type": "Polygon", "coordinates": [ [ [ 80.4372004, 16.3039238 ], [ 80.4372138, 16.3039238 ], [ 80.4372139, 16.3039126 ], [ 80.4372004, 16.3039126 ], [ 80.4372004, 16.3039238 ] ] ] } },
{ "type": "Feature", "properties": { "label": "Pothole", "confidence": 0.37, "on_road": 0, "size_m": 1.3, "gt_road_overlap": 0.0, "gt_roof_overlap": 0.0 }, "geometry": { "type": "Polygon", "coordinates": [ [ [ 80.437079, 16.3040608 ], [ 80.4370914, 16.3040608 ], [ 80.4370914, 16.304051 ], [ 80.4370791, 16.304051 ], [ 80.437079, 16.3040608 ] ] ] } },
{ "type": "Feature", "properties": { "label": "Pothole", "confidence": 0.36, "on_road": 0, "size_m": 1.8, "gt_road_overlap": 0.0, "gt_roof_overlap": 0.0 }, "geometry": { "type": "Polygon", "coordinates": [ [ [ 80.4372544, 16.3037042 ], [ 80.4372712, 16.3037042 ], [ 80.4372713, 16.3036959 ], [ 80.4372544, 16.3036958 ], [ 80.4372544, 16.3037042 ] ] ] } },
{ "type": "Feature", "properties": { "label": "Pothole", "confidence": 0.36, "on_road": 0, "size_m": 2.4, "gt_road_overlap": 0.0, "gt_roof_overlap": 0.0 }, "geometry": { "type": "Polygon", "coordinates": [ [ [ 80.4372641, 16.3039092 ], [ 80.437282, 16.3039092 ], [ 80.4372821, 16.3038879 ], [ 80.4372641, 16.3038879 ], [ 80.4372641, 16.3039092 ] ] ] } },
{ "type": "Feature", "properties": { "label": "Pothole", "confidence": 0.35, "on_road": 0, "size_m": 0.7, "gt_road_overlap": 0.0, "gt_roof_overlap": 0.0 }, "geometry": { "type": "Polygon", "coordinates": [ [ [ 80.4372782, 16.3043009 ], [ 80.437284, 16.3043009 ], [ 80.437284, 16.304295 ], [ 80.4372782, 16.304295 ], [ 80.4372782, 16.3043009 ] ] ] } },
{ "type": "Feature", "properties": { "label": "Pothole", "confidence": 0.33, "on_road": 1, "size_m": 0.7, "gt_road_overlap": 0.97, "gt_roof_overlap": 0.0 }, "geometry": { "type": "Polygon", "coordinates": [ [ [ 80.4373438, 16.3040964 ], [ 80.43735, 16.3040964 ], [ 80.43735, 16.3040899 ], [ 80.4373439, 16.3040898 ], [ 80.4373438, 16.3040964 ] ] ] } },
{ "type": "Feature", "properties": { "label": "Pothole", "confidence": 0.31, "on_road": 1, "size_m": 0.5, "gt_road_overlap": 1.0, "gt_roof_overlap": 0.0 }, "geometry": { "type": "Polygon", "coordinates": [ [ [ 80.43703, 16.3038829 ], [ 80.437034, 16.3038829 ], [ 80.437034, 16.303878 ], [ 80.43703, 16.303878 ], [ 80.43703, 16.3038829 ] ] ] } },
{ "type": "Feature", "properties": { "label": "Pothole", "confidence": 0.29, "on_road": 1, "size_m": 0.9, "gt_road_overlap": 1.0, "gt_roof_overlap": 0.0 }, "geometry": { "type": "Polygon", "coordinates": [ [ [ 80.4366073, 16.3035399 ], [ 80.4366155, 16.3035399 ], [ 80.4366155, 16.303532 ], [ 80.4366073, 16.3035319 ], [ 80.4366073, 16.3035399 ] ] ] } },
{ "type": "Feature", "properties": { "label": "Pothole", "confidence": 0.28, "on_road": 1, "size_m": 0.6, "gt_road_overlap": 1.0, "gt_roof_overlap": 0.0 }, "geometry": { "type": "Polygon", "coordinates": [ [ [ 80.43715, 16.3040025 ], [ 80.4371554, 16.3040026 ], [ 80.4371554, 16.3039979 ], [ 80.43715, 16.3039978 ], [ 80.43715, 16.3040025 ] ] ] } },
{ "type": "Feature", "properties": { "label": "Pothole", "confidence": 0.27, "on_road": 1, "size_m": 0.6, "gt_road_overlap": 1.0, "gt_roof_overlap": 0.0 }, "geometry": { "type": "Polygon", "coordinates": [ [ [ 80.4372631, 16.3040441 ], [ 80.4372666, 16.3040441 ], [ 80.4372667, 16.3040383 ], [ 80.4372632, 16.3040383 ], [ 80.4372631, 16.3040441 ] ] ] } },
{ "type": "Feature", "properties": { "label": "Pothole", "confidence": 0.27, "on_road": 0, "size_m": 1.5, "gt_road_overlap": 0.046, "gt_roof_overlap": 0.0 }, "geometry": { "type": "Polygon", "coordinates": [ [ [ 80.437137, 16.3040157 ], [ 80.4371501, 16.3040157 ], [ 80.4371502, 16.304002 ], [ 80.4371371, 16.304002 ], [ 80.437137, 16.3040157 ] ] ] } },
{ "type": "Feature", "properties": { "label": "Pothole", "confidence": 0.26, "on_road": 0, "size_m": 1.8, "gt_road_overlap": 0.0, "gt_roof_overlap": 0.0 }, "geometry": { "type": "Polygon", "coordinates": [ [ [ 80.4372486, 16.3037325 ], [ 80.4372586, 16.3037325 ], [ 80.4372586, 16.3037167 ], [ 80.4372487, 16.3037167 ], [ 80.4372486, 16.3037325 ] ] ] } },
{ "type": "Feature", "properties": { "label": "Pothole", "confidence": 0.25, "on_road": 1, "size_m": 2.2, "gt_road_overlap": 0.676, "gt_roof_overlap": 0.0 }, "geometry": { "type": "Polygon", "coordinates": [ [ [ 80.4365456, 16.3037599 ], [ 80.4365662, 16.30376 ], [ 80.4365662, 16.3037441 ], [ 80.4365457, 16.303744 ], [ 80.4365456, 16.3037599 ] ] ] } },
{ "type": "Feature", "properties": { "label": "Pothole", "confidence": 0.9, "on_road": 0, "size_m": 1.8, "gt_road_overlap": 0.0, "gt_roof_overlap": 1.0 }, "geometry": { "type": "Polygon", "coordinates": [ [ [ 80.4381111, 16.3043189 ], [ 80.4381265, 16.304319 ], [ 80.4381265, 16.3043026 ], [ 80.4381112, 16.3043025 ], [ 80.4381111, 16.3043189 ] ] ] } },
{ "type": "Feature", "properties": { "label": "Pothole", "confidence": 0.79, "on_road": 1, "size_m": 2.9, "gt_road_overlap": 1.0, "gt_roof_overlap": 0.0 }, "geometry": { "type": "Polygon", "coordinates": [ [ [ 80.4383281, 16.3034083 ], [ 80.4383468, 16.3034084 ], [ 80.4383469, 16.303382 ], [ 80.4383282, 16.3033819 ], [ 80.4383281, 16.3034083 ] ] ] } },
{ "type": "Feature", "properties": { "label": "Pothole", "confidence": 0.77, "on_road": 1, "size_m": 1.8, "gt_road_overlap": 1.0, "gt_roof_overlap": 0.0 }, "geometry": { "type": "Polygon", "coordinates": [ [ [ 80.4386072, 16.3042187 ], [ 80.4386243, 16.3042187 ], [ 80.4386243, 16.3042082 ], [ 80.4386072, 16.3042082 ], [ 80.4386072, 16.3042187 ] ] ] } },
{ "type": "Feature", "properties": { "label": "Pothole", "confidence": 0.77, "on_road": 1, "size_m": 1.9, "gt_road_overlap": 1.0, "gt_roof_overlap": 0.0 }, "geometry": { "type": "Polygon", "coordinates": [ [ [ 80.4378336, 16.3039808 ], [ 80.4378514, 16.3039809 ], [ 80.4378515, 16.3039661 ], [ 80.4378337, 16.303966 ], [ 80.4378336, 16.3039808 ] ] ] } },
{ "type": "Feature", "properties": { "label": "Pothole", "confidence": 0.75, "on_road": 1, "size_m": 2.7, "gt_road_overlap": 1.0, "gt_roof_overlap": 0.0 }, "geometry": { "type": "Polygon", "coordinates": [ [ [ 80.4382484, 16.3035339 ], [ 80.4382659, 16.3035339 ], [ 80.438266, 16.3035095 ], [ 80.4382484, 16.3035094 ], [ 80.4382484, 16.3035339 ] ] ] } },
{ "type": "Feature", "properties": { "label": "Pothole", "confidence": 0.72, "on_road": 1, "size_m": 1.5, "gt_road_overlap": 1.0, "gt_roof_overlap": 0.0 }, "geometry": { "type": "Polygon", "coordinates": [ [ [ 80.4383253, 16.3040684 ], [ 80.4383354, 16.3040684 ], [ 80.4383354, 16.3040546 ], [ 80.4383253, 16.3040546 ], [ 80.4383253, 16.3040684 ] ] ] } },
{ "type": "Feature", "properties": { "label": "Pothole", "confidence": 0.67, "on_road": 0, "size_m": 1.1, "gt_road_overlap": 0.0, "gt_roof_overlap": 1.0 }, "geometry": { "type": "Polygon", "coordinates": [ [ [ 80.4382723, 16.303928 ], [ 80.4382798, 16.303928 ], [ 80.4382798, 16.3039182 ], [ 80.4382723, 16.3039182 ], [ 80.4382723, 16.303928 ] ] ] } },
{ "type": "Feature", "properties": { "label": "Pothole", "confidence": 0.66, "on_road": 1, "size_m": 2.8, "gt_road_overlap": 1.0, "gt_roof_overlap": 0.0 }, "geometry": { "type": "Polygon", "coordinates": [ [ [ 80.4382973, 16.3034495 ], [ 80.438319, 16.3034495 ], [ 80.4383191, 16.3034246 ], [ 80.4382973, 16.3034245 ], [ 80.4382973, 16.3034495 ] ] ] } },
{ "type": "Feature", "properties": { "label": "Pothole", "confidence": 0.65, "on_road": 1, "size_m": 0.9, "gt_road_overlap": 1.0, "gt_roof_overlap": 0.0 }, "geometry": { "type": "Polygon", "coordinates": [ [ [ 80.4378788, 16.3043228 ], [ 80.4378863, 16.3043228 ], [ 80.4378863, 16.3043145 ], [ 80.4378788, 16.3043145 ], [ 80.4378788, 16.3043228 ] ] ] } },
{ "type": "Feature", "properties": { "label": "Pothole", "confidence": 0.64, "on_road": 0, "size_m": 1.5, "gt_road_overlap": 0.012, "gt_roof_overlap": 0.0 }, "geometry": { "type": "Polygon", "coordinates": [ [ [ 80.4378094, 16.3034226 ], [ 80.4378233, 16.3034226 ], [ 80.4378234, 16.3034112 ], [ 80.4378094, 16.3034112 ], [ 80.4378094, 16.3034226 ] ] ] } },
{ "type": "Feature", "properties": { "label": "Pothole", "confidence": 0.6, "on_road": 0, "size_m": 4.2, "gt_road_overlap": 1.0, "gt_roof_overlap": 0.0 }, "geometry": { "type": "Polygon", "coordinates": [ [ [ 80.4386586, 16.3042206 ], [ 80.4386976, 16.3042207 ], [ 80.4386976, 16.3041979 ], [ 80.4386587, 16.3041978 ], [ 80.4386586, 16.3042206 ] ] ] } },
{ "type": "Feature", "properties": { "label": "Pothole", "confidence": 0.6, "on_road": 1, "size_m": 2.0, "gt_road_overlap": 1.0, "gt_roof_overlap": 0.0 }, "geometry": { "type": "Polygon", "coordinates": [ [ [ 80.4383736, 16.3033351 ], [ 80.4383871, 16.3033351 ], [ 80.4383871, 16.303317 ], [ 80.4383737, 16.303317 ], [ 80.4383736, 16.3033351 ] ] ] } },
{ "type": "Feature", "properties": { "label": "Pothole", "confidence": 0.58, "on_road": 1, "size_m": 2.0, "gt_road_overlap": 1.0, "gt_roof_overlap": 0.0 }, "geometry": { "type": "Polygon", "coordinates": [ [ [ 80.4379799, 16.3037818 ], [ 80.4379942, 16.3037819 ], [ 80.4379942, 16.3037634 ], [ 80.43798, 16.3037634 ], [ 80.4379799, 16.3037818 ] ] ] } },
{ "type": "Feature", "properties": { "label": "Pothole", "confidence": 0.57, "on_road": 1, "size_m": 3.1, "gt_road_overlap": 1.0, "gt_roof_overlap": 0.057 }, "geometry": { "type": "Polygon", "coordinates": [ [ [ 80.438564, 16.3041591 ], [ 80.4385928, 16.3041592 ], [ 80.4385929, 16.3041346 ], [ 80.438564, 16.3041345 ], [ 80.438564, 16.3041591 ] ] ] } },
{ "type": "Feature", "properties": { "label": "Pothole", "confidence": 0.57, "on_road": 1, "size_m": 2.8, "gt_road_overlap": 1.0, "gt_roof_overlap": 0.0 }, "geometry": { "type": "Polygon", "coordinates": [ [ [ 80.4383847, 16.3033179 ], [ 80.4384023, 16.303318 ], [ 80.4384024, 16.3032926 ], [ 80.4383848, 16.3032926 ], [ 80.4383847, 16.3033179 ] ] ] } },
{ "type": "Feature", "properties": { "label": "Pothole", "confidence": 0.56, "on_road": 0, "size_m": 6.4, "gt_road_overlap": 0.0, "gt_roof_overlap": 0.693 }, "geometry": { "type": "Polygon", "coordinates": [ [ [ 80.4381943, 16.3043646 ], [ 80.4382538, 16.3043647 ], [ 80.4382539, 16.3043442 ], [ 80.4381944, 16.3043441 ], [ 80.4381943, 16.3043646 ] ] ] } },
{ "type": "Feature", "properties": { "label": "Pothole", "confidence": 0.55, "on_road": 0, "size_m": 1.1, "gt_road_overlap": 0.0, "gt_roof_overlap": 1.0 }, "geometry": { "type": "Polygon", "coordinates": [ [ [ 80.4385717, 16.3033712 ], [ 80.4385815, 16.3033712 ], [ 80.4385815, 16.3033611 ], [ 80.4385717, 16.3033611 ], [ 80.4385717, 16.3033712 ] ] ] } },
{ "type": "Feature", "properties": { "label": "Pothole", "confidence": 0.48, "on_road": 1, "size_m": 1.2, "gt_road_overlap": 1.0, "gt_roof_overlap": 0.0 }, "geometry": { "type": "Polygon", "coordinates": [ [ [ 80.4380454, 16.3036564 ], [ 80.4380571, 16.3036564 ], [ 80.4380571, 16.3036464 ], [ 80.4380455, 16.3036464 ], [ 80.4380454, 16.3036564 ] ] ] } },
{ "type": "Feature", "properties": { "label": "Pothole", "confidence": 0.47, "on_road": 1, "size_m": 3.3, "gt_road_overlap": 0.954, "gt_roof_overlap": 0.0 }, "geometry": { "type": "Polygon", "coordinates": [ [ [ 80.4386208, 16.3037456 ], [ 80.4386513, 16.3037457 ], [ 80.4386513, 16.303729 ], [ 80.4386208, 16.3037289 ], [ 80.4386208, 16.3037456 ] ] ] } },
{ "type": "Feature", "properties": { "label": "Pothole", "confidence": 0.46, "on_road": 1, "size_m": 3.4, "gt_road_overlap": 1.0, "gt_roof_overlap": 0.0 }, "geometry": { "type": "Polygon", "coordinates": [ [ [ 80.4380018, 16.3039197 ], [ 80.4380336, 16.3039197 ], [ 80.4380337, 16.303889 ], [ 80.4380019, 16.3038889 ], [ 80.4380018, 16.3039197 ] ] ] } },
{ "type": "Feature", "properties": { "label": "Pothole", "confidence": 0.43, "on_road": 1, "size_m": 0.8, "gt_road_overlap": 1.0, "gt_roof_overlap": 0.0 }, "geometry": { "type": "Polygon", "coordinates": [ [ [ 80.4386425, 16.3042258 ], [ 80.4386498, 16.3042258 ], [ 80.4386498, 16.3042186 ], [ 80.4386425, 16.3042186 ], [ 80.4386425, 16.3042258 ] ] ] } },
{ "type": "Feature", "properties": { "label": "Pothole", "confidence": 0.41, "on_road": 0, "size_m": 1.0, "gt_road_overlap": 0.0, "gt_roof_overlap": 0.0 }, "geometry": { "type": "Polygon", "coordinates": [ [ [ 80.4376093, 16.3033271 ], [ 80.4376126, 16.3033271 ], [ 80.4376126, 16.3033177 ], [ 80.4376093, 16.3033177 ], [ 80.4376093, 16.3033271 ] ] ] } },
{ "type": "Feature", "properties": { "label": "Pothole", "confidence": 0.4, "on_road": 1, "size_m": 2.2, "gt_road_overlap": 1.0, "gt_roof_overlap": 0.0 }, "geometry": { "type": "Polygon", "coordinates": [ [ [ 80.4377704, 16.3042865 ], [ 80.4377798, 16.3042865 ], [ 80.4377799, 16.3042668 ], [ 80.4377704, 16.3042668 ], [ 80.4377704, 16.3042865 ] ] ] } },
{ "type": "Feature", "properties": { "label": "Pothole", "confidence": 0.37, "on_road": 0, "size_m": 0.6, "gt_road_overlap": 0.0, "gt_roof_overlap": 1.0 }, "geometry": { "type": "Polygon", "coordinates": [ [ [ 80.4382786, 16.3039495 ], [ 80.4382839, 16.3039495 ], [ 80.4382839, 16.3039445 ], [ 80.4382786, 16.3039444 ], [ 80.4382786, 16.3039495 ] ] ] } },
{ "type": "Feature", "properties": { "label": "Pothole", "confidence": 0.36, "on_road": 1, "size_m": 2.5, "gt_road_overlap": 1.0, "gt_roof_overlap": 0.0 }, "geometry": { "type": "Polygon", "coordinates": [ [ [ 80.4384002, 16.3032912 ], [ 80.4384174, 16.3032912 ], [ 80.4384175, 16.3032688 ], [ 80.4384003, 16.3032688 ], [ 80.4384002, 16.3032912 ] ] ] } },
{ "type": "Feature", "properties": { "label": "Pothole", "confidence": 0.34, "on_road": 1, "size_m": 3.3, "gt_road_overlap": 1.0, "gt_roof_overlap": 0.0 }, "geometry": { "type": "Polygon", "coordinates": [ [ [ 80.4381102, 16.3037623 ], [ 80.4381334, 16.3037624 ], [ 80.4381335, 16.3037327 ], [ 80.4381103, 16.3037326 ], [ 80.4381102, 16.3037623 ] ] ] } },
{ "type": "Feature", "properties": { "label": "Pothole", "confidence": 0.33, "on_road": 0, "size_m": 1.4, "gt_road_overlap": 0.0, "gt_roof_overlap": 1.0 }, "geometry": { "type": "Polygon", "coordinates": [ [ [ 80.4386647, 16.3036701 ], [ 80.4386748, 16.3036701 ], [ 80.4386748, 16.3036578 ], [ 80.4386647, 16.3036578 ], [ 80.4386647, 16.3036701 ] ] ] } },
{ "type": "Feature", "properties": { "label": "Pothole", "confidence": 0.32, "on_road": 0, "size_m": 0.9, "gt_road_overlap": 0.0, "gt_roof_overlap": 1.0 }, "geometry": { "type": "Polygon", "coordinates": [ [ [ 80.4386116, 16.3034037 ], [ 80.4386201, 16.3034037 ], [ 80.4386201, 16.3033965 ], [ 80.4386117, 16.3033964 ], [ 80.4386116, 16.3034037 ] ] ] } },
{ "type": "Feature", "properties": { "label": "Pothole", "confidence": 0.31, "on_road": 1, "size_m": 1.1, "gt_road_overlap": 1.0, "gt_roof_overlap": 0.0 }, "geometry": { "type": "Polygon", "coordinates": [ [ [ 80.4383339, 16.3040608 ], [ 80.4383421, 16.3040609 ], [ 80.4383422, 16.3040507 ], [ 80.4383339, 16.3040507 ], [ 80.4383339, 16.3040608 ] ] ] } },
{ "type": "Feature", "properties": { "label": "Pothole", "confidence": 0.29, "on_road": 1, "size_m": 0.8, "gt_road_overlap": 1.0, "gt_roof_overlap": 0.0 }, "geometry": { "type": "Polygon", "coordinates": [ [ [ 80.438131, 16.303462 ], [ 80.438137, 16.3034621 ], [ 80.438137, 16.303455 ], [ 80.438131, 16.303455 ], [ 80.438131, 16.303462 ] ] ] } },
{ "type": "Feature", "properties": { "label": "Pothole", "confidence": 0.27, "on_road": 1, "size_m": 3.2, "gt_road_overlap": 1.0, "gt_roof_overlap": 0.0 }, "geometry": { "type": "Polygon", "coordinates": [ [ [ 80.4379208, 16.3040504 ], [ 80.4379507, 16.3040505 ], [ 80.4379508, 16.3040312 ], [ 80.4379208, 16.3040311 ], [ 80.4379208, 16.3040504 ] ] ] } },
{ "type": "Feature", "properties": { "label": "Pothole", "confidence": 0.27, "on_road": 1, "size_m": 0.6, "gt_road_overlap": 1.0, "gt_roof_overlap": 0.0 }, "geometry": { "type": "Polygon", "coordinates": [ [ [ 80.4375784, 16.3041597 ], [ 80.4375844, 16.3041597 ], [ 80.4375844, 16.3041558 ], [ 80.4375784, 16.3041557 ], [ 80.4375784, 16.3041597 ] ] ] } },
{ "type": "Feature", "properties": { "label": "Pothole", "confidence": 0.26, "on_road": 1, "size_m": 1.1, "gt_road_overlap": 1.0, "gt_roof_overlap": 0.0 }, "geometry": { "type": "Polygon", "coordinates": [ [ [ 80.4383341, 16.3040688 ], [ 80.4383444, 16.3040688 ], [ 80.4383444, 16.3040618 ], [ 80.4383342, 16.3040617 ], [ 80.4383341, 16.3040688 ] ] ] } },
{ "type": "Feature", "properties": { "label": "Pothole", "confidence": 0.25, "on_road": 1, "size_m": 0.6, "gt_road_overlap": 1.0, "gt_roof_overlap": 0.0 }, "geometry": { "type": "Polygon", "coordinates": [ [ [ 80.4382082, 16.3038257 ], [ 80.4382138, 16.3038257 ], [ 80.4382138, 16.3038206 ], [ 80.4382082, 16.3038206 ], [ 80.4382082, 16.3038257 ] ] ] } },
{ "type": "Feature", "properties": { "label": "Pothole", "confidence": 0.25, "on_road": 1, "size_m": 1.1, "gt_road_overlap": 0.669, "gt_roof_overlap": 0.0 }, "geometry": { "type": "Polygon", "coordinates": [ [ [ 80.4385846, 16.3037272 ], [ 80.4385899, 16.3037272 ], [ 80.43859, 16.3037176 ], [ 80.4385847, 16.3037175 ], [ 80.4385846, 16.3037272 ] ] ] } },
{ "type": "Feature", "properties": { "label": "Pothole", "confidence": 0.92, "on_road": 1, "size_m": 1.4, "gt_road_overlap": 1.0, "gt_roof_overlap": 0.0 }, "geometry": { "type": "Polygon", "coordinates": [ [ [ 80.4390978, 16.3034789 ], [ 80.4391078, 16.3034789 ], [ 80.4391078, 16.3034666 ], [ 80.4390979, 16.3034666 ], [ 80.4390978, 16.3034789 ] ] ] } },
{ "type": "Feature", "properties": { "label": "Pothole", "confidence": 0.61, "on_road": 1, "size_m": 1.4, "gt_road_overlap": 1.0, "gt_roof_overlap": 0.0 }, "geometry": { "type": "Polygon", "coordinates": [ [ [ 80.4400103, 16.3034381 ], [ 80.4400237, 16.3034381 ], [ 80.4400238, 16.3034284 ], [ 80.4400103, 16.3034283 ], [ 80.4400103, 16.3034381 ] ] ] } },
{ "type": "Feature", "properties": { "label": "Pothole", "confidence": 0.5, "on_road": 0, "size_m": 1.0, "gt_road_overlap": 0.0, "gt_roof_overlap": 1.0 }, "geometry": { "type": "Polygon", "coordinates": [ [ [ 80.4401394, 16.3043679 ], [ 80.4401446, 16.3043679 ], [ 80.4401447, 16.3043593 ], [ 80.4401394, 16.3043592 ], [ 80.4401394, 16.3043679 ] ] ] } },
{ "type": "Feature", "properties": { "label": "Pothole", "confidence": 0.45, "on_road": 0, "size_m": 0.9, "gt_road_overlap": 0.0, "gt_roof_overlap": 0.0 }, "geometry": { "type": "Polygon", "coordinates": [ [ [ 80.4401481, 16.3036229 ], [ 80.4401559, 16.3036229 ], [ 80.440156, 16.303615 ], [ 80.4401481, 16.3036149 ], [ 80.4401481, 16.3036229 ] ] ] } },
{ "type": "Feature", "properties": { "label": "Pothole", "confidence": 0.44, "on_road": 1, "size_m": 0.9, "gt_road_overlap": 1.0, "gt_roof_overlap": 0.0 }, "geometry": { "type": "Polygon", "coordinates": [ [ [ 80.4400208, 16.3039261 ], [ 80.4400291, 16.3039261 ], [ 80.4400291, 16.3039182 ], [ 80.4400209, 16.3039181 ], [ 80.4400208, 16.3039261 ] ] ] } },
{ "type": "Feature", "properties": { "label": "Pothole", "confidence": 0.44, "on_road": 1, "size_m": 1.2, "gt_road_overlap": 1.0, "gt_roof_overlap": 0.0 }, "geometry": { "type": "Polygon", "coordinates": [ [ [ 80.4395459, 16.3041962 ], [ 80.4395567, 16.3041962 ], [ 80.4395568, 16.3041872 ], [ 80.4395459, 16.3041872 ], [ 80.4395459, 16.3041962 ] ] ] } },
{ "type": "Feature", "properties": { "label": "Pothole", "confidence": 0.43, "on_road": 1, "size_m": 2.0, "gt_road_overlap": 1.0, "gt_roof_overlap": 0.0 }, "geometry": { "type": "Polygon", "coordinates": [ [ [ 80.4401065, 16.3034957 ], [ 80.4401256, 16.3034957 ], [ 80.4401256, 16.3034863 ], [ 80.4401065, 16.3034863 ], [ 80.4401065, 16.3034957 ] ] ] } },
{ "type": "Feature", "properties": { "label": "Pothole", "confidence": 0.42, "on_road": 0, "size_m": 1.1, "gt_road_overlap": 0.0, "gt_roof_overlap": 0.0 }, "geometry": { "type": "Polygon", "coordinates": [ [ [ 80.4397406, 16.303537 ], [ 80.4397511, 16.303537 ], [ 80.4397511, 16.3035281 ], [ 80.4397406, 16.3035281 ], [ 80.4397406, 16.303537 ] ] ] } },
{ "type": "Feature", "properties": { "label": "Pothole", "confidence": 0.4, "on_road": 1, "size_m": 0.6, "gt_road_overlap": 1.0, "gt_roof_overlap": 0.0 }, "geometry": { "type": "Polygon", "coordinates": [ [ [ 80.4394546, 16.30365 ], [ 80.4394589, 16.30365 ], [ 80.4394589, 16.3036446 ], [ 80.4394546, 16.3036446 ], [ 80.4394546, 16.30365 ] ] ] } },
{ "type": "Feature", "properties": { "label": "Pothole", "confidence": 0.32, "on_road": 1, "size_m": 1.1, "gt_road_overlap": 1.0, "gt_roof_overlap": 0.0 }, "geometry": { "type": "Polygon", "coordinates": [ [ [ 80.4399883, 16.3039022 ], [ 80.4399986, 16.3039023 ], [ 80.4399987, 16.3038947 ], [ 80.4399884, 16.3038947 ], [ 80.4399883, 16.3039022 ] ] ] } },
{ "type": "Feature", "properties": { "label": "Pothole", "confidence": 0.29, "on_road": 0, "size_m": 3.5, "gt_road_overlap": 0.788, "gt_roof_overlap": 0.561 }, "geometry": { "type": "Polygon", "coordinates": [ [ [ 80.439729, 16.3037492 ], [ 80.4397449, 16.3037492 ], [ 80.439745, 16.3037175 ], [ 80.4397291, 16.3037174 ], [ 80.439729, 16.3037492 ] ] ] } },
{ "type": "Feature", "properties": { "label": "Pothole", "confidence": 0.28, "on_road": 1, "size_m": 1.6, "gt_road_overlap": 1.0, "gt_roof_overlap": 0.0 }, "geometry": { "type": "Polygon", "coordinates": [ [ [ 80.4390507, 16.3034184 ], [ 80.4390597, 16.3034184 ], [ 80.4390597, 16.3034043 ], [ 80.4390507, 16.3034043 ], [ 80.4390507, 16.3034184 ] ] ] } },
{ "type": "Feature", "properties": { "label": "Pothole", "confidence": 0.27, "on_road": 1, "size_m": 3.1, "gt_road_overlap": 1.0, "gt_roof_overlap": 0.0 }, "geometry": { "type": "Polygon", "coordinates": [ [ [ 80.4390554, 16.3044001 ], [ 80.4390846, 16.3044002 ], [ 80.4390846, 16.3043799 ], [ 80.4390554, 16.3043799 ], [ 80.4390554, 16.3044001 ] ] ] } },
{ "type": "Feature", "properties": { "label": "Pothole", "confidence": 0.27, "on_road": 0, "size_m": 3.1, "gt_road_overlap": 0.0, "gt_roof_overlap": 0.392 }, "geometry": { "type": "Polygon", "coordinates": [ [ [ 80.4393692, 16.3043999 ], [ 80.4393971, 16.3043999 ], [ 80.4393972, 16.3043721 ], [ 80.4393693, 16.304372 ], [ 80.4393692, 16.3043999 ] ] ] } },
{ "type": "Feature", "properties": { "label": "Pothole", "confidence": 0.27, "on_road": 1, "size_m": 0.9, "gt_road_overlap": 1.0, "gt_roof_overlap": 0.0 }, "geometry": { "type": "Polygon", "coordinates": [ [ [ 80.4388822, 16.3043339 ], [ 80.4388867, 16.3043339 ], [ 80.4388867, 16.3043259 ], [ 80.4388822, 16.3043259 ], [ 80.4388822, 16.3043339 ] ] ] } },
{ "type": "Feature", "properties": { "label": "Pothole", "confidence": 0.27, "on_road": 0, "size_m": 1.3, "gt_road_overlap": 0.0, "gt_roof_overlap": 0.0 }, "geometry": { "type": "Polygon", "coordinates": [ [ [ 80.4390588, 16.3033296 ], [ 80.4390689, 16.3033297 ], [ 80.4390689, 16.3033181 ], [ 80.4390588, 16.3033181 ], [ 80.4390588, 16.3033296 ] ] ] } },
{ "type": "Feature", "properties": { "label": "Pothole", "confidence": 0.27, "on_road": 1, "size_m": 1.0, "gt_road_overlap": 0.43, "gt_roof_overlap": 0.0 }, "geometry": { "type": "Polygon", "coordinates": [ [ [ 80.4394361, 16.3041534 ], [ 80.4394451, 16.3041535 ], [ 80.4394451, 16.3041459 ], [ 80.4394361, 16.3041458 ], [ 80.4394361, 16.3041534 ] ] ] } },
{ "type": "Feature", "properties": { "label": "Pothole", "confidence": 0.26, "on_road": 0, "size_m": 0.6, "gt_road_overlap": 0.0, "gt_roof_overlap": 1.0 }, "geometry": { "type": "Polygon", "coordinates": [ [ [ 80.4400318, 16.3045367 ], [ 80.4400378, 16.3045367 ], [ 80.4400378, 16.304532 ], [ 80.4400319, 16.304532 ], [ 80.4400318, 16.3045367 ] ] ] } },
{ "type": "Feature", "properties": { "label": "Pothole", "confidence": 0.26, "on_road": 1, "size_m": 0.7, "gt_road_overlap": 1.0, "gt_roof_overlap": 0.0 }, "geometry": { "type": "Polygon", "coordinates": [ [ [ 80.4390292, 16.3043803 ], [ 80.4390352, 16.3043804 ], [ 80.4390352, 16.3043739 ], [ 80.4390292, 16.3043738 ], [ 80.4390292, 16.3043803 ] ] ] } },
{ "type": "Feature", "properties": { "label": "Pothole", "confidence": 0.26, "on_road": 1, "size_m": 0.6, "gt_road_overlap": 1.0, "gt_roof_overlap": 0.0 }, "geometry": { "type": "Polygon", "coordinates": [ [ [ 80.4393726, 16.3040394 ], [ 80.4393767, 16.3040394 ], [ 80.4393767, 16.3040336 ], [ 80.4393726, 16.3040336 ], [ 80.4393726, 16.3040394 ] ] ] } },
{ "type": "Feature", "properties": { "label": "Pothole", "confidence": 0.68, "on_road": 0, "size_m": 1.4, "gt_road_overlap": 0.0, "gt_roof_overlap": 1.0 }, "geometry": { "type": "Polygon", "coordinates": [ [ [ 80.4407123, 16.3043557 ], [ 80.4407205, 16.3043557 ], [ 80.4407206, 16.3043433 ], [ 80.4407123, 16.3043433 ], [ 80.4407123, 16.3043557 ] ] ] } },
{ "type": "Feature", "properties": { "label": "Pothole", "confidence": 0.5, "on_road": 1, "size_m": 0.6, "gt_road_overlap": 1.0, "gt_roof_overlap": 0.0 }, "geometry": { "type": "Polygon", "coordinates": [ [ [ 80.4403585, 16.3040861 ], [ 80.4403626, 16.3040861 ], [ 80.4403626, 16.304081 ], [ 80.4403585, 16.304081 ], [ 80.4403585, 16.3040861 ] ] ] } },
{ "type": "Feature", "properties": { "label": "Pothole", "confidence": 0.48, "on_road": 0, "size_m": 1.1, "gt_road_overlap": 0.0, "gt_roof_overlap": 1.0 }, "geometry": { "type": "Polygon", "coordinates": [ [ [ 80.4413083, 16.3033246 ], [ 80.4413158, 16.3033246 ], [ 80.4413158, 16.3033145 ], [ 80.4413083, 16.3033144 ], [ 80.4413083, 16.3033246 ] ] ] } },
{ "type": "Feature", "properties": { "label": "Pothole", "confidence": 0.48, "on_road": 0, "size_m": 0.5, "gt_road_overlap": 0.0, "gt_roof_overlap": 1.0 }, "geometry": { "type": "Polygon", "coordinates": [ [ [ 80.4412983, 16.3033198 ], [ 80.4413027, 16.3033199 ], [ 80.4413028, 16.3033155 ], [ 80.4412983, 16.3033155 ], [ 80.4412983, 16.3033198 ] ] ] } },
{ "type": "Feature", "properties": { "label": "Pothole", "confidence": 0.41, "on_road": 1, "size_m": 1.8, "gt_road_overlap": 1.0, "gt_roof_overlap": 0.0 }, "geometry": { "type": "Polygon", "coordinates": [ [ [ 80.4412978, 16.3040691 ], [ 80.4413142, 16.3040692 ], [ 80.4413143, 16.3040592 ], [ 80.4412978, 16.3040591 ], [ 80.4412978, 16.3040691 ] ] ] } },
{ "type": "Feature", "properties": { "label": "Pothole", "confidence": 0.36, "on_road": 0, "size_m": 2.5, "gt_road_overlap": 0.0, "gt_roof_overlap": 0.0 }, "geometry": { "type": "Polygon", "coordinates": [ [ [ 80.4411454, 16.3037086 ], [ 80.4411684, 16.3037087 ], [ 80.4411684, 16.3036951 ], [ 80.4411454, 16.303695 ], [ 80.4411454, 16.3037086 ] ] ] } },
{ "type": "Feature", "properties": { "label": "Pothole", "confidence": 0.33, "on_road": 1, "size_m": 1.9, "gt_road_overlap": 1.0, "gt_roof_overlap": 0.0 }, "geometry": { "type": "Polygon", "coordinates": [ [ [ 80.4405969, 16.3037255 ], [ 80.4406145, 16.3037255 ], [ 80.4406145, 16.3037114 ], [ 80.4405969, 16.3037114 ], [ 80.4405969, 16.3037255 ] ] ] } },
{ "type": "Feature", "properties": { "label": "Pothole", "confidence": 0.32, "on_road": 0, "size_m": 3.3, "gt_road_overlap": 0.0, "gt_roof_overlap": 0.725 }, "geometry": { "type": "Polygon", "coordinates": [ [ [ 80.4404211, 16.3042045 ], [ 80.4404518, 16.3042046 ], [ 80.4404518, 16.3041858 ], [ 80.4404211, 16.3041857 ], [ 80.4404211, 16.3042045 ] ] ] } },
{ "type": "Feature", "properties": { "label": "Pothole", "confidence": 0.32, "on_road": 1, "size_m": 2.0, "gt_road_overlap": 1.0, "gt_roof_overlap": 0.0 }, "geometry": { "type": "Polygon", "coordinates": [ [ [ 80.4403483, 16.3042426 ], [ 80.4403595, 16.3042426 ], [ 80.4403596, 16.3042247 ], [ 80.4403484, 16.3042247 ], [ 80.4403483, 16.3042426 ] ] ] } },
{ "type": "Feature", "properties": { "label": "Pothole", "confidence": 0.29, "on_road": 1, "size_m": 0.8, "gt_road_overlap": 1.0, "gt_roof_overlap": 0.0 }, "geometry": { "type": "Polygon", "coordinates": [ [ [ 80.4410767, 16.3039593 ], [ 80.4410834, 16.3039593 ], [ 80.4410834, 16.3039517 ], [ 80.4410767, 16.3039517 ], [ 80.4410767, 16.3039593 ] ] ] } },
{ "type": "Feature", "properties": { "label": "Pothole", "confidence": 0.28, "on_road": 1, "size_m": 1.0, "gt_road_overlap": 1.0, "gt_roof_overlap": 0.0 }, "geometry": { "type": "Polygon", "coordinates": [ [ [ 80.4412983, 16.3040647 ], [ 80.4413073, 16.3040647 ], [ 80.4413073, 16.304059 ], [ 80.4412984, 16.3040589 ], [ 80.4412983, 16.3040647 ] ] ] } },
{ "type": "Feature", "properties": { "label": "Pothole", "confidence": 0.27, "on_road": 1, "size_m": 1.2, "gt_road_overlap": 1.0, "gt_roof_overlap": 0.0 }, "geometry": { "type": "Polygon", "coordinates": [ [ [ 80.441471, 16.3036493 ], [ 80.4414804, 16.3036494 ], [ 80.4414804, 16.3036389 ], [ 80.441471, 16.3036389 ], [ 80.441471, 16.3036493 ] ] ] } },
{ "type": "Feature", "properties": { "label": "Pothole", "confidence": 0.27, "on_road": 1, "size_m": 1.7, "gt_road_overlap": 1.0, "gt_roof_overlap": 0.089 }, "geometry": { "type": "Polygon", "coordinates": [ [ [ 80.4407071, 16.3042123 ], [ 80.4407176, 16.3042123 ], [ 80.4407176, 16.3041968 ], [ 80.4407071, 16.3041968 ], [ 80.4407071, 16.3042123 ] ] ] } },
{ "type": "Feature", "properties": { "label": "Pothole", "confidence": 0.27, "on_road": 1, "size_m": 2.4, "gt_road_overlap": 1.0, "gt_roof_overlap": 0.0 }, "geometry": { "type": "Polygon", "coordinates": [ [ [ 80.441215, 16.3034993 ], [ 80.441237, 16.3034993 ], [ 80.4412371, 16.3034903 ], [ 80.441215, 16.3034902 ], [ 80.441215, 16.3034993 ] ] ] } },
{ "type": "Feature", "properties": { "label": "Pothole", "confidence": 0.26, "on_road": 1, "size_m": 0.6, "gt_road_overlap": 1.0, "gt_roof_overlap": 0.0 }, "geometry": { "type": "Polygon", "coordinates": [ [ [ 80.4412817, 16.3040557 ], [ 80.4412861, 16.3040557 ], [ 80.4412861, 16.3040507 ], [ 80.4412817, 16.3040507 ], [ 80.4412817, 16.3040557 ] ] ] } },
{ "type": "Feature", "properties": { "label": "Pothole", "confidence": 0.89, "on_road": 1, "size_m": 1.2, "gt_road_overlap": 1.0, "gt_roof_overlap": 0.0 }, "geometry": { "type": "Polygon", "coordinates": [ [ [ 80.4417802, 16.3042777 ], [ 80.4417888, 16.3042777 ], [ 80.4417888, 16.3042672 ], [ 80.4417802, 16.3042672 ], [ 80.4417802, 16.3042777 ] ] ] } },
{ "type": "Feature", "properties": { "label": "Pothole", "confidence": 0.78, "on_road": 1, "size_m": 1.2, "gt_road_overlap": 1.0, "gt_roof_overlap": 0.0 }, "geometry": { "type": "Polygon", "coordinates": [ [ [ 80.4427221, 16.3042485 ], [ 80.442733, 16.3042485 ], [ 80.442733, 16.3042389 ], [ 80.4427221, 16.3042389 ], [ 80.4427221, 16.3042485 ] ] ] } },
{ "type": "Feature", "properties": { "label": "Pothole", "confidence": 0.78, "on_road": 1, "size_m": 0.8, "gt_road_overlap": 1.0, "gt_roof_overlap": 0.0 }, "geometry": { "type": "Polygon", "coordinates": [ [ [ 80.4426933, 16.3042315 ], [ 80.4426997, 16.3042315 ], [ 80.4426997, 16.3042244 ], [ 80.4426933, 16.3042244 ], [ 80.4426933, 16.3042315 ] ] ] } },
{ "type": "Feature", "properties": { "label": "Pothole", "confidence": 0.78, "on_road": 1, "size_m": 2.4, "gt_road_overlap": 1.0, "gt_roof_overlap": 0.0 }, "geometry": { "type": "Polygon", "coordinates": [ [ [ 80.442221, 16.3044931 ], [ 80.442239, 16.3044932 ], [ 80.442239, 16.3044715 ], [ 80.4422211, 16.3044714 ], [ 80.442221, 16.3044931 ] ] ] } },
{ "type": "Feature", "properties": { "label": "Pothole", "confidence": 0.66, "on_road": 0, "size_m": 1.0, "gt_road_overlap": 0.285, "gt_roof_overlap": 0.0 }, "geometry": { "type": "Polygon", "coordinates": [ [ [ 80.4419701, 16.304037 ], [ 80.4419795, 16.3040371 ], [ 80.4419795, 16.3040302 ], [ 80.4419701, 16.3040302 ], [ 80.4419701, 16.304037 ] ] ] } },
{ "type": "Feature", "properties": { "label": "Pothole", "confidence": 0.56, "on_road": 1, "size_m": 0.6, "gt_road_overlap": 1.0, "gt_roof_overlap": 0.0 }, "geometry": { "type": "Polygon", "coordinates": [ [ [ 80.4421765, 16.304468 ], [ 80.4421806, 16.3044681 ], [ 80.4421807, 16.3044623 ], [ 80.4421765, 16.3044623 ], [ 80.4421765, 16.304468 ] ] ] } },
{ "type": "Feature", "properties": { "label": "Longitudinal crack", "confidence": 0.51, "on_road": 0, "size_m": 7.9, "gt_road_overlap": 0.0, "gt_roof_overlap": 0.0 }, "geometry": { "type": "Polygon", "coordinates": [ [ [ 80.4425994, 16.304363 ], [ 80.4426732, 16.3043632 ], [ 80.4426734, 16.3043246 ], [ 80.4425995, 16.3043244 ], [ 80.4425994, 16.304363 ] ] ] } },
{ "type": "Feature", "properties": { "label": "Pothole", "confidence": 0.46, "on_road": 0, "size_m": 0.6, "gt_road_overlap": 0.0, "gt_roof_overlap": 0.0 }, "geometry": { "type": "Polygon", "coordinates": [ [ [ 80.4417741, 16.3045156 ], [ 80.4417784, 16.3045156 ], [ 80.4417784, 16.3045098 ], [ 80.4417741, 16.3045098 ], [ 80.4417741, 16.3045156 ] ] ] } },
{ "type": "Feature", "properties": { "label": "Pothole", "confidence": 0.45, "on_road": 0, "size_m": 1.0, "gt_road_overlap": 0.0, "gt_roof_overlap": 0.0 }, "geometry": { "type": "Polygon", "coordinates": [ [ [ 80.4417034, 16.3040171 ], [ 80.4417128, 16.3040171 ], [ 80.4417128, 16.304009 ], [ 80.4417034, 16.304009 ], [ 80.4417034, 16.3040171 ] ] ] } },
{ "type": "Feature", "properties": { "label": "Pothole", "confidence": 0.41, "on_road": 0, "size_m": 6.5, "gt_road_overlap": 1.0, "gt_roof_overlap": 0.0 }, "geometry": { "type": "Polygon", "coordinates": [ [ [ 80.4426826, 16.3037802 ], [ 80.4427433, 16.3037803 ], [ 80.4427434, 16.3037427 ], [ 80.4426827, 16.3037426 ], [ 80.4426826, 16.3037802 ] ] ] } },
{ "type": "Feature", "properties": { "label": "Pothole", "confidence": 0.38, "on_road": 0, "size_m": 7.9, "gt_road_overlap": 1.0, "gt_roof_overlap": 0.0 }, "geometry": { "type": "Polygon", "coordinates": [ [ [ 80.4421486, 16.3039973 ], [ 80.4422225, 16.3039975 ], [ 80.4422226, 16.3039563 ], [ 80.4421487, 16.3039561 ], [ 80.4421486, 16.3039973 ] ] ] } },
{ "type": "Feature", "properties": { "label": "Pothole", "confidence": 0.36, "on_road": 0, "size_m": 4.6, "gt_road_overlap": 1.0, "gt_roof_overlap": 0.0 }, "geometry": { "type": "Polygon", "coordinates": [ [ [ 80.4424363, 16.3036486 ], [ 80.4424698, 16.3036487 ], [ 80.4424699, 16.303607 ], [ 80.4424364, 16.3036069 ], [ 80.4424363, 16.3036486 ] ] ] } },
{ "type": "Feature", "properties": { "label": "Pothole", "confidence": 0.33, "on_road": 0, "size_m": 7.2, "gt_road_overlap": 0.004, "gt_roof_overlap": 0.151 }, "geometry": { "type": "Polygon", "coordinates": [ [ [ 80.4420516, 16.3044936 ], [ 80.4421192, 16.3044937 ], [ 80.4421193, 16.3044608 ], [ 80.4420517, 16.3044607 ], [ 80.4420516, 16.3044936 ] ] ] } },
{ "type": "Feature", "properties": { "label": "Pothole", "confidence": 0.33, "on_road": 1, "size_m": 0.7, "gt_road_overlap": 1.0, "gt_roof_overlap": 0.0 }, "geometry": { "type": "Polygon", "coordinates": [ [ [ 80.4419686, 16.3039311 ], [ 80.4419742, 16.3039311 ], [ 80.4419742, 16.3039246 ], [ 80.4419686, 16.3039246 ], [ 80.4419686, 16.3039311 ] ] ] } },
{ "type": "Feature", "properties": { "label": "Pothole", "confidence": 0.32, "on_road": 0, "size_m": 4.2, "gt_road_overlap": 0.51, "gt_roof_overlap": 0.0 }, "geometry": { "type": "Polygon", "coordinates": [ [ [ 80.4417827, 16.3043741 ], [ 80.441822, 16.3043742 ], [ 80.4418221, 16.3043565 ], [ 80.4417828, 16.3043564 ], [ 80.4417827, 16.3043741 ] ] ] } },
{ "type": "Feature", "properties": { "label": "Pothole", "confidence": 0.32, "on_road": 1, "size_m": 3.7, "gt_road_overlap": 1.0, "gt_roof_overlap": 0.0 }, "geometry": { "type": "Polygon", "coordinates": [ [ [ 80.4417397, 16.3037644 ], [ 80.4417745, 16.3037645 ], [ 80.4417746, 16.3037422 ], [ 80.4417398, 16.3037421 ], [ 80.4417397, 16.3037644 ] ] ] } },
{ "type": "Feature", "properties": { "label": "Pothole", "confidence": 0.31, "on_road": 0, "size_m": 0.8, "gt_road_overlap": 0.0, "gt_roof_overlap": 0.0 }, "geometry": { "type": "Polygon", "coordinates": [ [ [ 80.4420263, 16.3035163 ], [ 80.4420323, 16.3035163 ], [ 80.4420323, 16.3035091 ], [ 80.4420263, 16.3035091 ], [ 80.4420263, 16.3035163 ] ] ] } },
{ "type": "Feature", "properties": { "label": "Repaired patch", "confidence": 0.31, "on_road": 0, "size_m": 7.3, "gt_road_overlap": 0.0, "gt_roof_overlap": 0.0 }, "geometry": { "type": "Polygon", "coordinates": [ [ [ 80.442602, 16.3043607 ], [ 80.4426707, 16.3043609 ], [ 80.4426708, 16.3043291 ], [ 80.4426021, 16.3043289 ], [ 80.442602, 16.3043607 ] ] ] } },
{ "type": "Feature", "properties": { "label": "Pothole", "confidence": 0.31, "on_road": 1, "size_m": 1.1, "gt_road_overlap": 1.0, "gt_roof_overlap": 0.0 }, "geometry": { "type": "Polygon", "coordinates": [ [ [ 80.441699, 16.3041988 ], [ 80.4417065, 16.3041989 ], [ 80.4417065, 16.3041891 ], [ 80.441699, 16.3041891 ], [ 80.441699, 16.3041988 ] ] ] } },
{ "type": "Feature", "properties": { "label": "Pothole", "confidence": 0.31, "on_road": 0, "size_m": 2.2, "gt_road_overlap": 0.0, "gt_roof_overlap": 0.074 }, "geometry": { "type": "Polygon", "coordinates": [ [ [ 80.4423665, 16.3042287 ], [ 80.4423796, 16.3042288 ], [ 80.4423796, 16.3042085 ], [ 80.4423665, 16.3042085 ], [ 80.4423665, 16.3042287 ] ] ] } },
{ "type": "Feature", "properties": { "label": "Pothole", "confidence": 0.3, "on_road": 0, "size_m": 2.2, "gt_road_overlap": 0.0, "gt_roof_overlap": 0.0 }, "geometry": { "type": "Polygon", "coordinates": [ [ [ 80.4423606, 16.3041932 ], [ 80.4423777, 16.3041932 ], [ 80.4423778, 16.304173 ], [ 80.4423606, 16.3041729 ], [ 80.4423606, 16.3041932 ] ] ] } },
{ "type": "Feature", "properties": { "label": "Pothole", "confidence": 0.29, "on_road": 1, "size_m": 0.8, "gt_road_overlap": 1.0, "gt_roof_overlap": 0.0 }, "geometry": { "type": "Polygon", "coordinates": [ [ [ 80.4424546, 16.3036811 ], [ 80.4424614, 16.3036811 ], [ 80.4424615, 16.3036738 ], [ 80.4424547, 16.3036738 ], [ 80.4424546, 16.3036811 ] ] ] } },
{ "type": "Feature", "properties": { "label": "Pothole", "confidence": 0.28, "on_road": 1, "size_m": 0.8, "gt_road_overlap": 1.0, "gt_roof_overlap": 0.0 }, "geometry": { "type": "Polygon", "coordinates": [ [ [ 80.4417001, 16.3037196 ], [ 80.4417069, 16.3037196 ], [ 80.4417069, 16.3037123 ], [ 80.4417002, 16.3037123 ], [ 80.4417001, 16.3037196 ] ] ] } },
{ "type": "Feature", "properties": { "label": "Pothole", "confidence": 0.26, "on_road": 0, "size_m": 0.7, "gt_road_overlap": 0.0, "gt_roof_overlap": 0.0 }, "geometry": { "type": "Polygon", "coordinates": [ [ [ 80.4420398, 16.3044917 ], [ 80.4420454, 16.3044917 ], [ 80.4420454, 16.3044858 ], [ 80.4420398, 16.3044858 ], [ 80.4420398, 16.3044917 ] ] ] } },
{ "type": "Feature", "properties": { "label": "Pothole", "confidence": 0.26, "on_road": 0, "size_m": 4.2, "gt_road_overlap": 0.0, "gt_roof_overlap": 0.375 }, "geometry": { "type": "Polygon", "coordinates": [ [ [ 80.4423089, 16.3043341 ], [ 80.4423482, 16.3043342 ], [ 80.4423483, 16.3043096 ], [ 80.442309, 16.3043095 ], [ 80.4423089, 16.3043341 ] ] ] } },
{ "type": "Feature", "properties": { "label": "Pothole", "confidence": 0.25, "on_road": 1, "size_m": 1.0, "gt_road_overlap": 1.0, "gt_roof_overlap": 0.0 }, "geometry": { "type": "Polygon", "coordinates": [ [ [ 80.4416949, 16.3044579 ], [ 80.4417042, 16.3044579 ], [ 80.4417042, 16.3044507 ], [ 80.4416949, 16.3044507 ], [ 80.4416949, 16.3044579 ] ] ] } },
{ "type": "Feature", "properties": { "label": "Pothole", "confidence": 0.95, "on_road": 1, "size_m": 0.7, "gt_road_overlap": 1.0, "gt_roof_overlap": 0.0 }, "geometry": { "type": "Polygon", "coordinates": [ [ [ 80.4438679, 16.3032981 ], [ 80.4438743, 16.3032981 ], [ 80.4438743, 16.303293 ], [ 80.4438679, 16.303293 ], [ 80.4438679, 16.3032981 ] ] ] } },
{ "type": "Feature", "properties": { "label": "Pothole", "confidence": 0.94, "on_road": 1, "size_m": 0.8, "gt_road_overlap": 1.0, "gt_roof_overlap": 0.0 }, "geometry": { "type": "Polygon", "coordinates": [ [ [ 80.4431047, 16.3033921 ], [ 80.4431115, 16.3033922 ], [ 80.4431115, 16.3033846 ], [ 80.4431047, 16.3033845 ], [ 80.4431047, 16.3033921 ] ] ] } },
{ "type": "Feature", "properties": { "label": "Pothole", "confidence": 0.91, "on_road": 1, "size_m": 1.1, "gt_road_overlap": 1.0, "gt_roof_overlap": 0.0 }, "geometry": { "type": "Polygon", "coordinates": [ [ [ 80.4440433, 16.3033618 ], [ 80.444053, 16.3033618 ], [ 80.4440531, 16.3033517 ], [ 80.4440433, 16.3033517 ], [ 80.4440433, 16.3033618 ] ] ] } },
{ "type": "Feature", "properties": { "label": "Pothole", "confidence": 0.86, "on_road": 0, "size_m": 0.7, "gt_road_overlap": 0.0, "gt_roof_overlap": 1.0 }, "geometry": { "type": "Polygon", "coordinates": [ [ [ 80.4433983, 16.3037743 ], [ 80.4434036, 16.3037743 ], [ 80.4434036, 16.3037682 ], [ 80.4433984, 16.3037682 ], [ 80.4433983, 16.3037743 ] ] ] } },
{ "type": "Feature", "properties": { "label": "Pothole", "confidence": 0.71, "on_road": 1, "size_m": 0.7, "gt_road_overlap": 1.0, "gt_roof_overlap": 0.0 }, "geometry": { "type": "Polygon", "coordinates": [ [ [ 80.4437624, 16.3034663 ], [ 80.4437665, 16.3034663 ], [ 80.4437665, 16.3034598 ], [ 80.4437624, 16.3034598 ], [ 80.4437624, 16.3034663 ] ] ] } },
{ "type": "Feature", "properties": { "label": "Pothole", "confidence": 0.64, "on_road": 0, "size_m": 5.6, "gt_road_overlap": 1.0, "gt_roof_overlap": 0.0 }, "geometry": { "type": "Polygon", "coordinates": [ [ [ 80.4437032, 16.303648 ], [ 80.443756, 16.3036481 ], [ 80.4437561, 16.3036181 ], [ 80.4437033, 16.303618 ], [ 80.4437032, 16.303648 ] ] ] } },
{ "type": "Feature", "properties": { "label": "Pothole", "confidence": 0.62, "on_road": 0, "size_m": 6.6, "gt_road_overlap": 0.0, "gt_roof_overlap": 0.541 }, "geometry": { "type": "Polygon", "coordinates": [ [ [ 80.443686, 16.3037865 ], [ 80.4437474, 16.3037867 ], [ 80.4437475, 16.3037514 ], [ 80.4436861, 16.3037513 ], [ 80.443686, 16.3037865 ] ] ] } },
{ "type": "Feature", "properties": { "label": "Pothole", "confidence": 0.59, "on_road": 0, "size_m": 1.8, "gt_road_overlap": 0.0, "gt_roof_overlap": 0.0 }, "geometry": { "type": "Polygon", "coordinates": [ [ [ 80.4431524, 16.3042725 ], [ 80.4431683, 16.3042725 ], [ 80.4431683, 16.3042559 ], [ 80.4431525, 16.3042558 ], [ 80.4431524, 16.3042725 ] ] ] } },
{ "type": "Feature", "properties": { "label": "Pothole", "confidence": 0.56, "on_road": 0, "size_m": 1.1, "gt_road_overlap": 0.988, "gt_roof_overlap": 1.0 }, "geometry": { "type": "Polygon", "coordinates": [ [ [ 80.4432051, 16.3033728 ], [ 80.4432156, 16.3033728 ], [ 80.4432157, 16.3033645 ], [ 80.4432052, 16.3033645 ], [ 80.4432051, 16.3033728 ] ] ] } },
{ "type": "Feature", "properties": { "label": "Pothole", "confidence": 0.53, "on_road": 0, "size_m": 0.7, "gt_road_overlap": 0.0, "gt_roof_overlap": 0.0 }, "geometry": { "type": "Polygon", "coordinates": [ [ [ 80.4437763, 16.3037314 ], [ 80.4437818, 16.3037314 ], [ 80.4437818, 16.303725 ], [ 80.4437764, 16.303725 ], [ 80.4437763, 16.3037314 ] ] ] } },
{ "type": "Feature", "properties": { "label": "Pothole", "confidence": 0.51, "on_road": 1, "size_m": 3.3, "gt_road_overlap": 1.0, "gt_roof_overlap": 0.0 }, "geometry": { "type": "Polygon", "coordinates": [ [ [ 80.4440527, 16.3033662 ], [ 80.4440834, 16.3033662 ], [ 80.4440834, 16.3033503 ], [ 80.4440527, 16.3033502 ], [ 80.4440527, 16.3033662 ] ] ] } },
{ "type": "Feature", "properties": { "label": "Pothole", "confidence": 0.5, "on_road": 0, "size_m": 4.8, "gt_road_overlap": 0.0, "gt_roof_overlap": 0.55 }, "geometry": { "type": "Polygon", "coordinates": [ [ [ 80.4431218, 16.3033096 ], [ 80.4431664, 16.3033098 ], [ 80.4431665, 16.3032787 ], [ 80.4431219, 16.3032786 ], [ 80.4431218, 16.3033096 ] ] ] } },
{ "type": "Feature", "properties": { "label": "Pothole", "confidence": 0.47, "on_road": 1, "size_m": 0.7, "gt_road_overlap": 1.0, "gt_roof_overlap": 0.0 }, "geometry": { "type": "Polygon", "coordinates": [ [ [ 80.4439982, 16.3033506 ], [ 80.4440051, 16.3033507 ], [ 80.4440052, 16.3033449 ], [ 80.4439982, 16.3033449 ], [ 80.4439982, 16.3033506 ] ] ] } },
{ "type": "Feature", "properties": { "label": "Pothole", "confidence": 0.45, "on_road": 1, "size_m": 3.5, "gt_road_overlap": 1.0, "gt_roof_overlap": 0.0 }, "geometry": { "type": "Polygon", "coordinates": [ [ [ 80.4431348, 16.3034176 ], [ 80.4431663, 16.3034177 ], [ 80.4431664, 16.3033864 ], [ 80.4431349, 16.3033863 ], [ 80.4431348, 16.3034176 ] ] ] } },
{ "type": "Feature", "properties": { "label": "Pothole", "confidence": 0.45, "on_road": 1, "size_m": 1.3, "gt_road_overlap": 1.0, "gt_roof_overlap": 0.0 }, "geometry": { "type": "Polygon", "coordinates": [ [ [ 80.4439367, 16.3033281 ], [ 80.4439487, 16.3033281 ], [ 80.4439487, 16.3033198 ], [ 80.4439367, 16.3033197 ], [ 80.4439367, 16.3033281 ] ] ] } },
{ "type": "Feature", "properties": { "label": "Pothole", "confidence": 0.44, "on_road": 1, "size_m": 2.0, "gt_road_overlap": 1.0, "gt_roof_overlap": 0.0 }, "geometry": { "type": "Polygon", "coordinates": [ [ [ 80.4438937, 16.3033104 ], [ 80.4439124, 16.3033105 ], [ 80.4439124, 16.3032967 ], [ 80.4438937, 16.3032967 ], [ 80.4438937, 16.3033104 ] ] ] } },
{ "type": "Feature", "properties": { "label": "Pothole", "confidence": 0.44, "on_road": 0, "size_m": 0.5, "gt_road_overlap": 0.106, "gt_roof_overlap": 0.0 }, "geometry": { "type": "Polygon", "coordinates": [ [ [ 80.4428817, 16.3033038 ], [ 80.4428863, 16.3033038 ], [ 80.4428864, 16.3032994 ], [ 80.4428817, 16.3032994 ], [ 80.4428817, 16.3033038 ] ] ] } },
{ "type": "Feature", "properties": { "label": "Pothole", "confidence": 0.37, "on_road": 1, "size_m": 0.7, "gt_road_overlap": 1.0, "gt_roof_overlap": 0.0 }, "geometry": { "type": "Polygon", "coordinates": [ [ [ 80.4441016, 16.3038749 ], [ 80.4441078, 16.3038749 ], [ 80.4441078, 16.3038684 ], [ 80.4441016, 16.3038684 ], [ 80.4441016, 16.3038749 ] ] ] } },
{ "type": "Feature", "properties": { "label": "Pothole", "confidence": 0.36, "on_road": 1, "size_m": 1.3, "gt_road_overlap": 1.0, "gt_roof_overlap": 0.0 }, "geometry": { "type": "Polygon", "coordinates": [ [ [ 80.4434898, 16.3041414 ], [ 80.4435016, 16.3041414 ], [ 80.4435016, 16.3041313 ], [ 80.4434898, 16.3041313 ], [ 80.4434898, 16.3041414 ] ] ] } },
{ "type": "Feature", "properties": { "label": "Pothole", "confidence": 0.35, "on_road": 0, "size_m": 1.7, "gt_road_overlap": 0.0, "gt_roof_overlap": 1.0 }, "geometry": { "type": "Polygon", "coordinates": [ [ [ 80.4435617, 16.3040014 ], [ 80.4435778, 16.3040014 ], [ 80.4435778, 16.3039929 ], [ 80.4435617, 16.3039929 ], [ 80.4435617, 16.3040014 ] ] ] } },
{ "type": "Feature", "properties": { "label": "Pothole", "confidence": 0.35, "on_road": 1, "size_m": 0.9, "gt_road_overlap": 0.372, "gt_roof_overlap": 0.0 }, "geometry": { "type": "Polygon", "coordinates": [ [ [ 80.44292, 16.3043744 ], [ 80.4429267, 16.3043744 ], [ 80.4429268, 16.3043664 ], [ 80.44292, 16.3043664 ], [ 80.44292, 16.3043744 ] ] ] } },
{ "type": "Feature", "properties": { "label": "Pothole", "confidence": 0.33, "on_road": 0, "size_m": 0.8, "gt_road_overlap": 0.0, "gt_roof_overlap": 0.162 }, "geometry": { "type": "Polygon", "coordinates": [ [ [ 80.443476, 16.3042402 ], [ 80.4434819, 16.3042402 ], [ 80.4434819, 16.3042327 ], [ 80.443476, 16.3042326 ], [ 80.443476, 16.3042402 ] ] ] } },
{ "type": "Feature", "properties": { "label": "Pothole", "confidence": 0.33, "on_road": 0, "size_m": 0.7, "gt_road_overlap": 0.0, "gt_roof_overlap": 1.0 }, "geometry": { "type": "Polygon", "coordinates": [ [ [ 80.4441776, 16.30333 ], [ 80.4441836, 16.30333 ], [ 80.4441836, 16.3033238 ], [ 80.4441776, 16.3033238 ], [ 80.4441776, 16.30333 ] ] ] } },
{ "type": "Feature", "properties": { "label": "Pothole", "confidence": 0.33, "on_road": 1, "size_m": 0.9, "gt_road_overlap": 0.689, "gt_roof_overlap": 0.0 }, "geometry": { "type": "Polygon", "coordinates": [ [ [ 80.4438079, 16.3037357 ], [ 80.4438165, 16.3037357 ], [ 80.4438165, 16.3037275 ], [ 80.4438079, 16.3037275 ], [ 80.4438079, 16.3037357 ] ] ] } },
{ "type": "Feature", "properties": { "label": "Pothole", "confidence": 0.31, "on_road": 1, "size_m": 0.9, "gt_road_overlap": 0.806, "gt_roof_overlap": 0.0 }, "geometry": { "type": "Polygon", "coordinates": [ [ [ 80.4431433, 16.3034258 ], [ 80.4431497, 16.3034258 ], [ 80.4431497, 16.3034178 ], [ 80.4431433, 16.3034178 ], [ 80.4431433, 16.3034258 ] ] ] } },
{ "type": "Feature", "properties": { "label": "Pothole", "confidence": 0.31, "on_road": 0, "size_m": 0.7, "gt_road_overlap": 0.0, "gt_roof_overlap": 1.0 }, "geometry": { "type": "Polygon", "coordinates": [ [ [ 80.4436226, 16.3039192 ], [ 80.4436259, 16.3039192 ], [ 80.443626, 16.303913 ], [ 80.4436226, 16.303913 ], [ 80.4436226, 16.3039192 ] ] ] } },
{ "type": "Feature", "properties": { "label": "Pothole", "confidence": 0.31, "on_road": 1, "size_m": 1.2, "gt_road_overlap": 0.957, "gt_roof_overlap": 0.0 }, "geometry": { "type": "Polygon", "coordinates": [ [ [ 80.442891, 16.3033051 ], [ 80.4429022, 16.3033051 ], [ 80.4429023, 16.3032975 ], [ 80.442891, 16.3032975 ], [ 80.442891, 16.3033051 ] ] ] } },
{ "type": "Feature", "properties": { "label": "Pothole", "confidence": 0.3, "on_road": 0, "size_m": 1.5, "gt_road_overlap": 0.149, "gt_roof_overlap": 0.0 }, "geometry": { "type": "Polygon", "coordinates": [ [ [ 80.4430902, 16.3034104 ], [ 80.4431039, 16.3034104 ], [ 80.4431039, 16.3034012 ], [ 80.4430902, 16.3034011 ], [ 80.4430902, 16.3034104 ] ] ] } },
{ "type": "Feature", "properties": { "label": "Pothole", "confidence": 0.28, "on_road": 0, "size_m": 0.8, "gt_road_overlap": 0.0, "gt_roof_overlap": 1.0 }, "geometry": { "type": "Polygon", "coordinates": [ [ [ 80.4429728, 16.3041922 ], [ 80.4429795, 16.3041922 ], [ 80.4429795, 16.3041849 ], [ 80.4429728, 16.3041849 ], [ 80.4429728, 16.3041922 ] ] ] } },
{ "type": "Feature", "properties": { "label": "Pothole", "confidence": 0.28, "on_road": 0, "size_m": 0.8, "gt_road_overlap": 0.0, "gt_roof_overlap": 1.0 }, "geometry": { "type": "Polygon", "coordinates": [ [ [ 80.4434047, 16.3037707 ], [ 80.4434092, 16.3037707 ], [ 80.4434092, 16.3037639 ], [ 80.4434047, 16.3037639 ], [ 80.4434047, 16.3037707 ] ] ] } },
{ "type": "Feature", "properties": { "label": "Pothole", "confidence": 0.28, "on_road": 0, "size_m": 0.7, "gt_road_overlap": 0.0, "gt_roof_overlap": 0.0 }, "geometry": { "type": "Polygon", "coordinates": [ [ [ 80.4438172, 16.3037548 ], [ 80.4438228, 16.3037548 ], [ 80.4438228, 16.3037487 ], [ 80.4438172, 16.3037486 ], [ 80.4438172, 16.3037548 ] ] ] } },
{ "type": "Feature", "properties": { "label": "Pothole", "confidence": 0.28, "on_road": 0, "size_m": 1.1, "gt_road_overlap": 0.912, "gt_roof_overlap": 1.0 }, "geometry": { "type": "Polygon", "coordinates": [ [ [ 80.4431818, 16.3033602 ], [ 80.4431917, 16.3033603 ], [ 80.4431917, 16.3033523 ], [ 80.4431818, 16.3033523 ], [ 80.4431818, 16.3033602 ] ] ] } },
{ "type": "Feature", "properties": { "label": "Pothole", "confidence": 0.81, "on_road": 0, "size_m": 1.2, "gt_road_overlap": 0.0, "gt_roof_overlap": 0.0 }, "geometry": { "type": "Polygon", "coordinates": [ [ [ 80.4444822, 16.303731 ], [ 80.4444935, 16.3037311 ], [ 80.4444936, 16.303721 ], [ 80.4444822, 16.3037209 ], [ 80.4444822, 16.303731 ] ] ] } },
{ "type": "Feature", "properties": { "label": "Pothole", "confidence": 0.8, "on_road": 1, "size_m": 1.6, "gt_road_overlap": 1.0, "gt_roof_overlap": 0.0 }, "geometry": { "type": "Polygon", "coordinates": [ [ [ 80.444226, 16.3039487 ], [ 80.4442361, 16.3039487 ], [ 80.4442361, 16.3039341 ], [ 80.444226, 16.303934 ], [ 80.444226, 16.3039487 ] ] ] } },
{ "type": "Feature", "properties": { "label": "Pothole", "confidence": 0.8, "on_road": 0, "size_m": 1.2, "gt_road_overlap": 0.0, "gt_roof_overlap": 1.0 }, "geometry": { "type": "Polygon", "coordinates": [ [ [ 80.4445126, 16.3037818 ], [ 80.4445243, 16.3037818 ], [ 80.4445243, 16.3037713 ], [ 80.4445126, 16.3037713 ], [ 80.4445126, 16.3037818 ] ] ] } },
{ "type": "Feature", "properties": { "label": "Pothole", "confidence": 0.8, "on_road": 1, "size_m": 1.2, "gt_road_overlap": 1.0, "gt_roof_overlap": 0.0 }, "geometry": { "type": "Polygon", "coordinates": [ [ [ 80.4446925, 16.3037681 ], [ 80.4447034, 16.3037681 ], [ 80.4447034, 16.303758 ], [ 80.4446926, 16.3037579 ], [ 80.4446925, 16.3037681 ] ] ] } },
{ "type": "Feature", "properties": { "label": "Pothole", "confidence": 0.77, "on_road": 0, "size_m": 1.2, "gt_road_overlap": 0.0, "gt_roof_overlap": 0.116 }, "geometry": { "type": "Polygon", "coordinates": [ [ [ 80.4444989, 16.3037385 ], [ 80.4445079, 16.3037385 ], [ 80.444508, 16.303728 ], [ 80.444499, 16.303728 ], [ 80.4444989, 16.3037385 ] ] ] } },
{ "type": "Feature", "properties": { "label": "Pothole", "confidence": 0.76, "on_road": 1, "size_m": 1.1, "gt_road_overlap": 1.0, "gt_roof_overlap": 0.0 }, "geometry": { "type": "Polygon", "coordinates": [ [ [ 80.444852, 16.3033672 ], [ 80.4448616, 16.3033672 ], [ 80.4448616, 16.3033571 ], [ 80.4448521, 16.303357 ], [ 80.444852, 16.3033672 ] ] ] } },
{ "type": "Feature", "properties": { "label": "Pothole", "confidence": 0.73, "on_road": 1, "size_m": 1.9, "gt_road_overlap": 0.983, "gt_roof_overlap": 0.0 }, "geometry": { "type": "Polygon", "coordinates": [ [ [ 80.4444511, 16.3040756 ], [ 80.4444688, 16.3040756 ], [ 80.4444688, 16.3040613 ], [ 80.4444511, 16.3040613 ], [ 80.4444511, 16.3040756 ] ] ] } },
{ "type": "Feature", "properties": { "label": "Pothole", "confidence": 0.71, "on_road": 0, "size_m": 1.1, "gt_road_overlap": 0.0, "gt_roof_overlap": 1.0 }, "geometry": { "type": "Polygon", "coordinates": [ [ [ 80.4445117, 16.3038128 ], [ 80.4445219, 16.3038129 ], [ 80.4445219, 16.3038042 ], [ 80.4445117, 16.3038042 ], [ 80.4445117, 16.3038128 ] ] ] } },
{ "type": "Feature", "properties": { "label": "Pothole", "confidence": 0.7, "on_road": 0, "size_m": 0.9, "gt_road_overlap": 0.0, "gt_roof_overlap": 1.0 }, "geometry": { "type": "Polygon", "coordinates": [ [ [ 80.4445056, 16.3037966 ], [ 80.4445137, 16.3037966 ], [ 80.4445137, 16.3037893 ], [ 80.4445056, 16.3037893 ], [ 80.4445056, 16.3037966 ] ] ] } },
{ "type": "Feature", "properties": { "label": "Pothole", "confidence": 0.64, "on_road": 1, "size_m": 1.1, "gt_road_overlap": 1.0, "gt_roof_overlap": 0.0 }, "geometry": { "type": "Polygon", "coordinates": [ [ [ 80.4445461, 16.3039232 ], [ 80.4445494, 16.3039232 ], [ 80.4445495, 16.3039131 ], [ 80.4445461, 16.3039131 ], [ 80.4445461, 16.3039232 ] ] ] } },
{ "type": "Feature", "properties": { "label": "Pothole", "confidence": 0.62, "on_road": 0, "size_m": 1.1, "gt_road_overlap": 0.0, "gt_roof_overlap": 0.0 }, "geometry": { "type": "Polygon", "coordinates": [ [ [ 80.4448326, 16.3042655 ], [ 80.4448406, 16.3042655 ], [ 80.4448406, 16.3042556 ], [ 80.4448326, 16.3042556 ], [ 80.4448326, 16.3042655 ] ] ] } },
{ "type": "Feature", "properties": { "label": "Pothole", "confidence": 0.6, "on_road": 0, "size_m": 3.1, "gt_road_overlap": 0.0, "gt_roof_overlap": 1.0 }, "geometry": { "type": "Polygon", "coordinates": [ [ [ 80.4453166, 16.3043428 ], [ 80.4453458, 16.3043428 ], [ 80.4453458, 16.304323 ], [ 80.4453166, 16.3043229 ], [ 80.4453166, 16.3043428 ] ] ] } },
{ "type": "Feature", "properties": { "label": "Pothole", "confidence": 0.58, "on_road": 0, "size_m": 1.4, "gt_road_overlap": 0.0, "gt_roof_overlap": 0.0 }, "geometry": { "type": "Polygon", "coordinates": [ [ [ 80.4448454, 16.3038925 ], [ 80.4448587, 16.3038926 ], [ 80.4448587, 16.303881 ], [ 80.4448454, 16.303881 ], [ 80.4448454, 16.3038925 ] ] ] } },
{ "type": "Feature", "properties": { "label": "Pothole", "confidence": 0.51, "on_road": 1, "size_m": 0.8, "gt_road_overlap": 1.0, "gt_roof_overlap": 0.0 }, "geometry": { "type": "Polygon", "coordinates": [ [ [ 80.4449685, 16.3043019 ], [ 80.4449756, 16.3043019 ], [ 80.4449756, 16.3042945 ], [ 80.4449685, 16.3042945 ], [ 80.4449685, 16.3043019 ] ] ] } },
{ "type": "Feature", "properties": { "label": "Pothole", "confidence": 0.5, "on_road": 1, "size_m": 2.3, "gt_road_overlap": 0.985, "gt_roof_overlap": 0.0 }, "geometry": { "type": "Polygon", "coordinates": [ [ [ 80.4446677, 16.3036896 ], [ 80.4446879, 16.3036896 ], [ 80.4446879, 16.303669 ], [ 80.4446677, 16.303669 ], [ 80.4446677, 16.3036896 ] ] ] } },
{ "type": "Feature", "properties": { "label": "Pothole", "confidence": 0.49, "on_road": 0, "size_m": 1.8, "gt_road_overlap": 0.0, "gt_roof_overlap": 1.0 }, "geometry": { "type": "Polygon", "coordinates": [ [ [ 80.4452897, 16.304293 ], [ 80.445304, 16.304293 ], [ 80.445304, 16.304277 ], [ 80.4452898, 16.304277 ], [ 80.4452897, 16.304293 ] ] ] } },
{ "type": "Feature", "properties": { "label": "Pothole", "confidence": 0.48, "on_road": 0, "size_m": 1.9, "gt_road_overlap": 1.0, "gt_roof_overlap": 0.964 }, "geometry": { "type": "Polygon", "coordinates": [ [ [ 80.4447288, 16.3035874 ], [ 80.4447438, 16.3035875 ], [ 80.4447438, 16.3035701 ], [ 80.4447288, 16.3035701 ], [ 80.4447288, 16.3035874 ] ] ] } },
{ "type": "Feature", "properties": { "label": "Pothole", "confidence": 0.47, "on_road": 1, "size_m": 2.6, "gt_road_overlap": 1.0, "gt_roof_overlap": 0.0 }, "geometry": { "type": "Polygon", "coordinates": [ [ [ 80.4443457, 16.3044678 ], [ 80.4443697, 16.3044679 ], [ 80.4443697, 16.304448 ], [ 80.4443458, 16.3044479 ], [ 80.4443457, 16.3044678 ] ] ] } },
{ "type": "Feature", "properties": { "label": "Pothole", "confidence": 0.47, "on_road": 1, "size_m": 1.3, "gt_road_overlap": 1.0, "gt_roof_overlap": 0.0 }, "geometry": { "type": "Polygon", "coordinates": [ [ [ 80.4443196, 16.3035109 ], [ 80.4443316, 16.3035109 ], [ 80.4443316, 16.303504 ], [ 80.4443196, 16.303504 ], [ 80.4443196, 16.3035109 ] ] ] } },
{ "type": "Feature", "properties": { "label": "Pothole", "confidence": 0.47, "on_road": 1, "size_m": 1.0, "gt_road_overlap": 1.0, "gt_roof_overlap": 0.0 }, "geometry": { "type": "Polygon", "coordinates": [ [ [ 80.4442614, 16.3039532 ], [ 80.4442708, 16.3039532 ], [ 80.4442708, 16.3039446 ], [ 80.4442614, 16.3039445 ], [ 80.4442614, 16.3039532 ] ] ] } },
{ "type": "Feature", "properties": { "label": "Pothole", "confidence": 0.44, "on_road": 1, "size_m": 1.7, "gt_road_overlap": 1.0, "gt_roof_overlap": 0.0 }, "geometry": { "type": "Polygon", "coordinates": [ [ [ 80.4442461, 16.3039311 ], [ 80.4442619, 16.3039312 ], [ 80.4442619, 16.3039203 ], [ 80.4442462, 16.3039203 ], [ 80.4442461, 16.3039311 ] ] ] } },
{ "type": "Feature", "properties": { "label": "Pothole", "confidence": 0.42, "on_road": 0, "size_m": 0.8, "gt_road_overlap": 0.0, "gt_roof_overlap": 1.0 }, "geometry": { "type": "Polygon", "coordinates": [ [ [ 80.4447768, 16.3045121 ], [ 80.4447834, 16.3045122 ], [ 80.4447834, 16.3045047 ], [ 80.4447768, 16.3045047 ], [ 80.4447768, 16.3045121 ] ] ] } },
{ "type": "Feature", "properties": { "label": "Pothole", "confidence": 0.4, "on_road": 0, "size_m": 1.5, "gt_road_overlap": 0.0, "gt_roof_overlap": 1.0 }, "geometry": { "type": "Polygon", "coordinates": [ [ [ 80.4447434, 16.3045075 ], [ 80.4447574, 16.3045076 ], [ 80.4447574, 16.3044974 ], [ 80.4447434, 16.3044974 ], [ 80.4447434, 16.3045075 ] ] ] } },
{ "type": "Feature", "properties": { "label": "Pothole", "confidence": 0.39, "on_road": 0, "size_m": 5.9, "gt_road_overlap": 0.0, "gt_roof_overlap": 0.775 }, "geometry": { "type": "Polygon", "coordinates": [ [ [ 80.445273, 16.3042379 ], [ 80.4453283, 16.3042381 ], [ 80.4453284, 16.3042012 ], [ 80.4452732, 16.304201 ], [ 80.445273, 16.3042379 ] ] ] } },
{ "type": "Feature", "properties": { "label": "Pothole", "confidence": 0.34, "on_road": 1, "size_m": 1.0, "gt_road_overlap": 1.0, "gt_roof_overlap": 0.0 }, "geometry": { "type": "Polygon", "coordinates": [ [ [ 80.4447038, 16.3036816 ], [ 80.4447124, 16.3036816 ], [ 80.4447125, 16.3036722 ], [ 80.4447038, 16.3036721 ], [ 80.4447038, 16.3036816 ] ] ] } },
{ "type": "Feature", "properties": { "label": "Pothole", "confidence": 0.28, "on_road": 0, "size_m": 1.3, "gt_road_overlap": 0.0, "gt_roof_overlap": 1.0 }, "geometry": { "type": "Polygon", "coordinates": [ [ [ 80.4444313, 16.3037606 ], [ 80.4444397, 16.3037606 ], [ 80.4444397, 16.303749 ], [ 80.4444313, 16.303749 ], [ 80.4444313, 16.3037606 ] ] ] } },
{ "type": "Feature", "properties": { "label": "Pothole", "confidence": 0.27, "on_road": 1, "size_m": 1.0, "gt_road_overlap": 1.0, "gt_roof_overlap": 0.0 }, "geometry": { "type": "Polygon", "coordinates": [ [ [ 80.4454892, 16.3041933 ], [ 80.4454986, 16.3041933 ], [ 80.4454986, 16.3041853 ], [ 80.4454892, 16.3041853 ], [ 80.4454892, 16.3041933 ] ] ] } },
{ "type": "Feature", "properties": { "label": "Pothole", "confidence": 0.26, "on_road": 0, "size_m": 1.8, "gt_road_overlap": 0.0, "gt_roof_overlap": 1.0 }, "geometry": { "type": "Polygon", "coordinates": [ [ [ 80.4452736, 16.3043198 ], [ 80.4452879, 16.3043198 ], [ 80.4452879, 16.3043035 ], [ 80.4452736, 16.3043035 ], [ 80.4452736, 16.3043198 ] ] ] } },
{ "type": "Feature", "properties": { "label": "Pothole", "confidence": 0.26, "on_road": 0, "size_m": 1.0, "gt_road_overlap": 0.0, "gt_roof_overlap": 1.0 }, "geometry": { "type": "Polygon", "coordinates": [ [ [ 80.4445112, 16.3033847 ], [ 80.4445186, 16.3033847 ], [ 80.4445186, 16.3033761 ], [ 80.4445112, 16.303376 ], [ 80.4445112, 16.3033847 ] ] ] } },
{ "type": "Feature", "properties": { "label": "Pothole", "confidence": 0.89, "on_road": 0, "size_m": 2.0, "gt_road_overlap": 0.0, "gt_roof_overlap": 1.0 }, "geometry": { "type": "Polygon", "coordinates": [ [ [ 80.4464504, 16.3044737 ], [ 80.4464689, 16.3044737 ], [ 80.446469, 16.3044622 ], [ 80.4464504, 16.3044621 ], [ 80.4464504, 16.3044737 ] ] ] } },
{ "type": "Feature", "properties": { "label": "Pothole", "confidence": 0.74, "on_road": 0, "size_m": 0.9, "gt_road_overlap": 0.0, "gt_roof_overlap": 1.0 }, "geometry": { "type": "Polygon", "coordinates": [ [ [ 80.4462029, 16.3045383 ], [ 80.4462091, 16.3045383 ], [ 80.4462091, 16.3045304 ], [ 80.4462029, 16.3045303 ], [ 80.4462029, 16.3045383 ] ] ] } },
{ "type": "Feature", "properties": { "label": "Pothole", "confidence": 0.26, "on_road": 0, "size_m": 5.8, "gt_road_overlap": 0.933, "gt_roof_overlap": 0.289 }, "geometry": { "type": "Polygon", "coordinates": [ [ [ 80.4461013, 16.3045411 ], [ 80.4461553, 16.3045412 ], [ 80.4461554, 16.3044923 ], [ 80.4461015, 16.3044921 ], [ 80.4461013, 16.3045411 ] ] ] } },
{ "type": "Feature", "properties": { "label": "Pothole", "confidence": 0.76, "on_road": 0, "size_m": 2.1, "gt_road_overlap": 0.0, "gt_roof_overlap": 1.0 }, "geometry": { "type": "Polygon", "coordinates": [ [ [ 80.446449, 16.304474 ], [ 80.446469, 16.3044741 ], [ 80.4464691, 16.3044625 ], [ 80.446449, 16.3044625 ], [ 80.446449, 16.304474 ] ] ] } },
{ "type": "Feature", "properties": { "label": "Pothole", "confidence": 0.7, "on_road": 0, "size_m": 1.0, "gt_road_overlap": 0.0, "gt_roof_overlap": 1.0 }, "geometry": { "type": "Polygon", "coordinates": [ [ [ 80.4462034, 16.3045388 ], [ 80.4462094, 16.3045389 ], [ 80.4462094, 16.3045302 ], [ 80.4462034, 16.3045302 ], [ 80.4462034, 16.3045388 ] ] ] } },
{ "type": "Feature", "properties": { "label": "Pothole", "confidence": 0.43, "on_road": 0, "size_m": 5.8, "gt_road_overlap": 0.937, "gt_roof_overlap": 0.285 }, "geometry": { "type": "Polygon", "coordinates": [ [ [ 80.4461012, 16.30454 ], [ 80.4461558, 16.3045402 ], [ 80.446156, 16.3044924 ], [ 80.4461013, 16.3044923 ], [ 80.4461012, 16.30454 ] ] ] } },
{ "type": "Feature", "properties": { "label": "Pothole", "confidence": 0.93, "on_road": 0, "size_m": 1.9, "gt_road_overlap": 0.0, "gt_roof_overlap": 1.0 }, "geometry": { "type": "Polygon", "coordinates": [ [ [ 80.4273618, 16.3024397 ], [ 80.4273716, 16.3024397 ], [ 80.4273716, 16.3024223 ], [ 80.4273619, 16.3024223 ], [ 80.4273618, 16.3024397 ] ] ] } },
{ "type": "Feature", "properties": { "label": "Pothole", "confidence": 0.78, "on_road": 1, "size_m": 0.8, "gt_road_overlap": 1.0, "gt_roof_overlap": 0.0 }, "geometry": { "type": "Polygon", "coordinates": [ [ [ 80.4274972, 16.3030216 ], [ 80.427505, 16.3030216 ], [ 80.4275051, 16.3030145 ], [ 80.4274972, 16.3030144 ], [ 80.4274972, 16.3030216 ] ] ] } },
{ "type": "Feature", "properties": { "label": "Pothole", "confidence": 0.74, "on_road": 1, "size_m": 0.8, "gt_road_overlap": 0.999, "gt_roof_overlap": 0.119 }, "geometry": { "type": "Polygon", "coordinates": [ [ [ 80.4274761, 16.303005 ], [ 80.4274828, 16.303005 ], [ 80.4274828, 16.3029974 ], [ 80.4274761, 16.3029973 ], [ 80.4274761, 16.303005 ] ] ] } },
{ "type": "Feature", "properties": { "label": "Pothole", "confidence": 0.56, "on_road": 1, "size_m": 0.7, "gt_road_overlap": 0.73, "gt_roof_overlap": 0.0 }, "geometry": { "type": "Polygon", "coordinates": [ [ [ 80.4277342, 16.3032073 ], [ 80.4277402, 16.3032074 ], [ 80.4277402, 16.3032008 ], [ 80.4277342, 16.3032008 ], [ 80.4277342, 16.3032073 ] ] ] } },
{ "type": "Feature", "properties": { "label": "Pothole", "confidence": 0.49, "on_road": 1, "size_m": 0.8, "gt_road_overlap": 1.0, "gt_roof_overlap": 0.0 }, "geometry": { "type": "Polygon", "coordinates": [ [ [ 80.4276001, 16.3031118 ], [ 80.4276068, 16.3031118 ], [ 80.4276068, 16.3031046 ], [ 80.4276001, 16.3031046 ], [ 80.4276001, 16.3031118 ] ] ] } },
{ "type": "Feature", "properties": { "label": "Pothole", "confidence": 0.48, "on_road": 1, "size_m": 1.1, "gt_road_overlap": 1.0, "gt_roof_overlap": 0.0 }, "geometry": { "type": "Polygon", "coordinates": [ [ [ 80.4274186, 16.3029928 ], [ 80.427428, 16.3029928 ], [ 80.427428, 16.302983 ], [ 80.4274187, 16.302983 ], [ 80.4274186, 16.3029928 ] ] ] } },
{ "type": "Feature", "properties": { "label": "Pothole", "confidence": 0.46, "on_road": 0, "size_m": 3.3, "gt_road_overlap": 0.0, "gt_roof_overlap": 1.0 }, "geometry": { "type": "Polygon", "coordinates": [ [ [ 80.4278598, 16.3027436 ], [ 80.427891, 16.3027437 ], [ 80.427891, 16.3027185 ], [ 80.4278598, 16.3027184 ], [ 80.4278598, 16.3027436 ] ] ] } },
{ "type": "Feature", "properties": { "label": "Pothole", "confidence": 0.45, "on_road": 0, "size_m": 1.1, "gt_road_overlap": 1.0, "gt_roof_overlap": 0.608 }, "geometry": { "type": "Polygon", "coordinates": [ [ [ 80.4275874, 16.3031027 ], [ 80.4275948, 16.3031027 ], [ 80.4275949, 16.3030926 ], [ 80.4275874, 16.3030926 ], [ 80.4275874, 16.3031027 ] ] ] } },
{ "type": "Feature", "properties": { "label": "Pothole", "confidence": 0.43, "on_road": 0, "size_m": 0.8, "gt_road_overlap": 0.0, "gt_roof_overlap": 1.0 }, "geometry": { "type": "Polygon", "coordinates": [ [ [ 80.4279219, 16.3021378 ], [ 80.4279279, 16.3021378 ], [ 80.4279279, 16.3021306 ], [ 80.4279219, 16.3021306 ], [ 80.4279219, 16.3021378 ] ] ] } },
{ "type": "Feature", "properties": { "label": "Pothole", "confidence": 0.39, "on_road": 0, "size_m": 0.6, "gt_road_overlap": 0.0, "gt_roof_overlap": 0.0 }, "geometry": { "type": "Polygon", "coordinates": [ [ [ 80.4267972, 16.3023609 ], [ 80.4268032, 16.302361 ], [ 80.4268033, 16.3023554 ], [ 80.4267973, 16.3023553 ], [ 80.4267972, 16.3023609 ] ] ] } },
{ "type": "Feature", "properties": { "label": "Pothole", "confidence": 0.38, "on_road": 1, "size_m": 1.4, "gt_road_overlap": 1.0, "gt_roof_overlap": 0.0 }, "geometry": { "type": "Polygon", "coordinates": [ [ [ 80.4271258, 16.3026266 ], [ 80.4271334, 16.3026266 ], [ 80.4271335, 16.302614 ], [ 80.4271258, 16.302614 ], [ 80.4271258, 16.3026266 ] ] ] } },
{ "type": "Feature", "properties": { "label": "Pothole", "confidence": 0.33, "on_road": 1, "size_m": 1.4, "gt_road_overlap": 0.743, "gt_roof_overlap": 0.0 }, "geometry": { "type": "Polygon", "coordinates": [ [ [ 80.4273013, 16.3028756 ], [ 80.4273144, 16.3028756 ], [ 80.4273144, 16.3028648 ], [ 80.4273013, 16.3028647 ], [ 80.4273013, 16.3028756 ] ] ] } },
{ "type": "Feature", "properties": { "label": "Pothole", "confidence": 0.27, "on_road": 1, "size_m": 3.9, "gt_road_overlap": 0.604, "gt_roof_overlap": 0.0 }, "geometry": { "type": "Polygon", "coordinates": [ [ [ 80.4278331, 16.3028947 ], [ 80.4278693, 16.3028948 ], [ 80.4278694, 16.3028618 ], [ 80.4278332, 16.3028617 ], [ 80.4278331, 16.3028947 ] ] ] } },
{ "type": "Feature", "properties": { "label": "Pothole", "confidence": 0.25, "on_road": 0, "size_m": 0.8, "gt_road_overlap": 0.0, "gt_roof_overlap": 1.0 }, "geometry": { "type": "Polygon", "coordinates": [ [ [ 80.4279726, 16.3031798 ], [ 80.4279799, 16.3031798 ], [ 80.4279799, 16.3031737 ], [ 80.4279726, 16.3031736 ], [ 80.4279726, 16.3031798 ] ] ] } },
{ "type": "Feature", "properties": { "label": "Pothole", "confidence": 0.83, "on_road": 0, "size_m": 0.9, "gt_road_overlap": 0.0, "gt_roof_overlap": 0.0 }, "geometry": { "type": "Polygon", "coordinates": [ [ [ 80.4289397, 16.3030572 ], [ 80.4289479, 16.3030572 ], [ 80.4289479, 16.30305 ], [ 80.4289397, 16.30305 ], [ 80.4289397, 16.3030572 ] ] ] } },
{ "type": "Feature", "properties": { "label": "Pothole", "confidence": 0.74, "on_road": 1, "size_m": 0.6, "gt_road_overlap": 1.0, "gt_roof_overlap": 0.0 }, "geometry": { "type": "Polygon", "coordinates": [ [ [ 80.4288141, 16.302603 ], [ 80.4288195, 16.302603 ], [ 80.4288195, 16.3025979 ], [ 80.4288141, 16.3025979 ], [ 80.4288141, 16.302603 ] ] ] } },
{ "type": "Feature", "properties": { "label": "Pothole", "confidence": 0.62, "on_road": 0, "size_m": 4.0, "gt_road_overlap": 0.0, "gt_roof_overlap": 0.0 }, "geometry": { "type": "Polygon", "coordinates": [ [ [ 80.4292406, 16.3021995 ], [ 80.4292695, 16.3021996 ], [ 80.4292696, 16.3021636 ], [ 80.4292407, 16.3021635 ], [ 80.4292406, 16.3021995 ] ] ] } },
{ "type": "Feature", "properties": { "label": "Pothole", "confidence": 0.45, "on_road": 0, "size_m": 1.3, "gt_road_overlap": 0.0, "gt_roof_overlap": 1.0 }, "geometry": { "type": "Polygon", "coordinates": [ [ [ 80.4288869, 16.3027477 ], [ 80.4288973, 16.3027477 ], [ 80.4288974, 16.3027358 ], [ 80.4288869, 16.3027358 ], [ 80.4288869, 16.3027477 ] ] ] } },
{ "type": "Feature", "properties": { "label": "Pothole", "confidence": 0.44, "on_road": 0, "size_m": 1.4, "gt_road_overlap": 0.0, "gt_roof_overlap": 1.0 }, "geometry": { "type": "Polygon", "coordinates": [ [ [ 80.4290593, 16.302284 ], [ 80.4290728, 16.302284 ], [ 80.4290728, 16.3022741 ], [ 80.4290593, 16.302274 ], [ 80.4290593, 16.302284 ] ] ] } },
{ "type": "Feature", "properties": { "label": "Pothole", "confidence": 0.4, "on_road": 0, "size_m": 1.7, "gt_road_overlap": 0.0, "gt_roof_overlap": 1.0 }, "geometry": { "type": "Polygon", "coordinates": [ [ [ 80.4287339, 16.3027558 ], [ 80.4287496, 16.3027558 ], [ 80.4287496, 16.3027454 ], [ 80.4287339, 16.3027453 ], [ 80.4287339, 16.3027558 ] ] ] } },
{ "type": "Feature", "properties": { "label": "Pothole", "confidence": 0.39, "on_road": 0, "size_m": 1.3, "gt_road_overlap": 0.0, "gt_roof_overlap": 0.0 }, "geometry": { "type": "Polygon", "coordinates": [ [ [ 80.4288891, 16.3030057 ], [ 80.4288951, 16.3030057 ], [ 80.4288951, 16.3029938 ], [ 80.4288891, 16.3029938 ], [ 80.4288891, 16.3030057 ] ] ] } },
{ "type": "Feature", "properties": { "label": "Pothole", "confidence": 0.37, "on_road": 0, "size_m": 6.9, "gt_road_overlap": 0.0, "gt_roof_overlap": 0.96 }, "geometry": { "type": "Polygon", "coordinates": [ [ [ 80.4293507, 16.3022324 ], [ 80.4294155, 16.3022326 ], [ 80.4294156, 16.3022022 ], [ 80.4293508, 16.3022021 ], [ 80.4293507, 16.3022324 ] ] ] } },
{ "type": "Feature", "properties": { "label": "Pothole", "confidence": 0.37, "on_road": 1, "size_m": 3.5, "gt_road_overlap": 1.0, "gt_roof_overlap": 0.0 }, "geometry": { "type": "Polygon", "coordinates": [ [ [ 80.4282729, 16.3027757 ], [ 80.4283059, 16.3027758 ], [ 80.4283059, 16.30277 ], [ 80.4282729, 16.3027699 ], [ 80.4282729, 16.3027757 ] ] ] } },
{ "type": "Feature", "properties": { "label": "Pothole", "confidence": 0.36, "on_road": 0, "size_m": 1.0, "gt_road_overlap": 0.0, "gt_roof_overlap": 1.0 }, "geometry": { "type": "Polygon", "coordinates": [ [ [ 80.4290598, 16.3022454 ], [ 80.429069, 16.3022454 ], [ 80.429069, 16.3022375 ], [ 80.4290598, 16.3022374 ], [ 80.4290598, 16.3022454 ] ] ] } },
{ "type": "Feature", "properties": { "label": "Pothole", "confidence": 0.33, "on_road": 0, "size_m": 4.3, "gt_road_overlap": 0.918, "gt_roof_overlap": 0.0 }, "geometry": { "type": "Polygon", "coordinates": [ [ [ 80.4285396, 16.3026649 ], [ 80.4285801, 16.302665 ], [ 80.4285801, 16.3026429 ], [ 80.4285397, 16.3026428 ], [ 80.4285396, 16.3026649 ] ] ] } },
{ "type": "Feature", "properties": { "label": "Pothole", "confidence": 0.31, "on_road": 0, "size_m": 1.8, "gt_road_overlap": 0.0, "gt_roof_overlap": 1.0 }, "geometry": { "type": "Polygon", "coordinates": [ [ [ 80.4285712, 16.3032139 ], [ 80.428588, 16.3032139 ], [ 80.4285881, 16.3032067 ], [ 80.4285712, 16.3032066 ], [ 80.4285712, 16.3032139 ] ] ] } },
{ "type": "Feature", "properties": { "label": "Pothole", "confidence": 0.3, "on_road": 0, "size_m": 1.1, "gt_road_overlap": 0.0, "gt_roof_overlap": 1.0 }, "geometry": { "type": "Polygon", "coordinates": [ [ [ 80.4290902, 16.3021236 ], [ 80.4290986, 16.3021236 ], [ 80.4290986, 16.3021135 ], [ 80.4290902, 16.3021135 ], [ 80.4290902, 16.3021236 ] ] ] } },
{ "type": "Feature", "properties": { "label": "Pothole", "confidence": 0.29, "on_road": 0, "size_m": 1.2, "gt_road_overlap": 0.0, "gt_roof_overlap": 1.0 }, "geometry": { "type": "Polygon", "coordinates": [ [ [ 80.4292185, 16.3023099 ], [ 80.4292297, 16.3023099 ], [ 80.4292297, 16.3023023 ], [ 80.4292185, 16.3023023 ], [ 80.4292185, 16.3023099 ] ] ] } },
{ "type": "Feature", "properties": { "label": "Pothole", "confidence": 0.29, "on_road": 0, "size_m": 2.7, "gt_road_overlap": 0.0, "gt_roof_overlap": 1.0 }, "geometry": { "type": "Polygon", "coordinates": [ [ [ 80.42824, 16.3021188 ], [ 80.4282651, 16.3021189 ], [ 80.4282651, 16.3021008 ], [ 80.4282401, 16.3021007 ], [ 80.42824, 16.3021188 ] ] ] } },
{ "type": "Feature", "properties": { "label": "Pothole", "confidence": 0.28, "on_road": 0, "size_m": 3.5, "gt_road_overlap": 0.0, "gt_roof_overlap": 1.0 }, "geometry": { "type": "Polygon", "coordinates": [ [ [ 80.4288726, 16.3023177 ], [ 80.428895, 16.3023177 ], [ 80.4288951, 16.3022861 ], [ 80.4288727, 16.302286 ], [ 80.4288726, 16.3023177 ] ] ] } },
{ "type": "Feature", "properties": { "label": "Pothole", "confidence": 0.26, "on_road": 0, "size_m": 0.8, "gt_road_overlap": 0.0, "gt_roof_overlap": 1.0 }, "geometry": { "type": "Polygon", "coordinates": [ [ [ 80.4291916, 16.3023183 ], [ 80.4291994, 16.3023184 ], [ 80.4291994, 16.3023111 ], [ 80.4291916, 16.3023111 ], [ 80.4291916, 16.3023183 ] ] ] } },
{ "type": "Feature", "properties": { "label": "Pothole", "confidence": 0.26, "on_road": 0, "size_m": 0.9, "gt_road_overlap": 0.0, "gt_roof_overlap": 0.0 }, "geometry": { "type": "Polygon", "coordinates": [ [ [ 80.429457, 16.3029219 ], [ 80.4294656, 16.3029219 ], [ 80.4294656, 16.3029147 ], [ 80.429457, 16.3029147 ], [ 80.429457, 16.3029219 ] ] ] } },
{ "type": "Feature", "properties": { "label": "Pothole", "confidence": 0.25, "on_road": 1, "size_m": 0.8, "gt_road_overlap": 1.0, "gt_roof_overlap": 0.0 }, "geometry": { "type": "Polygon", "coordinates": [ [ [ 80.4287782, 16.3026394 ], [ 80.4287857, 16.3026394 ], [ 80.4287857, 16.3026318 ], [ 80.4287782, 16.3026318 ], [ 80.4287782, 16.3026394 ] ] ] } },
{ "type": "Feature", "properties": { "label": "Pothole", "confidence": 0.25, "on_road": 0, "size_m": 6.5, "gt_road_overlap": 0.0, "gt_roof_overlap": 1.0 }, "geometry": { "type": "Polygon", "coordinates": [ [ [ 80.4283712, 16.3026237 ], [ 80.4284322, 16.3026239 ], [ 80.4284323, 16.302599 ], [ 80.4283713, 16.3025988 ], [ 80.4283712, 16.3026237 ] ] ] } },
{ "type": "Feature", "properties": { "label": "Pothole", "confidence": 0.25, "on_road": 0, "size_m": 4.2, "gt_road_overlap": 0.06, "gt_roof_overlap": 0.082 }, "geometry": { "type": "Polygon", "coordinates": [ [ [ 80.4286978, 16.3026996 ], [ 80.4287369, 16.3026997 ], [ 80.428737, 16.3026787 ], [ 80.4286979, 16.3026786 ], [ 80.4286978, 16.3026996 ] ] ] } },
{ "type": "Feature", "properties": { "label": "Pothole", "confidence": 0.95, "on_road": 1, "size_m": 1.1, "gt_road_overlap": 1.0, "gt_roof_overlap": 0.0 }, "geometry": { "type": "Polygon", "coordinates": [ [ [ 80.4303855, 16.3022206 ], [ 80.4303933, 16.3022207 ], [ 80.4303934, 16.3022104 ], [ 80.4303855, 16.3022104 ], [ 80.4303855, 16.3022206 ] ] ] } },
{ "type": "Feature", "properties": { "label": "Pothole", "confidence": 0.65, "on_road": 1, "size_m": 2.6, "gt_road_overlap": 1.0, "gt_roof_overlap": 0.0 }, "geometry": { "type": "Polygon", "coordinates": [ [ [ 80.4300182, 16.3022066 ], [ 80.4300253, 16.3022066 ], [ 80.4300254, 16.3021831 ], [ 80.4300183, 16.3021831 ], [ 80.4300182, 16.3022066 ] ] ] } },
{ "type": "Feature", "properties": { "label": "Pothole", "confidence": 0.64, "on_road": 1, "size_m": 0.7, "gt_road_overlap": 1.0, "gt_roof_overlap": 0.0 }, "geometry": { "type": "Polygon", "coordinates": [ [ [ 80.4304302, 16.3023418 ], [ 80.4304347, 16.3023418 ], [ 80.4304348, 16.3023357 ], [ 80.4304303, 16.3023357 ], [ 80.4304302, 16.3023418 ] ] ] } },
{ "type": "Feature", "properties": { "label": "Pothole", "confidence": 0.62, "on_road": 1, "size_m": 1.0, "gt_road_overlap": 1.0, "gt_roof_overlap": 0.0 }, "geometry": { "type": "Polygon", "coordinates": [ [ [ 80.4307743, 16.303146 ], [ 80.4307832, 16.3031461 ], [ 80.4307833, 16.3031381 ], [ 80.4307743, 16.3031381 ], [ 80.4307743, 16.303146 ] ] ] } },
{ "type": "Feature", "properties": { "label": "Pothole", "confidence": 0.6, "on_road": 0, "size_m": 5.5, "gt_road_overlap": 0.0, "gt_roof_overlap": 1.0 }, "geometry": { "type": "Polygon", "coordinates": [ [ [ 80.4297949, 16.3022561 ], [ 80.4298174, 16.3022561 ], [ 80.4298175, 16.3022062 ], [ 80.4297951, 16.3022062 ], [ 80.4297949, 16.3022561 ] ] ] } },
{ "type": "Feature", "properties": { "label": "Pothole", "confidence": 0.56, "on_road": 1, "size_m": 1.4, "gt_road_overlap": 1.0, "gt_roof_overlap": 0.0 }, "geometry": { "type": "Polygon", "coordinates": [ [ [ 80.4299549, 16.3029925 ], [ 80.4299609, 16.3029925 ], [ 80.4299609, 16.3029799 ], [ 80.4299549, 16.3029798 ], [ 80.4299549, 16.3029925 ] ] ] } },
{ "type": "Feature", "properties": { "label": "Pothole", "confidence": 0.51, "on_road": 0, "size_m": 4.0, "gt_road_overlap": 0.0, "gt_roof_overlap": 1.0 }, "geometry": { "type": "Polygon", "coordinates": [ [ [ 80.4302905, 16.3025582 ], [ 80.4303283, 16.3025583 ], [ 80.4303284, 16.3025366 ], [ 80.4302906, 16.3025365 ], [ 80.4302905, 16.3025582 ] ] ] } },
{ "type": "Feature", "properties": { "label": "Pothole", "confidence": 0.47, "on_road": 0, "size_m": 3.9, "gt_road_overlap": 0.0, "gt_roof_overlap": 1.0 }, "geometry": { "type": "Polygon", "coordinates": [ [ [ 80.4298305, 16.3022486 ], [ 80.4298672, 16.3022487 ], [ 80.4298673, 16.302219 ], [ 80.4298306, 16.3022189 ], [ 80.4298305, 16.3022486 ] ] ] } },
{ "type": "Feature", "properties": { "label": "Pothole", "confidence": 0.43, "on_road": 1, "size_m": 0.9, "gt_road_overlap": 1.0, "gt_roof_overlap": 0.0 }, "geometry": { "type": "Polygon", "coordinates": [ [ [ 80.4305633, 16.3025608 ], [ 80.4305715, 16.3025608 ], [ 80.4305715, 16.3025528 ], [ 80.4305633, 16.3025528 ], [ 80.4305633, 16.3025608 ] ] ] } },
{ "type": "Feature", "properties": { "label": "Pothole", "confidence": 0.43, "on_road": 1, "size_m": 1.0, "gt_road_overlap": 1.0, "gt_roof_overlap": 0.0 }, "geometry": { "type": "Polygon", "coordinates": [ [ [ 80.4304409, 16.3023473 ], [ 80.4304484, 16.3023473 ], [ 80.4304484, 16.3023379 ], [ 80.4304409, 16.3023379 ], [ 80.4304409, 16.3023473 ] ] ] } },
{ "type": "Feature", "properties": { "label": "Pothole", "confidence": 0.43, "on_road": 0, "size_m": 0.7, "gt_road_overlap": 0.0, "gt_roof_overlap": 1.0 }, "geometry": { "type": "Polygon", "coordinates": [ [ [ 80.4303147, 16.3022963 ], [ 80.4303207, 16.3022963 ], [ 80.4303207, 16.3022904 ], [ 80.4303147, 16.3022904 ], [ 80.4303147, 16.3022963 ] ] ] } },
{ "type": "Feature", "properties": { "label": "Pothole", "confidence": 0.42, "on_road": 0, "size_m": 1.4, "gt_road_overlap": 0.0, "gt_roof_overlap": 1.0 }, "geometry": { "type": "Polygon", "coordinates": [ [ [ 80.4302757, 16.3023034 ], [ 80.4302884, 16.3023034 ], [ 80.4302885, 16.3022906 ], [ 80.4302758, 16.3022905 ], [ 80.4302757, 16.3023034 ] ] ] } },
{ "type": "Feature", "properties": { "label": "Pothole", "confidence": 0.4, "on_road": 1, "size_m": 1.3, "gt_road_overlap": 1.0, "gt_roof_overlap": 0.0 }, "geometry": { "type": "Polygon", "coordinates": [ [ [ 80.4304022, 16.3022137 ], [ 80.4304095, 16.3022137 ], [ 80.4304095, 16.3022019 ], [ 80.4304022, 16.3022019 ], [ 80.4304022, 16.3022137 ] ] ] } },
{ "type": "Feature", "properties": { "label": "Pothole", "confidence": 0.38, "on_road": 1, "size_m": 0.7, "gt_road_overlap": 1.0, "gt_roof_overlap": 0.0 }, "geometry": { "type": "Polygon", "coordinates": [ [ [ 80.4306124, 16.3027817 ], [ 80.430618, 16.3027817 ], [ 80.4306181, 16.3027752 ], [ 80.4306125, 16.3027752 ], [ 80.4306124, 16.3027817 ] ] ] } },
{ "type": "Feature", "properties": { "label": "Pothole", "confidence": 0.36, "on_road": 0, "size_m": 1.2, "gt_road_overlap": 1.0, "gt_roof_overlap": 1.0 }, "geometry": { "type": "Polygon", "coordinates": [ [ [ 80.4304275, 16.3025863 ], [ 80.4304353, 16.3025863 ], [ 80.4304354, 16.3025758 ], [ 80.4304275, 16.3025758 ], [ 80.4304275, 16.3025863 ] ] ] } },
{ "type": "Feature", "properties": { "label": "Pothole", "confidence": 0.35, "on_road": 1, "size_m": 0.6, "gt_road_overlap": 1.0, "gt_roof_overlap": 0.0 }, "geometry": { "type": "Polygon", "coordinates": [ [ [ 80.4306157, 16.3027696 ], [ 80.4306213, 16.3027696 ], [ 80.4306213, 16.3027652 ], [ 80.4306157, 16.3027652 ], [ 80.4306157, 16.3027696 ] ] ] } },
{ "type": "Feature", "properties": { "label": "Pothole", "confidence": 0.35, "on_road": 1, "size_m": 1.4, "gt_road_overlap": 1.0, "gt_roof_overlap": 0.0 }, "geometry": { "type": "Polygon", "coordinates": [ [ [ 80.4304479, 16.3023312 ], [ 80.4304572, 16.3023312 ], [ 80.4304573, 16.3023189 ], [ 80.4304479, 16.3023189 ], [ 80.4304479, 16.3023312 ] ] ] } },
{ "type": "Feature", "properties": { "label": "Pothole", "confidence": 0.34, "on_road": 0, "size_m": 0.9, "gt_road_overlap": 0.0, "gt_roof_overlap": 0.0 }, "geometry": { "type": "Polygon", "coordinates": [ [ [ 80.4303078, 16.3027217 ], [ 80.4303161, 16.3027217 ], [ 80.4303161, 16.3027152 ], [ 80.4303079, 16.3027152 ], [ 80.4303078, 16.3027217 ] ] ] } },
{ "type": "Feature", "properties": { "label": "Pothole", "confidence": 0.31, "on_road": 1, "size_m": 2.5, "gt_road_overlap": 1.0, "gt_roof_overlap": 0.0 }, "geometry": { "type": "Polygon", "coordinates": [ [ [ 80.4303505, 16.3021635 ], [ 80.430367, 16.3021636 ], [ 80.4303671, 16.3021412 ], [ 80.4303506, 16.3021411 ], [ 80.4303505, 16.3021635 ] ] ] } },
{ "type": "Feature", "properties": { "label": "Pothole", "confidence": 0.31, "on_road": 1, "size_m": 2.8, "gt_road_overlap": 1.0, "gt_roof_overlap": 0.0 }, "geometry": { "type": "Polygon", "coordinates": [ [ [ 80.4297859, 16.3025099 ], [ 80.4298124, 16.3025099 ], [ 80.4298125, 16.3024853 ], [ 80.4297859, 16.3024853 ], [ 80.4297859, 16.3025099 ] ] ] } },
{ "type": "Feature", "properties": { "label": "Pothole", "confidence": 0.26, "on_road": 0, "size_m": 1.5, "gt_road_overlap": 0.0, "gt_roof_overlap": 1.0 }, "geometry": { "type": "Polygon", "coordinates": [ [ [ 80.4307767, 16.3021003 ], [ 80.4307887, 16.3021004 ], [ 80.4307887, 16.3020866 ], [ 80.4307767, 16.3020866 ], [ 80.4307767, 16.3021003 ] ] ] } },
{ "type": "Feature", "properties": { "label": "Pothole", "confidence": 0.74, "on_road": 1, "size_m": 0.7, "gt_road_overlap": 1.0, "gt_roof_overlap": 0.0 }, "geometry": { "type": "Polygon", "coordinates": [ [ [ 80.4319226, 16.3031395 ], [ 80.4319267, 16.3031396 ], [ 80.4319267, 16.3031334 ], [ 80.4319226, 16.3031334 ], [ 80.4319226, 16.3031395 ] ] ] } },
{ "type": "Feature", "properties": { "label": "Pothole", "confidence": 0.63, "on_road": 1, "size_m": 1.1, "gt_road_overlap": 1.0, "gt_roof_overlap": 0.0 }, "geometry": { "type": "Polygon", "coordinates": [ [ [ 80.4319975, 16.3031262 ], [ 80.432005, 16.3031262 ], [ 80.432005, 16.3031161 ], [ 80.4319976, 16.3031161 ], [ 80.4319975, 16.3031262 ] ] ] } },
{ "type": "Feature", "properties": { "label": "Pothole", "confidence": 0.57, "on_road": 0, "size_m": 1.1, "gt_road_overlap": 0.0, "gt_roof_overlap": 0.0 }, "geometry": { "type": "Polygon", "coordinates": [ [ [ 80.4318271, 16.3021861 ], [ 80.4318342, 16.3021861 ], [ 80.4318342, 16.3021764 ], [ 80.4318271, 16.3021764 ], [ 80.4318271, 16.3021861 ] ] ] } },
{ "type": "Feature", "properties": { "label": "Pothole", "confidence": 0.46, "on_road": 0, "size_m": 1.4, "gt_road_overlap": 0.0, "gt_roof_overlap": 0.0 }, "geometry": { "type": "Polygon", "coordinates": [ [ [ 80.4317117, 16.302001 ], [ 80.4317213, 16.3020011 ], [ 80.4317213, 16.3019884 ], [ 80.4317118, 16.3019884 ], [ 80.4317117, 16.302001 ] ] ] } },
{ "type": "Feature", "properties": { "label": "Pothole", "confidence": 0.46, "on_road": 1, "size_m": 1.1, "gt_road_overlap": 0.774, "gt_roof_overlap": 0.0 }, "geometry": { "type": "Polygon", "coordinates": [ [ [ 80.4313182, 16.3030372 ], [ 80.4313257, 16.3030372 ], [ 80.4313257, 16.3030271 ], [ 80.4313182, 16.3030271 ], [ 80.4313182, 16.3030372 ] ] ] } },
{ "type": "Feature", "properties": { "label": "Pothole", "confidence": 0.45, "on_road": 1, "size_m": 2.2, "gt_road_overlap": 0.772, "gt_roof_overlap": 0.0 }, "geometry": { "type": "Polygon", "coordinates": [ [ [ 80.4317714, 16.3021486 ], [ 80.4317813, 16.3021487 ], [ 80.4317814, 16.3021291 ], [ 80.4317714, 16.3021291 ], [ 80.4317714, 16.3021486 ] ] ] } },
{ "type": "Feature", "properties": { "label": "Pothole", "confidence": 0.42, "on_road": 1, "size_m": 3.7, "gt_road_overlap": 1.0, "gt_roof_overlap": 0.0 }, "geometry": { "type": "Polygon", "coordinates": [ [ [ 80.4308917, 16.3020305 ], [ 80.4309089, 16.3020305 ], [ 80.430909, 16.3019973 ], [ 80.4308918, 16.3019972 ], [ 80.4308917, 16.3020305 ] ] ] } },
{ "type": "Feature", "properties": { "label": "Pothole", "confidence": 0.39, "on_road": 0, "size_m": 6.4, "gt_road_overlap": 0.0, "gt_roof_overlap": 1.0 }, "geometry": { "type": "Polygon", "coordinates": [ [ [ 80.4316709, 16.3029931 ], [ 80.4317308, 16.3029932 ], [ 80.4317309, 16.3029581 ], [ 80.431671, 16.3029579 ], [ 80.4316709, 16.3029931 ] ] ] } },
{ "type": "Feature", "properties": { "label": "Pothole", "confidence": 0.36, "on_road": 0, "size_m": 3.7, "gt_road_overlap": 0.0, "gt_roof_overlap": 0.0 }, "geometry": { "type": "Polygon", "coordinates": [ [ [ 80.4318369, 16.3023411 ], [ 80.4318616, 16.3023412 ], [ 80.4318617, 16.3023077 ], [ 80.431837, 16.3023077 ], [ 80.4318369, 16.3023411 ] ] ] } },
{ "type": "Feature", "properties": { "label": "Pothole", "confidence": 0.36, "on_road": 0, "size_m": 0.8, "gt_road_overlap": 0.0, "gt_roof_overlap": 1.0 }, "geometry": { "type": "Polygon", "coordinates": [ [ [ 80.4308114, 16.3026932 ], [ 80.4308159, 16.3026933 ], [ 80.4308159, 16.302686 ], [ 80.4308114, 16.302686 ], [ 80.4308114, 16.3026932 ] ] ] } },
{ "type": "Feature", "properties": { "label": "Pothole", "confidence": 0.32, "on_road": 1, "size_m": 1.0, "gt_road_overlap": 1.0, "gt_roof_overlap": 0.0 }, "geometry": { "type": "Polygon", "coordinates": [ [ [ 80.4313614, 16.3030302 ], [ 80.4313702, 16.3030303 ], [ 80.4313703, 16.3030216 ], [ 80.4313614, 16.3030216 ], [ 80.4313614, 16.3030302 ] ] ] } },
{ "type": "Feature", "properties": { "label": "Pothole", "confidence": 0.3, "on_road": 1, "size_m": 1.0, "gt_road_overlap": 1.0, "gt_roof_overlap": 0.0 }, "geometry": { "type": "Polygon", "coordinates": [ [ [ 80.4317359, 16.3032295 ], [ 80.4317452, 16.3032296 ], [ 80.4317453, 16.3032238 ], [ 80.4317359, 16.3032237 ], [ 80.4317359, 16.3032295 ] ] ] } },
{ "type": "Feature", "properties": { "label": "Pothole", "confidence": 0.28, "on_road": 0, "size_m": 0.7, "gt_road_overlap": 0.0, "gt_roof_overlap": 1.0 }, "geometry": { "type": "Polygon", "coordinates": [ [ [ 80.4313975, 16.3028874 ], [ 80.4314038, 16.3028874 ], [ 80.4314038, 16.3028823 ], [ 80.4313975, 16.3028823 ], [ 80.4313975, 16.3028874 ] ] ] } },
{ "type": "Feature", "properties": { "label": "Pothole", "confidence": 0.27, "on_road": 0, "size_m": 1.0, "gt_road_overlap": 0.0, "gt_roof_overlap": 1.0 }, "geometry": { "type": "Polygon", "coordinates": [ [ [ 80.4310332, 16.3027051 ], [ 80.4310429, 16.3027051 ], [ 80.4310429, 16.3026987 ], [ 80.4310332, 16.3026987 ], [ 80.4310332, 16.3027051 ] ] ] } },
{ "type": "Feature", "properties": { "label": "Pothole", "confidence": 0.26, "on_road": 1, "size_m": 1.7, "gt_road_overlap": 0.411, "gt_roof_overlap": 0.0 }, "geometry": { "type": "Polygon", "coordinates": [ [ [ 80.4312414, 16.3027338 ], [ 80.4312515, 16.3027338 ], [ 80.4312516, 16.3027183 ], [ 80.4312414, 16.3027183 ], [ 80.4312414, 16.3027338 ] ] ] } },
{ "type": "Feature", "properties": { "label": "Pothole", "confidence": 0.25, "on_road": 0, "size_m": 1.0, "gt_road_overlap": 0.0, "gt_roof_overlap": 0.0 }, "geometry": { "type": "Polygon", "coordinates": [ [ [ 80.4318676, 16.3022269 ], [ 80.431876, 16.3022269 ], [ 80.431876, 16.3022183 ], [ 80.4318676, 16.3022182 ], [ 80.4318676, 16.3022269 ] ] ] } },
{ "type": "Feature", "properties": { "label": "Pothole", "confidence": 0.69, "on_road": 1, "size_m": 0.8, "gt_road_overlap": 1.0, "gt_roof_overlap": 0.0 }, "geometry": { "type": "Polygon", "coordinates": [ [ [ 80.4333445, 16.3021412 ], [ 80.4333524, 16.3021412 ], [ 80.4333524, 16.3021358 ], [ 80.4333445, 16.3021358 ], [ 80.4333445, 16.3021412 ] ] ] } },
{ "type": "Feature", "properties": { "label": "Pothole", "confidence": 0.58, "on_road": 0, "size_m": 1.8, "gt_road_overlap": 0.0, "gt_roof_overlap": 0.0 }, "geometry": { "type": "Polygon", "coordinates": [ [ [ 80.4329254, 16.302437 ], [ 80.4329337, 16.302437 ], [ 80.4329337, 16.3024211 ], [ 80.4329255, 16.302421 ], [ 80.4329254, 16.302437 ] ] ] } },
{ "type": "Feature", "properties": { "label": "Pothole", "confidence": 0.52, "on_road": 0, "size_m": 1.6, "gt_road_overlap": 0.0, "gt_roof_overlap": 1.0 }, "geometry": { "type": "Polygon", "coordinates": [ [ [ 80.4332565, 16.3025163 ], [ 80.4332705, 16.3025163 ], [ 80.4332706, 16.3025022 ], [ 80.4332565, 16.3025022 ], [ 80.4332565, 16.3025163 ] ] ] } },
{ "type": "Feature", "properties": { "label": "Pothole", "confidence": 0.49, "on_road": 1, "size_m": 3.0, "gt_road_overlap": 1.0, "gt_roof_overlap": 0.0 }, "geometry": { "type": "Polygon", "coordinates": [ [ [ 80.4331998, 16.3028519 ], [ 80.4332111, 16.3028519 ], [ 80.4332112, 16.3028248 ], [ 80.4331999, 16.3028248 ], [ 80.4331998, 16.3028519 ] ] ] } },
{ "type": "Feature", "properties": { "label": "Pothole", "confidence": 0.48, "on_road": 0, "size_m": 5.6, "gt_road_overlap": 1.0, "gt_roof_overlap": 0.0 }, "geometry": { "type": "Polygon", "coordinates": [ [ [ 80.4331998, 16.3028741 ], [ 80.4332152, 16.3028742 ], [ 80.4332153, 16.3028239 ], [ 80.4331999, 16.3028239 ], [ 80.4331998, 16.3028741 ] ] ] } },
{ "type": "Feature", "properties": { "label": "Pothole", "confidence": 0.45, "on_road": 0, "size_m": 5.0, "gt_road_overlap": 0.0, "gt_roof_overlap": 0.856 }, "geometry": { "type": "Polygon", "coordinates": [ [ [ 80.4331517, 16.3023915 ], [ 80.4331989, 16.3023917 ], [ 80.433199, 16.302362 ], [ 80.4331518, 16.3023619 ], [ 80.4331517, 16.3023915 ] ] ] } },
{ "type": "Feature", "properties": { "label": "Pothole", "confidence": 0.4, "on_road": 0, "size_m": 1.3, "gt_road_overlap": 0.0, "gt_roof_overlap": 0.054 }, "geometry": { "type": "Polygon", "coordinates": [ [ [ 80.4323941, 16.3030893 ], [ 80.4324011, 16.3030893 ], [ 80.4324011, 16.3030777 ], [ 80.4323941, 16.3030777 ], [ 80.4323941, 16.3030893 ] ] ] } },
{ "type": "Feature", "properties": { "label": "Pothole", "confidence": 0.38, "on_road": 0, "size_m": 1.1, "gt_road_overlap": 0.0, "gt_roof_overlap": 1.0 }, "geometry": { "type": "Polygon", "coordinates": [ [ [ 80.4324025, 16.3028525 ], [ 80.4324092, 16.3028525 ], [ 80.4324092, 16.3028424 ], [ 80.4324026, 16.3028423 ], [ 80.4324025, 16.3028525 ] ] ] } },
{ "type": "Feature", "properties": { "label": "Pothole", "confidence": 0.38, "on_road": 0, "size_m": 1.2, "gt_road_overlap": 0.0, "gt_roof_overlap": 1.0 }, "geometry": { "type": "Polygon", "coordinates": [ [ [ 80.4330501, 16.302035 ], [ 80.4330616, 16.302035 ], [ 80.4330616, 16.3020282 ], [ 80.4330501, 16.3020281 ], [ 80.4330501, 16.302035 ] ] ] } },
{ "type": "Feature", "properties": { "label": "Pothole", "confidence": 0.38, "on_road": 0, "size_m": 1.0, "gt_road_overlap": 0.0, "gt_roof_overlap": 0.0 }, "geometry": { "type": "Polygon", "coordinates": [ [ [ 80.4323867, 16.3024153 ], [ 80.4323957, 16.3024153 ], [ 80.4323957, 16.3024066 ], [ 80.4323867, 16.3024066 ], [ 80.4323867, 16.3024153 ] ] ] } },
{ "type": "Feature", "properties": { "label": "Pothole", "confidence": 0.36, "on_road": 1, "size_m": 1.7, "gt_road_overlap": 1.0, "gt_roof_overlap": 0.0 }, "geometry": { "type": "Polygon", "coordinates": [ [ [ 80.4327195, 16.3029345 ], [ 80.43273, 16.3029345 ], [ 80.43273, 16.3029188 ], [ 80.4327195, 16.3029188 ], [ 80.4327195, 16.3029345 ] ] ] } },
{ "type": "Feature", "properties": { "label": "Pothole", "confidence": 0.36, "on_road": 1, "size_m": 1.0, "gt_road_overlap": 1.0, "gt_roof_overlap": 0.0 }, "geometry": { "type": "Polygon", "coordinates": [ [ [ 80.4321884, 16.302711 ], [ 80.4321955, 16.3027111 ], [ 80.4321955, 16.302702 ], [ 80.4321884, 16.302702 ], [ 80.4321884, 16.302711 ] ] ] } },
{ "type": "Feature", "properties": { "label": "Pothole", "confidence": 0.32, "on_road": 0, "size_m": 2.2, "gt_road_overlap": 0.0, "gt_roof_overlap": 0.0 }, "geometry": { "type": "Polygon", "coordinates": [ [ [ 80.432372, 16.3028877 ], [ 80.4323921, 16.3028878 ], [ 80.4323922, 16.3028737 ], [ 80.432372, 16.3028736 ], [ 80.432372, 16.3028877 ] ] ] } },
{ "type": "Feature", "properties": { "label": "Pothole", "confidence": 0.32, "on_road": 0, "size_m": 11.0, "gt_road_overlap": 1.0, "gt_roof_overlap": 0.0 }, "geometry": { "type": "Polygon", "coordinates": [ [ [ 80.4334257, 16.30269 ], [ 80.433529, 16.3026902 ], [ 80.4335291, 16.302661 ], [ 80.4334258, 16.3026607 ], [ 80.4334257, 16.30269 ] ] ] } },
{ "type": "Feature", "properties": { "label": "Pothole", "confidence": 0.29, "on_road": 1, "size_m": 0.9, "gt_road_overlap": 0.949, "gt_roof_overlap": 0.0 }, "geometry": { "type": "Polygon", "coordinates": [ [ [ 80.4325844, 16.3025637 ], [ 80.4325926, 16.3025637 ], [ 80.4325926, 16.3025579 ], [ 80.4325844, 16.3025579 ], [ 80.4325844, 16.3025637 ] ] ] } },
{ "type": "Feature", "properties": { "label": "Pothole", "confidence": 0.29, "on_road": 1, "size_m": 0.6, "gt_road_overlap": 1.0, "gt_roof_overlap": 0.0 }, "geometry": { "type": "Polygon", "coordinates": [ [ [ 80.4321647, 16.3027607 ], [ 80.43217, 16.3027607 ], [ 80.43217, 16.3027553 ], [ 80.4321647, 16.3027553 ], [ 80.4321647, 16.3027607 ] ] ] } },
{ "type": "Feature", "properties": { "label": "Pothole", "confidence": 0.29, "on_road": 1, "size_m": 2.4, "gt_road_overlap": 1.0, "gt_roof_overlap": 0.0 }, "geometry": { "type": "Polygon", "coordinates": [ [ [ 80.4327428, 16.3028988 ], [ 80.4327651, 16.3028988 ], [ 80.4327651, 16.3028836 ], [ 80.4327428, 16.3028836 ], [ 80.4327428, 16.3028988 ] ] ] } },
{ "type": "Feature", "properties": { "label": "Pothole", "confidence": 0.27, "on_road": 0, "size_m": 1.9, "gt_road_overlap": 0.0, "gt_roof_overlap": 1.0 }, "geometry": { "type": "Polygon", "coordinates": [ [ [ 80.4333434, 16.3030242 ], [ 80.433361, 16.3030242 ], [ 80.433361, 16.3030099 ], [ 80.4333434, 16.3030099 ], [ 80.4333434, 16.3030242 ] ] ] } },
{ "type": "Feature", "properties": { "label": "Pothole", "confidence": 0.51, "on_road": 0, "size_m": 1.6, "gt_road_overlap": 0.0, "gt_roof_overlap": 0.685 }, "geometry": { "type": "Polygon", "coordinates": [ [ [ 80.4346998, 16.3029615 ], [ 80.4347125, 16.3029615 ], [ 80.4347125, 16.3029471 ], [ 80.4346998, 16.302947 ], [ 80.4346998, 16.3029615 ] ] ] } },
{ "type": "Feature", "properties": { "label": "Pothole", "confidence": 0.32, "on_road": 1, "size_m": 0.6, "gt_road_overlap": 1.0, "gt_roof_overlap": 0.0 }, "geometry": { "type": "Polygon", "coordinates": [ [ [ 80.4340571, 16.3029159 ], [ 80.4340627, 16.3029159 ], [ 80.4340627, 16.3029107 ], [ 80.4340571, 16.3029107 ], [ 80.4340571, 16.3029159 ] ] ] } },
{ "type": "Feature", "properties": { "label": "Pothole", "confidence": 0.31, "on_road": 0, "size_m": 4.5, "gt_road_overlap": 1.0, "gt_roof_overlap": 0.0 }, "geometry": { "type": "Polygon", "coordinates": [ [ [ 80.4335489, 16.3020908 ], [ 80.4335908, 16.3020909 ], [ 80.4335909, 16.302071 ], [ 80.433549, 16.3020709 ], [ 80.4335489, 16.3020908 ] ] ] } },
{ "type": "Feature", "properties": { "label": "Pothole", "confidence": 0.3, "on_road": 1, "size_m": 0.8, "gt_road_overlap": 1.0, "gt_roof_overlap": 0.0 }, "geometry": { "type": "Polygon", "coordinates": [ [ [ 80.434746, 16.3021303 ], [ 80.4347512, 16.3021303 ], [ 80.4347512, 16.3021227 ], [ 80.434746, 16.3021227 ], [ 80.434746, 16.3021303 ] ] ] } },
{ "type": "Feature", "properties": { "label": "Pothole", "confidence": 0.3, "on_road": 0, "size_m": 3.5, "gt_road_overlap": 0.275, "gt_roof_overlap": 0.273 }, "geometry": { "type": "Polygon", "coordinates": [ [ [ 80.4335022, 16.302626 ], [ 80.4335346, 16.3026261 ], [ 80.4335347, 16.3026058 ], [ 80.4335023, 16.3026057 ], [ 80.4335022, 16.302626 ] ] ] } },
{ "type": "Feature", "properties": { "label": "Longitudinal crack", "confidence": 0.3, "on_road": 0, "size_m": 16.9, "gt_road_overlap": 0.0, "gt_roof_overlap": 1.0 }, "geometry": { "type": "Polygon", "coordinates": [ [ [ 80.4334879, 16.3025923 ], [ 80.4335201, 16.3025924 ], [ 80.4335206, 16.3024395 ], [ 80.4334884, 16.3024394 ], [ 80.4334879, 16.3025923 ] ] ] } },
{ "type": "Feature", "properties": { "label": "Pothole", "confidence": 0.4, "on_road": 1, "size_m": 0.8, "gt_road_overlap": 1.0, "gt_roof_overlap": 0.0 }, "geometry": { "type": "Polygon", "coordinates": [ [ [ 80.4357964, 16.3027086 ], [ 80.4358024, 16.3027086 ], [ 80.4358024, 16.302701 ], [ 80.4357964, 16.302701 ], [ 80.4357964, 16.3027086 ] ] ] } },
{ "type": "Feature", "properties": { "label": "Pothole", "confidence": 0.38, "on_road": 0, "size_m": 0.6, "gt_road_overlap": 0.0, "gt_roof_overlap": 0.225 }, "geometry": { "type": "Polygon", "coordinates": [ [ [ 80.435095, 16.3027429 ], [ 80.4350995, 16.3027429 ], [ 80.4350995, 16.3027371 ], [ 80.4350951, 16.3027371 ], [ 80.435095, 16.3027429 ] ] ] } },
{ "type": "Feature", "properties": { "label": "Pothole", "confidence": 0.36, "on_road": 1, "size_m": 0.8, "gt_road_overlap": 1.0, "gt_roof_overlap": 0.0 }, "geometry": { "type": "Polygon", "coordinates": [ [ [ 80.4348868, 16.3030337 ], [ 80.434892, 16.3030337 ], [ 80.434892, 16.3030266 ], [ 80.4348868, 16.3030266 ], [ 80.4348868, 16.3030337 ] ] ] } },
{ "type": "Feature", "properties": { "label": "Alligator crack", "confidence": 0.35, "on_road": 0, "size_m": 2.4, "gt_road_overlap": 0.0, "gt_roof_overlap": 1.0 }, "geometry": { "type": "Polygon", "coordinates": [ [ [ 80.4360948, 16.3020722 ], [ 80.4361176, 16.3020722 ], [ 80.4361177, 16.3020528 ], [ 80.4360948, 16.3020527 ], [ 80.4360948, 16.3020722 ] ] ] } },
{ "type": "Feature", "properties": { "label": "Pothole", "confidence": 0.74, "on_road": 1, "size_m": 2.3, "gt_road_overlap": 1.0, "gt_roof_overlap": 0.0 }, "geometry": { "type": "Polygon", "coordinates": [ [ [ 80.4362756, 16.3025869 ], [ 80.4362974, 16.302587 ], [ 80.4362974, 16.3025743 ], [ 80.4362757, 16.3025743 ], [ 80.4362756, 16.3025869 ] ] ] } },
{ "type": "Feature", "properties": { "label": "Pothole", "confidence": 0.68, "on_road": 0, "size_m": 3.4, "gt_road_overlap": 0.0, "gt_roof_overlap": 0.105 }, "geometry": { "type": "Polygon", "coordinates": [ [ [ 80.4364739, 16.3024913 ], [ 80.4364973, 16.3024913 ], [ 80.4364974, 16.3024602 ], [ 80.436474, 16.3024602 ], [ 80.4364739, 16.3024913 ] ] ] } },
{ "type": "Feature", "properties": { "label": "Pothole", "confidence": 0.63, "on_road": 0, "size_m": 0.8, "gt_road_overlap": 0.0, "gt_roof_overlap": 1.0 }, "geometry": { "type": "Polygon", "coordinates": [ [ [ 80.4372673, 16.3023834 ], [ 80.4372752, 16.3023834 ], [ 80.4372752, 16.3023767 ], [ 80.4372673, 16.3023767 ], [ 80.4372673, 16.3023834 ] ] ] } },
{ "type": "Feature", "properties": { "label": "Pothole", "confidence": 0.43, "on_road": 1, "size_m": 0.9, "gt_road_overlap": 1.0, "gt_roof_overlap": 0.0 }, "geometry": { "type": "Polygon", "coordinates": [ [ [ 80.4364529, 16.3025646 ], [ 80.4364609, 16.3025647 ], [ 80.436461, 16.3025603 ], [ 80.4364529, 16.3025603 ], [ 80.4364529, 16.3025646 ] ] ] } },
{ "type": "Feature", "properties": { "label": "Longitudinal crack", "confidence": 0.38, "on_road": 0, "size_m": 1.7, "gt_road_overlap": 0.0, "gt_roof_overlap": 0.0 }, "geometry": { "type": "Polygon", "coordinates": [ [ [ 80.4372073, 16.3031951 ], [ 80.437223, 16.3031951 ], [ 80.4372231, 16.3031875 ], [ 80.4372073, 16.3031875 ], [ 80.4372073, 16.3031951 ] ] ] } },
{ "type": "Feature", "properties": { "label": "Repaired patch", "confidence": 0.38, "on_road": 0, "size_m": 9.9, "gt_road_overlap": 0.0, "gt_roof_overlap": 0.858 }, "geometry": { "type": "Polygon", "coordinates": [ [ [ 80.4362819, 16.302756 ], [ 80.4363747, 16.3027563 ], [ 80.4363748, 16.3027355 ], [ 80.436282, 16.3027352 ], [ 80.4362819, 16.302756 ] ] ] } },
{ "type": "Feature", "properties": { "label": "Pothole", "confidence": 0.34, "on_road": 0, "size_m": 7.7, "gt_road_overlap": 0.895, "gt_roof_overlap": 0.612 }, "geometry": { "type": "Polygon", "coordinates": [ [ [ 80.4372278, 16.3024337 ], [ 80.4372998, 16.3024338 ], [ 80.4372999, 16.3023973 ], [ 80.4372279, 16.3023971 ], [ 80.4372278, 16.3024337 ] ] ] } },
{ "type": "Feature", "properties": { "label": "Pothole", "confidence": 0.33, "on_road": 0, "size_m": 0.6, "gt_road_overlap": 0.0, "gt_roof_overlap": 0.0 }, "geometry": { "type": "Polygon", "coordinates": [ [ [ 80.4371457, 16.302206 ], [ 80.4371514, 16.302206 ], [ 80.4371514, 16.3022006 ], [ 80.4371458, 16.3022005 ], [ 80.4371457, 16.302206 ] ] ] } },
{ "type": "Feature", "properties": { "label": "Pothole", "confidence": 0.26, "on_road": 0, "size_m": 1.9, "gt_road_overlap": 0.0, "gt_roof_overlap": 0.0 }, "geometry": { "type": "Polygon", "coordinates": [ [ [ 80.4374661, 16.3021736 ], [ 80.4374781, 16.3021736 ], [ 80.4374782, 16.3021562 ], [ 80.4374662, 16.3021562 ], [ 80.4374661, 16.3021736 ] ] ] } },
{ "type": "Feature", "properties": { "label": "Longitudinal crack", "confidence": 0.26, "on_road": 0, "size_m": 1.4, "gt_road_overlap": 0.0, "gt_roof_overlap": 0.0 }, "geometry": { "type": "Polygon", "coordinates": [ [ [ 80.4372114, 16.3032012 ], [ 80.4372241, 16.3032012 ], [ 80.4372242, 16.3031932 ], [ 80.4372114, 16.3031932 ], [ 80.4372114, 16.3032012 ] ] ] } },
{ "type": "Feature", "properties": { "label": "Pothole", "confidence": 0.72, "on_road": 1, "size_m": 1.8, "gt_road_overlap": 1.0, "gt_roof_overlap": 0.0 }, "geometry": { "type": "Polygon", "coordinates": [ [ [ 80.4378459, 16.3024233 ], [ 80.437863, 16.3024234 ], [ 80.437863, 16.3024084 ], [ 80.437846, 16.3024083 ], [ 80.4378459, 16.3024233 ] ] ] } },
{ "type": "Feature", "properties": { "label": "Pothole", "confidence": 0.56, "on_road": 0, "size_m": 2.4, "gt_road_overlap": 0.0, "gt_roof_overlap": 1.0 }, "geometry": { "type": "Polygon", "coordinates": [ [ [ 80.438312, 16.3026251 ], [ 80.4383269, 16.3026251 ], [ 80.438327, 16.3026031 ], [ 80.438312, 16.302603 ], [ 80.438312, 16.3026251 ] ] ] } },
{ "type": "Feature", "properties": { "label": "Pothole", "confidence": 0.47, "on_road": 1, "size_m": 0.8, "gt_road_overlap": 1.0, "gt_roof_overlap": 0.0 }, "geometry": { "type": "Polygon", "coordinates": [ [ [ 80.4385978, 16.303219 ], [ 80.4386048, 16.3032191 ], [ 80.4386048, 16.3032115 ], [ 80.4385978, 16.3032114 ], [ 80.4385978, 16.303219 ] ] ] } },
{ "type": "Feature", "properties": { "label": "Pothole", "confidence": 0.43, "on_road": 0, "size_m": 2.2, "gt_road_overlap": 0.0, "gt_roof_overlap": 0.0 }, "geometry": { "type": "Polygon", "coordinates": [ [ [ 80.4381186, 16.3031498 ], [ 80.4381381, 16.3031498 ], [ 80.4381381, 16.3031299 ], [ 80.4381186, 16.3031299 ], [ 80.4381186, 16.3031498 ] ] ] } },
{ "type": "Feature", "properties": { "label": "Pothole", "confidence": 0.42, "on_road": 0, "size_m": 2.7, "gt_road_overlap": 0.0, "gt_roof_overlap": 1.0 }, "geometry": { "type": "Polygon", "coordinates": [ [ [ 80.4384647, 16.3024901 ], [ 80.4384902, 16.3024901 ], [ 80.4384902, 16.3024746 ], [ 80.4384648, 16.3024745 ], [ 80.4384647, 16.3024901 ] ] ] } },
{ "type": "Feature", "properties": { "label": "Pothole", "confidence": 0.39, "on_road": 1, "size_m": 3.6, "gt_road_overlap": 1.0, "gt_roof_overlap": 0.0 }, "geometry": { "type": "Polygon", "coordinates": [ [ [ 80.4385351, 16.3023812 ], [ 80.4385688, 16.3023813 ], [ 80.4385688, 16.302368 ], [ 80.4385351, 16.3023679 ], [ 80.4385351, 16.3023812 ] ] ] } },
{ "type": "Feature", "properties": { "label": "Pothole", "confidence": 0.34, "on_road": 1, "size_m": 0.9, "gt_road_overlap": 1.0, "gt_roof_overlap": 0.0 }, "geometry": { "type": "Polygon", "coordinates": [ [ [ 80.4378622, 16.3023769 ], [ 80.4378708, 16.3023769 ], [ 80.4378708, 16.3023715 ], [ 80.4378622, 16.3023715 ], [ 80.4378622, 16.3023769 ] ] ] } },
{ "type": "Feature", "properties": { "label": "Pothole", "confidence": 0.33, "on_road": 1, "size_m": 1.0, "gt_road_overlap": 1.0, "gt_roof_overlap": 0.0 }, "geometry": { "type": "Polygon", "coordinates": [ [ [ 80.4385989, 16.3032537 ], [ 80.4386063, 16.3032537 ], [ 80.4386063, 16.303245 ], [ 80.4385989, 16.303245 ], [ 80.4385989, 16.3032537 ] ] ] } },
{ "type": "Feature", "properties": { "label": "Alligator crack", "confidence": 0.32, "on_road": 0, "size_m": 7.4, "gt_road_overlap": 0.0, "gt_roof_overlap": 0.665 }, "geometry": { "type": "Polygon", "coordinates": [ [ [ 80.4386432, 16.3021778 ], [ 80.4387054, 16.3021779 ], [ 80.4387056, 16.302111 ], [ 80.4386434, 16.3021109 ], [ 80.4386432, 16.3021778 ] ] ] } },
{ "type": "Feature", "properties": { "label": "Pothole", "confidence": 0.3, "on_road": 0, "size_m": 1.0, "gt_road_overlap": 1.0, "gt_roof_overlap": 1.0 }, "geometry": { "type": "Polygon", "coordinates": [ [ [ 80.4382563, 16.3021185 ], [ 80.4382642, 16.3021185 ], [ 80.4382642, 16.3021095 ], [ 80.4382563, 16.3021095 ], [ 80.4382563, 16.3021185 ] ] ] } },
{ "type": "Feature", "properties": { "label": "Pothole", "confidence": 0.29, "on_road": 0, "size_m": 1.8, "gt_road_overlap": 0.0, "gt_roof_overlap": 0.464 }, "geometry": { "type": "Polygon", "coordinates": [ [ [ 80.4385806, 16.3025338 ], [ 80.438597, 16.3025338 ], [ 80.4385971, 16.3025201 ], [ 80.4385807, 16.30252 ], [ 80.4385806, 16.3025338 ] ] ] } },
{ "type": "Feature", "properties": { "label": "Pothole", "confidence": 0.28, "on_road": 0, "size_m": 0.8, "gt_road_overlap": 0.0, "gt_roof_overlap": 1.0 }, "geometry": { "type": "Polygon", "coordinates": [ [ [ 80.4383189, 16.3029641 ], [ 80.4383264, 16.3029641 ], [ 80.4383264, 16.3029572 ], [ 80.4383189, 16.3029572 ], [ 80.4383189, 16.3029641 ] ] ] } },
{ "type": "Feature", "properties": { "label": "Pothole", "confidence": 0.27, "on_road": 0, "size_m": 0.8, "gt_road_overlap": 0.0, "gt_roof_overlap": 0.0 }, "geometry": { "type": "Polygon", "coordinates": [ [ [ 80.4377907, 16.3027922 ], [ 80.4377982, 16.3027922 ], [ 80.4377982, 16.302785 ], [ 80.4377907, 16.302785 ], [ 80.4377907, 16.3027922 ] ] ] } },
{ "type": "Feature", "properties": { "label": "Pothole", "confidence": 0.27, "on_road": 0, "size_m": 2.9, "gt_road_overlap": 0.0, "gt_roof_overlap": 1.0 }, "geometry": { "type": "Polygon", "coordinates": [ [ [ 80.4377728, 16.3031763 ], [ 80.4377989, 16.3031764 ], [ 80.4377989, 16.3031504 ], [ 80.4377729, 16.3031503 ], [ 80.4377728, 16.3031763 ] ] ] } },
{ "type": "Feature", "properties": { "label": "Pothole", "confidence": 0.26, "on_road": 0, "size_m": 3.1, "gt_road_overlap": 0.0, "gt_roof_overlap": 1.0 }, "geometry": { "type": "Polygon", "coordinates": [ [ [ 80.4381042, 16.3032549 ], [ 80.4381335, 16.303255 ], [ 80.4381335, 16.3032277 ], [ 80.4381043, 16.3032276 ], [ 80.4381042, 16.3032549 ] ] ] } },
{ "type": "Feature", "properties": { "label": "Pothole", "confidence": 0.25, "on_road": 1, "size_m": 1.1, "gt_road_overlap": 1.0, "gt_roof_overlap": 0.0 }, "geometry": { "type": "Polygon", "coordinates": [ [ [ 80.4387233, 16.3025508 ], [ 80.4387334, 16.3025508 ], [ 80.4387334, 16.3025429 ], [ 80.4387233, 16.3025428 ], [ 80.4387233, 16.3025508 ] ] ] } },
{ "type": "Feature", "properties": { "label": "Pothole", "confidence": 0.81, "on_road": 1, "size_m": 1.0, "gt_road_overlap": 1.0, "gt_roof_overlap": 0.0 }, "geometry": { "type": "Polygon", "coordinates": [ [ [ 80.439414, 16.302182 ], [ 80.439423, 16.302182 ], [ 80.439423, 16.3021733 ], [ 80.439414, 16.3021733 ], [ 80.439414, 16.302182 ] ] ] } },
{ "type": "Feature", "properties": { "label": "Pothole", "confidence": 0.66, "on_road": 1, "size_m": 1.4, "gt_road_overlap": 1.0, "gt_roof_overlap": 0.0 }, "geometry": { "type": "Polygon", "coordinates": [ [ [ 80.4401694, 16.3025604 ], [ 80.4401822, 16.3025604 ], [ 80.4401822, 16.3025507 ], [ 80.4401695, 16.3025506 ], [ 80.4401694, 16.3025604 ] ] ] } },
{ "type": "Feature", "properties": { "label": "Pothole", "confidence": 0.6, "on_road": 1, "size_m": 1.0, "gt_road_overlap": 1.0, "gt_roof_overlap": 0.0 }, "geometry": { "type": "Polygon", "coordinates": [ [ [ 80.4389563, 16.3029082 ], [ 80.438966, 16.3029082 ], [ 80.438966, 16.3028988 ], [ 80.4389563, 16.3028988 ], [ 80.4389563, 16.3029082 ] ] ] } },
{ "type": "Feature", "properties": { "label": "Pothole", "confidence": 0.6, "on_road": 1, "size_m": 0.9, "gt_road_overlap": 1.0, "gt_roof_overlap": 0.0 }, "geometry": { "type": "Polygon", "coordinates": [ [ [ 80.4388593, 16.3028621 ], [ 80.4388669, 16.3028621 ], [ 80.438867, 16.3028542 ], [ 80.4388593, 16.3028542 ], [ 80.4388593, 16.3028621 ] ] ] } },
{ "type": "Feature", "properties": { "label": "Pothole", "confidence": 0.59, "on_road": 0, "size_m": 4.0, "gt_road_overlap": 1.0, "gt_roof_overlap": 0.0 }, "geometry": { "type": "Polygon", "coordinates": [ [ [ 80.4390197, 16.3023415 ], [ 80.4390466, 16.3023416 ], [ 80.4390467, 16.302305 ], [ 80.4390198, 16.302305 ], [ 80.4390197, 16.3023415 ] ] ] } },
{ "type": "Feature", "properties": { "label": "Pothole", "confidence": 0.51, "on_road": 0, "size_m": 8.1, "gt_road_overlap": 0.0, "gt_roof_overlap": 0.471 }, "geometry": { "type": "Polygon", "coordinates": [ [ [ 80.4390653, 16.3027498 ], [ 80.4391409, 16.30275 ], [ 80.4391411, 16.3027067 ], [ 80.4390654, 16.3027065 ], [ 80.4390653, 16.3027498 ] ] ] } },
{ "type": "Feature", "properties": { "label": "Pothole", "confidence": 0.48, "on_road": 0, "size_m": 5.4, "gt_road_overlap": 0.0, "gt_roof_overlap": 0.0 }, "geometry": { "type": "Polygon", "coordinates": [ [ [ 80.439467, 16.3030664 ], [ 80.4395175, 16.3030665 ], [ 80.4395175, 16.3030383 ], [ 80.439467, 16.3030382 ], [ 80.439467, 16.3030664 ] ] ] } },
{ "type": "Feature", "properties": { "label": "Pothole", "confidence": 0.43, "on_road": 1, "size_m": 0.7, "gt_road_overlap": 1.0, "gt_roof_overlap": 0.0 }, "geometry": { "type": "Polygon", "coordinates": [ [ [ 80.4399164, 16.3028821 ], [ 80.4399216, 16.3028821 ], [ 80.4399216, 16.302876 ], [ 80.4399164, 16.3028759 ], [ 80.4399164, 16.3028821 ] ] ] } },
{ "type": "Feature", "properties": { "label": "Pothole", "confidence": 0.43, "on_road": 0, "size_m": 0.9, "gt_road_overlap": 0.0, "gt_roof_overlap": 0.0 }, "geometry": { "type": "Polygon", "coordinates": [ [ [ 80.4392463, 16.3031434 ], [ 80.4392522, 16.3031434 ], [ 80.4392523, 16.3031354 ], [ 80.4392463, 16.3031354 ], [ 80.4392463, 16.3031434 ] ] ] } },
{ "type": "Feature", "properties": { "label": "Pothole", "confidence": 0.43, "on_road": 0, "size_m": 7.4, "gt_road_overlap": 0.932, "gt_roof_overlap": 0.037 }, "geometry": { "type": "Polygon", "coordinates": [ [ [ 80.4395251, 16.3031946 ], [ 80.4395944, 16.3031947 ], [ 80.4395945, 16.3031636 ], [ 80.4395252, 16.3031635 ], [ 80.4395251, 16.3031946 ] ] ] } },
{ "type": "Feature", "properties": { "label": "Pothole", "confidence": 0.43, "on_road": 1, "size_m": 1.0, "gt_road_overlap": 1.0, "gt_roof_overlap": 0.0 }, "geometry": { "type": "Polygon", "coordinates": [ [ [ 80.4399533, 16.3029216 ], [ 80.4399578, 16.3029216 ], [ 80.4399578, 16.3029122 ], [ 80.4399533, 16.3029122 ], [ 80.4399533, 16.3029216 ] ] ] } },
{ "type": "Feature", "properties": { "label": "Pothole", "confidence": 0.4, "on_road": 0, "size_m": 3.2, "gt_road_overlap": 0.705, "gt_roof_overlap": 1.0 }, "geometry": { "type": "Polygon", "coordinates": [ [ [ 80.4396854, 16.3021549 ], [ 80.4397153, 16.3021549 ], [ 80.4397154, 16.3021275 ], [ 80.4396854, 16.3021274 ], [ 80.4396854, 16.3021549 ] ] ] } },
{ "type": "Feature", "properties": { "label": "Pothole", "confidence": 0.39, "on_road": 1, "size_m": 1.9, "gt_road_overlap": 1.0, "gt_roof_overlap": 0.0 }, "geometry": { "type": "Polygon", "coordinates": [ [ [ 80.4393601, 16.3020551 ], [ 80.4393743, 16.3020551 ], [ 80.4393744, 16.3020378 ], [ 80.4393601, 16.3020377 ], [ 80.4393601, 16.3020551 ] ] ] } },
{ "type": "Feature", "properties": { "label": "Pothole", "confidence": 0.39, "on_road": 1, "size_m": 0.9, "gt_road_overlap": 1.0, "gt_roof_overlap": 0.0 }, "geometry": { "type": "Polygon", "coordinates": [ [ [ 80.4399625, 16.3029222 ], [ 80.4399659, 16.3029222 ], [ 80.4399659, 16.3029139 ], [ 80.4399625, 16.3029139 ], [ 80.4399625, 16.3029222 ] ] ] } },
{ "type": "Feature", "properties": { "label": "Pothole", "confidence": 0.37, "on_road": 0, "size_m": 1.6, "gt_road_overlap": 0.0, "gt_roof_overlap": 1.0 }, "geometry": { "type": "Polygon", "coordinates": [ [ [ 80.4393805, 16.302503 ], [ 80.4393925, 16.302503 ], [ 80.4393925, 16.3024886 ], [ 80.4393806, 16.3024885 ], [ 80.4393805, 16.302503 ] ] ] } },
{ "type": "Feature", "properties": { "label": "Pothole", "confidence": 0.36, "on_road": 1, "size_m": 1.7, "gt_road_overlap": 1.0, "gt_roof_overlap": 0.0 }, "geometry": { "type": "Polygon", "coordinates": [ [ [ 80.4397369, 16.3022256 ], [ 80.4397499, 16.3022256 ], [ 80.4397499, 16.3022101 ], [ 80.4397369, 16.3022101 ], [ 80.4397369, 16.3022256 ] ] ] } },
{ "type": "Feature", "properties": { "label": "Pothole", "confidence": 0.36, "on_road": 0, "size_m": 1.1, "gt_road_overlap": 0.0, "gt_roof_overlap": 0.0 }, "geometry": { "type": "Polygon", "coordinates": [ [ [ 80.4395241, 16.3030269 ], [ 80.4395346, 16.3030269 ], [ 80.4395346, 16.303017 ], [ 80.4395241, 16.303017 ], [ 80.4395241, 16.3030269 ] ] ] } },
{ "type": "Feature", "properties": { "label": "Pothole", "confidence": 0.35, "on_road": 1, "size_m": 0.5, "gt_road_overlap": 1.0, "gt_roof_overlap": 0.0 }, "geometry": { "type": "Polygon", "coordinates": [ [ [ 80.4399518, 16.3029334 ], [ 80.4399563, 16.3029334 ], [ 80.4399563, 16.3029287 ], [ 80.4399518, 16.3029287 ], [ 80.4399518, 16.3029334 ] ] ] } },
{ "type": "Feature", "properties": { "label": "Pothole", "confidence": 0.34, "on_road": 1, "size_m": 0.6, "gt_road_overlap": 1.0, "gt_roof_overlap": 0.0 }, "geometry": { "type": "Polygon", "coordinates": [ [ [ 80.4399553, 16.3029081 ], [ 80.4399602, 16.3029081 ], [ 80.4399602, 16.3029023 ], [ 80.4399553, 16.3029023 ], [ 80.4399553, 16.3029081 ] ] ] } },
{ "type": "Feature", "properties": { "label": "Pothole", "confidence": 0.33, "on_road": 1, "size_m": 1.1, "gt_road_overlap": 1.0, "gt_roof_overlap": 0.0 }, "geometry": { "type": "Polygon", "coordinates": [ [ [ 80.4390695, 16.3024589 ], [ 80.4390763, 16.3024589 ], [ 80.4390763, 16.3024492 ], [ 80.4390695, 16.3024492 ], [ 80.4390695, 16.3024589 ] ] ] } },
{ "type": "Feature", "properties": { "label": "Pothole", "confidence": 0.32, "on_road": 1, "size_m": 2.6, "gt_road_overlap": 1.0, "gt_roof_overlap": 0.0 }, "geometry": { "type": "Polygon", "coordinates": [ [ [ 80.4391379, 16.3021857 ], [ 80.4391611, 16.3021857 ], [ 80.4391611, 16.3021626 ], [ 80.4391379, 16.3021625 ], [ 80.4391379, 16.3021857 ] ] ] } },
{ "type": "Feature", "properties": { "label": "Pothole", "confidence": 0.31, "on_road": 1, "size_m": 1.0, "gt_road_overlap": 1.0, "gt_roof_overlap": 0.0 }, "geometry": { "type": "Polygon", "coordinates": [ [ [ 80.4389708, 16.302665 ], [ 80.4389791, 16.302665 ], [ 80.4389791, 16.302656 ], [ 80.4389709, 16.3026559 ], [ 80.4389708, 16.302665 ] ] ] } },
{ "type": "Feature", "properties": { "label": "Pothole", "confidence": 0.29, "on_road": 0, "size_m": 1.1, "gt_road_overlap": 0.0, "gt_roof_overlap": 1.0 }, "geometry": { "type": "Polygon", "coordinates": [ [ [ 80.439861, 16.3025529 ], [ 80.439871, 16.3025529 ], [ 80.439871, 16.302545 ], [ 80.4398611, 16.3025449 ], [ 80.439861, 16.3025529 ] ] ] } },
{ "type": "Feature", "properties": { "label": "Pothole", "confidence": 0.28, "on_road": 1, "size_m": 0.6, "gt_road_overlap": 1.0, "gt_roof_overlap": 0.0 }, "geometry": { "type": "Polygon", "coordinates": [ [ [ 80.4392678, 16.3022366 ], [ 80.4392731, 16.3022366 ], [ 80.4392731, 16.3022315 ], [ 80.4392678, 16.3022315 ], [ 80.4392678, 16.3022366 ] ] ] } },
{ "type": "Feature", "properties": { "label": "Pothole", "confidence": 0.28, "on_road": 0, "size_m": 2.5, "gt_road_overlap": 0.0, "gt_roof_overlap": 0.885 }, "geometry": { "type": "Polygon", "coordinates": [ [ [ 80.4392892, 16.3023438 ], [ 80.4393125, 16.3023439 ], [ 80.4393125, 16.3023222 ], [ 80.4392893, 16.3023221 ], [ 80.4392892, 16.3023438 ] ] ] } },
{ "type": "Feature", "properties": { "label": "Pothole", "confidence": 0.28, "on_road": 1, "size_m": 0.8, "gt_road_overlap": 1.0, "gt_roof_overlap": 0.0 }, "geometry": { "type": "Polygon", "coordinates": [ [ [ 80.4388676, 16.3027135 ], [ 80.4388753, 16.3027135 ], [ 80.4388753, 16.3027081 ], [ 80.4388676, 16.3027081 ], [ 80.4388676, 16.3027135 ] ] ] } },
{ "type": "Feature", "properties": { "label": "Pothole", "confidence": 0.26, "on_road": 0, "size_m": 4.9, "gt_road_overlap": 1.0, "gt_roof_overlap": 0.0 }, "geometry": { "type": "Polygon", "coordinates": [ [ [ 80.4399885, 16.3023874 ], [ 80.4400342, 16.3023876 ], [ 80.4400343, 16.3023579 ], [ 80.4399886, 16.3023578 ], [ 80.4399885, 16.3023874 ] ] ] } },
{ "type": "Feature", "properties": { "label": "Pothole", "confidence": 0.26, "on_road": 1, "size_m": 0.6, "gt_road_overlap": 1.0, "gt_roof_overlap": 0.0 }, "geometry": { "type": "Polygon", "coordinates": [ [ [ 80.4398579, 16.3028884 ], [ 80.4398635, 16.3028884 ], [ 80.4398636, 16.3028839 ], [ 80.4398579, 16.3028839 ], [ 80.4398579, 16.3028884 ] ] ] } },
{ "type": "Feature", "properties": { "label": "Pothole", "confidence": 0.26, "on_road": 1, "size_m": 3.6, "gt_road_overlap": 1.0, "gt_roof_overlap": 0.0 }, "geometry": { "type": "Polygon", "coordinates": [ [ [ 80.4397007, 16.3028063 ], [ 80.4397275, 16.3028064 ], [ 80.4397276, 16.3027738 ], [ 80.4397008, 16.3027738 ], [ 80.4397007, 16.3028063 ] ] ] } },
{ "type": "Feature", "properties": { "label": "Pothole", "confidence": 0.25, "on_road": 1, "size_m": 0.6, "gt_road_overlap": 1.0, "gt_roof_overlap": 0.0 }, "geometry": { "type": "Polygon", "coordinates": [ [ [ 80.4400435, 16.3027539 ], [ 80.4400483, 16.3027539 ], [ 80.4400483, 16.3027488 ], [ 80.4400435, 16.3027488 ], [ 80.4400435, 16.3027539 ] ] ] } },
{ "type": "Feature", "properties": { "label": "Pothole", "confidence": 0.86, "on_road": 0, "size_m": 1.8, "gt_road_overlap": 0.0, "gt_roof_overlap": 1.0 }, "geometry": { "type": "Polygon", "coordinates": [ [ [ 80.4414496, 16.3024704 ], [ 80.4414661, 16.3024705 ], [ 80.4414661, 16.3024567 ], [ 80.4414497, 16.3024567 ], [ 80.4414496, 16.3024704 ] ] ] } },
{ "type": "Feature", "properties": { "label": "Pothole", "confidence": 0.84, "on_road": 1, "size_m": 0.8, "gt_road_overlap": 1.0, "gt_roof_overlap": 0.0 }, "geometry": { "type": "Polygon", "coordinates": [ [ [ 80.441186, 16.3024752 ], [ 80.4411935, 16.3024752 ], [ 80.4411935, 16.302468 ], [ 80.4411861, 16.302468 ], [ 80.441186, 16.3024752 ] ] ] } },
{ "type": "Feature", "properties": { "label": "Pothole", "confidence": 0.83, "on_road": 0, "size_m": 1.9, "gt_road_overlap": 0.0, "gt_roof_overlap": 1.0 }, "geometry": { "type": "Polygon", "coordinates": [ [ [ 80.4414048, 16.3024512 ], [ 80.4414228, 16.3024513 ], [ 80.4414229, 16.3024372 ], [ 80.4414049, 16.3024371 ], [ 80.4414048, 16.3024512 ] ] ] } },
{ "type": "Feature", "properties": { "label": "Pothole", "confidence": 0.83, "on_road": 0, "size_m": 1.7, "gt_road_overlap": 0.0, "gt_roof_overlap": 1.0 }, "geometry": { "type": "Polygon", "coordinates": [ [ [ 80.4409966, 16.3024838 ], [ 80.4410123, 16.3024838 ], [ 80.4410123, 16.3024766 ], [ 80.4409966, 16.3024765 ], [ 80.4409966, 16.3024838 ] ] ] } },
{ "type": "Feature", "properties": { "label": "Pothole", "confidence": 0.82, "on_road": 1, "size_m": 0.9, "gt_road_overlap": 1.0, "gt_roof_overlap": 0.0 }, "geometry": { "type": "Polygon", "coordinates": [ [ [ 80.4403712, 16.302105 ], [ 80.4403795, 16.302105 ], [ 80.4403795, 16.3020974 ], [ 80.4403713, 16.3020974 ], [ 80.4403712, 16.302105 ] ] ] } },
{ "type": "Feature", "properties": { "label": "Pothole", "confidence": 0.7, "on_road": 1, "size_m": 1.4, "gt_road_overlap": 1.0, "gt_roof_overlap": 0.0 }, "geometry": { "type": "Polygon", "coordinates": [ [ [ 80.4407069, 16.3028341 ], [ 80.4407166, 16.3028341 ], [ 80.4407167, 16.3028218 ], [ 80.4407069, 16.3028218 ], [ 80.4407069, 16.3028341 ] ] ] } },
{ "type": "Feature", "properties": { "label": "Pothole", "confidence": 0.68, "on_road": 1, "size_m": 2.2, "gt_road_overlap": 1.0, "gt_roof_overlap": 0.0 }, "geometry": { "type": "Polygon", "coordinates": [ [ [ 80.4403392, 16.3021846 ], [ 80.4403508, 16.3021846 ], [ 80.4403508, 16.3021643 ], [ 80.4403392, 16.3021643 ], [ 80.4403392, 16.3021846 ] ] ] } },
{ "type": "Feature", "properties": { "label": "Pothole", "confidence": 0.63, "on_road": 0, "size_m": 1.5, "gt_road_overlap": 0.0, "gt_roof_overlap": 1.0 }, "geometry": { "type": "Polygon", "coordinates": [ [ [ 80.4412502, 16.3032107 ], [ 80.4412638, 16.3032107 ], [ 80.4412639, 16.3032006 ], [ 80.4412502, 16.3032006 ], [ 80.4412502, 16.3032107 ] ] ] } },
{ "type": "Feature", "properties": { "label": "Pothole", "confidence": 0.57, "on_road": 1, "size_m": 1.5, "gt_road_overlap": 1.0, "gt_roof_overlap": 0.0 }, "geometry": { "type": "Polygon", "coordinates": [ [ [ 80.4412931, 16.3024945 ], [ 80.4413058, 16.3024945 ], [ 80.4413058, 16.3024811 ], [ 80.4412931, 16.3024811 ], [ 80.4412931, 16.3024945 ] ] ] } },
{ "type": "Feature", "properties": { "label": "Pothole", "confidence": 0.56, "on_road": 1, "size_m": 0.6, "gt_road_overlap": 1.0, "gt_roof_overlap": 0.0 }, "geometry": { "type": "Polygon", "coordinates": [ [ [ 80.4412233, 16.302478 ], [ 80.4412289, 16.3024781 ], [ 80.4412289, 16.3024723 ], [ 80.4412233, 16.3024723 ], [ 80.4412233, 16.302478 ] ] ] } },
{ "type": "Feature", "properties": { "label": "Pothole", "confidence": 0.53, "on_road": 0, "size_m": 1.2, "gt_road_overlap": 0.0, "gt_roof_overlap": 0.083 }, "geometry": { "type": "Polygon", "coordinates": [ [ [ 80.4402553, 16.3029165 ], [ 80.4402652, 16.3029166 ], [ 80.4402652, 16.3029057 ], [ 80.4402553, 16.3029057 ], [ 80.4402553, 16.3029165 ] ] ] } },
{ "type": "Feature", "properties": { "label": "Pothole", "confidence": 0.5, "on_road": 1, "size_m": 0.8, "gt_road_overlap": 1.0, "gt_roof_overlap": 0.0 }, "geometry": { "type": "Polygon", "coordinates": [ [ [ 80.440938, 16.3029338 ], [ 80.440944, 16.3029338 ], [ 80.440944, 16.3029269 ], [ 80.440938, 16.3029269 ], [ 80.440938, 16.3029338 ] ] ] } },
{ "type": "Feature", "properties": { "label": "Pothole", "confidence": 0.49, "on_road": 1, "size_m": 1.2, "gt_road_overlap": 1.0, "gt_roof_overlap": 0.0 }, "geometry": { "type": "Polygon", "coordinates": [ [ [ 80.4406586, 16.3026911 ], [ 80.4406684, 16.3026911 ], [ 80.4406684, 16.3026803 ], [ 80.4406586, 16.3026803 ], [ 80.4406586, 16.3026911 ] ] ] } },
{ "type": "Feature", "properties": { "label": "Pothole", "confidence": 0.48, "on_road": 0, "size_m": 1.0, "gt_road_overlap": 0.0, "gt_roof_overlap": 1.0 }, "geometry": { "type": "Polygon", "coordinates": [ [ [ 80.4406785, 16.3024285 ], [ 80.4406874, 16.3024285 ], [ 80.4406875, 16.3024231 ], [ 80.4406785, 16.3024231 ], [ 80.4406785, 16.3024285 ] ] ] } },
{ "type": "Feature", "properties": { "label": "Pothole", "confidence": 0.47, "on_road": 1, "size_m": 0.7, "gt_road_overlap": 1.0, "gt_roof_overlap": 0.0 }, "geometry": { "type": "Polygon", "coordinates": [ [ [ 80.4413012, 16.3025104 ], [ 80.441308, 16.3025104 ], [ 80.441308, 16.3025039 ], [ 80.4413013, 16.3025039 ], [ 80.4413012, 16.3025104 ] ] ] } },
{ "type": "Feature", "properties": { "label": "Pothole", "confidence": 0.44, "on_road": 0, "size_m": 0.6, "gt_road_overlap": 0.0, "gt_roof_overlap": 0.0 }, "geometry": { "type": "Polygon", "coordinates": [ [ [ 80.4415026, 16.30242 ], [ 80.4415086, 16.30242 ], [ 80.4415086, 16.3024142 ], [ 80.4415026, 16.3024142 ], [ 80.4415026, 16.30242 ] ] ] } },
{ "type": "Feature", "properties": { "label": "Pothole", "confidence": 0.44, "on_road": 0, "size_m": 1.1, "gt_road_overlap": 0.0, "gt_roof_overlap": 1.0 }, "geometry": { "type": "Polygon", "coordinates": [ [ [ 80.4414737, 16.3024449 ], [ 80.4414841, 16.3024449 ], [ 80.4414842, 16.3024348 ], [ 80.4414737, 16.3024348 ], [ 80.4414737, 16.3024449 ] ] ] } },
{ "type": "Feature", "properties": { "label": "Pothole", "confidence": 0.41, "on_road": 0, "size_m": 2.4, "gt_road_overlap": 0.0, "gt_roof_overlap": 0.956 }, "geometry": { "type": "Polygon", "coordinates": [ [ [ 80.4414754, 16.302485 ], [ 80.4414983, 16.3024851 ], [ 80.4414983, 16.3024758 ], [ 80.4414755, 16.3024758 ], [ 80.4414754, 16.302485 ] ] ] } },
{ "type": "Feature", "properties": { "label": "Pothole", "confidence": 0.4, "on_road": 1, "size_m": 1.4, "gt_road_overlap": 1.0, "gt_roof_overlap": 0.0 }, "geometry": { "type": "Polygon", "coordinates": [ [ [ 80.4403589, 16.3021467 ], [ 80.4403649, 16.3021467 ], [ 80.440365, 16.3021341 ], [ 80.440359, 16.302134 ], [ 80.4403589, 16.3021467 ] ] ] } },
{ "type": "Feature", "properties": { "label": "Pothole", "confidence": 0.35, "on_road": 1, "size_m": 2.4, "gt_road_overlap": 1.0, "gt_roof_overlap": 0.0 }, "geometry": { "type": "Polygon", "coordinates": [ [ [ 80.440221, 16.3024673 ], [ 80.4402431, 16.3024673 ], [ 80.4402431, 16.3024485 ], [ 80.4402211, 16.3024484 ], [ 80.440221, 16.3024673 ] ] ] } },
{ "type": "Feature", "properties": { "label": "Pothole", "confidence": 0.33, "on_road": 1, "size_m": 0.7, "gt_road_overlap": 1.0, "gt_roof_overlap": 0.0 }, "geometry": { "type": "Polygon", "coordinates": [ [ [ 80.4412799, 16.3025073 ], [ 80.4412867, 16.3025073 ], [ 80.4412867, 16.3025023 ], [ 80.4412799, 16.3025022 ], [ 80.4412799, 16.3025073 ] ] ] } },
{ "type": "Feature", "properties": { "label": "Pothole", "confidence": 0.33, "on_road": 0, "size_m": 0.8, "gt_road_overlap": 0.0, "gt_roof_overlap": 0.0 }, "geometry": { "type": "Polygon", "coordinates": [ [ [ 80.4412129, 16.3026754 ], [ 80.4412203, 16.3026754 ], [ 80.4412203, 16.3026699 ], [ 80.4412129, 16.3026699 ], [ 80.4412129, 16.3026754 ] ] ] } },
{ "type": "Feature", "properties": { "label": "Pothole", "confidence": 0.33, "on_road": 1, "size_m": 0.9, "gt_road_overlap": 1.0, "gt_roof_overlap": 0.0 }, "geometry": { "type": "Polygon", "coordinates": [ [ [ 80.440338, 16.3021899 ], [ 80.4403418, 16.30219 ], [ 80.4403418, 16.3021816 ], [ 80.4403381, 16.3021816 ], [ 80.440338, 16.3021899 ] ] ] } },
{ "type": "Feature", "properties": { "label": "Pothole", "confidence": 0.32, "on_road": 0, "size_m": 1.2, "gt_road_overlap": 0.0, "gt_roof_overlap": 1.0 }, "geometry": { "type": "Polygon", "coordinates": [ [ [ 80.4408845, 16.3027064 ], [ 80.4408961, 16.3027064 ], [ 80.4408962, 16.3026958 ], [ 80.4408846, 16.3026957 ], [ 80.4408845, 16.3027064 ] ] ] } },
{ "type": "Feature", "properties": { "label": "Pothole", "confidence": 0.32, "on_road": 0, "size_m": 0.7, "gt_road_overlap": 0.0, "gt_roof_overlap": 1.0 }, "geometry": { "type": "Polygon", "coordinates": [ [ [ 80.4414649, 16.302496 ], [ 80.4414702, 16.302496 ], [ 80.4414702, 16.3024899 ], [ 80.4414649, 16.3024899 ], [ 80.4414649, 16.302496 ] ] ] } },
{ "type": "Feature", "properties": { "label": "Longitudinal crack", "confidence": 0.31, "on_road": 0, "size_m": 6.2, "gt_road_overlap": 0.0, "gt_roof_overlap": 0.0 }, "geometry": { "type": "Polygon", "coordinates": [ [ [ 80.4407691, 16.3031971 ], [ 80.4407901, 16.3031972 ], [ 80.4407903, 16.3031408 ], [ 80.4407693, 16.3031407 ], [ 80.4407691, 16.3031971 ] ] ] } },
{ "type": "Feature", "properties": { "label": "Pothole", "confidence": 0.3, "on_road": 1, "size_m": 0.6, "gt_road_overlap": 1.0, "gt_roof_overlap": 0.0 }, "geometry": { "type": "Polygon", "coordinates": [ [ [ 80.4409142, 16.302332 ], [ 80.4409187, 16.3023321 ], [ 80.4409187, 16.3023263 ], [ 80.4409143, 16.3023263 ], [ 80.4409142, 16.302332 ] ] ] } },
{ "type": "Feature", "properties": { "label": "Pothole", "confidence": 0.3, "on_road": 1, "size_m": 1.3, "gt_road_overlap": 1.0, "gt_roof_overlap": 0.0 }, "geometry": { "type": "Polygon", "coordinates": [ [ [ 80.4412548, 16.3020451 ], [ 80.4412649, 16.3020451 ], [ 80.441265, 16.3020336 ], [ 80.4412549, 16.3020335 ], [ 80.4412548, 16.3020451 ] ] ] } },
{ "type": "Feature", "properties": { "label": "Pothole", "confidence": 0.3, "on_road": 0, "size_m": 2.0, "gt_road_overlap": 0.0, "gt_roof_overlap": 1.0 }, "geometry": { "type": "Polygon", "coordinates": [ [ [ 80.4406151, 16.302057 ], [ 80.4406338, 16.302057 ], [ 80.4406339, 16.30204 ], [ 80.4406152, 16.30204 ], [ 80.4406151, 16.302057 ] ] ] } },
{ "type": "Feature", "properties": { "label": "Pothole", "confidence": 0.29, "on_road": 1, "size_m": 1.2, "gt_road_overlap": 1.0, "gt_roof_overlap": 0.0 }, "geometry": { "type": "Polygon", "coordinates": [ [ [ 80.4403535, 16.3021563 ], [ 80.4403587, 16.3021563 ], [ 80.4403588, 16.3021453 ], [ 80.4403535, 16.3021452 ], [ 80.4403535, 16.3021563 ] ] ] } },
{ "type": "Feature", "properties": { "label": "Pothole", "confidence": 0.29, "on_road": 1, "size_m": 0.7, "gt_road_overlap": 1.0, "gt_roof_overlap": 0.0 }, "geometry": { "type": "Polygon", "coordinates": [ [ [ 80.4409034, 16.3030798 ], [ 80.4409102, 16.3030798 ], [ 80.4409103, 16.303074 ], [ 80.4409034, 16.303074 ], [ 80.4409034, 16.3030798 ] ] ] } },
{ "type": "Feature", "properties": { "label": "Pothole", "confidence": 0.28, "on_road": 1, "size_m": 0.6, "gt_road_overlap": 1.0, "gt_roof_overlap": 0.0 }, "geometry": { "type": "Polygon", "coordinates": [ [ [ 80.4409254, 16.3029019 ], [ 80.4409306, 16.302902 ], [ 80.4409306, 16.302898 ], [ 80.4409254, 16.302898 ], [ 80.4409254, 16.3029019 ] ] ] } },
{ "type": "Feature", "properties": { "label": "Pothole", "confidence": 0.28, "on_road": 0, "size_m": 0.6, "gt_road_overlap": 0.0, "gt_roof_overlap": 1.0 }, "geometry": { "type": "Polygon", "coordinates": [ [ [ 80.4412838, 16.3032469 ], [ 80.4412892, 16.303247 ], [ 80.4412892, 16.3032412 ], [ 80.4412838, 16.3032412 ], [ 80.4412838, 16.3032469 ] ] ] } },
{ "type": "Feature", "properties": { "label": "Pothole", "confidence": 0.27, "on_road": 0, "size_m": 1.2, "gt_road_overlap": 0.0, "gt_roof_overlap": 0.831 }, "geometry": { "type": "Polygon", "coordinates": [ [ [ 80.4413391, 16.3032281 ], [ 80.4413499, 16.3032281 ], [ 80.44135, 16.3032187 ], [ 80.4413391, 16.3032187 ], [ 80.4413391, 16.3032281 ] ] ] } },
{ "type": "Feature", "properties": { "label": "Pothole", "confidence": 0.27, "on_road": 0, "size_m": 2.7, "gt_road_overlap": 0.0, "gt_roof_overlap": 1.0 }, "geometry": { "type": "Polygon", "coordinates": [ [ [ 80.441287, 16.303278 ], [ 80.4413125, 16.3032781 ], [ 80.4413126, 16.3032553 ], [ 80.441287, 16.3032553 ], [ 80.441287, 16.303278 ] ] ] } },
{ "type": "Feature", "properties": { "label": "Pothole", "confidence": 0.27, "on_road": 1, "size_m": 1.4, "gt_road_overlap": 1.0, "gt_roof_overlap": 0.0 }, "geometry": { "type": "Polygon", "coordinates": [ [ [ 80.440509, 16.3026917 ], [ 80.4405218, 16.3026917 ], [ 80.4405218, 16.3026787 ], [ 80.4405091, 16.3026786 ], [ 80.440509, 16.3026917 ] ] ] } },
{ "type": "Feature", "properties": { "label": "Pothole", "confidence": 0.26, "on_road": 0, "size_m": 1.5, "gt_road_overlap": 0.0, "gt_roof_overlap": 1.0 }, "geometry": { "type": "Polygon", "coordinates": [ [ [ 80.4414693, 16.3024574 ], [ 80.4414832, 16.3024574 ], [ 80.4414832, 16.302444 ], [ 80.4414694, 16.302444 ], [ 80.4414693, 16.3024574 ] ] ] } },
{ "type": "Feature", "properties": { "label": "Pothole", "confidence": 0.89, "on_road": 1, "size_m": 0.8, "gt_road_overlap": 1.0, "gt_roof_overlap": 0.0 }, "geometry": { "type": "Polygon", "coordinates": [ [ [ 80.4425918, 16.3027137 ], [ 80.442599, 16.3027137 ], [ 80.442599, 16.3027067 ], [ 80.4425919, 16.3027067 ], [ 80.4425918, 16.3027137 ] ] ] } },
{ "type": "Feature", "properties": { "label": "Pothole", "confidence": 0.78, "on_road": 1, "size_m": 0.9, "gt_road_overlap": 1.0, "gt_roof_overlap": 0.0 }, "geometry": { "type": "Polygon", "coordinates": [ [ [ 80.4423642, 16.3030289 ], [ 80.4423724, 16.3030289 ], [ 80.4423724, 16.3030215 ], [ 80.4423643, 16.3030215 ], [ 80.4423642, 16.3030289 ] ] ] } },
{ "type": "Feature", "properties": { "label": "Pothole", "confidence": 0.74, "on_road": 1, "size_m": 1.0, "gt_road_overlap": 1.0, "gt_roof_overlap": 0.0 }, "geometry": { "type": "Polygon", "coordinates": [ [ [ 80.4426209, 16.3022371 ], [ 80.4426299, 16.3022371 ], [ 80.44263, 16.3022277 ], [ 80.4426209, 16.3022277 ], [ 80.4426209, 16.3022371 ] ] ] } },
{ "type": "Feature", "properties": { "label": "Pothole", "confidence": 0.67, "on_road": 1, "size_m": 1.8, "gt_road_overlap": 1.0, "gt_roof_overlap": 0.0 }, "geometry": { "type": "Polygon", "coordinates": [ [ [ 80.4426515, 16.3026038 ], [ 80.4426615, 16.3026038 ], [ 80.4426616, 16.302588 ], [ 80.4426515, 16.3025879 ], [ 80.4426515, 16.3026038 ] ] ] } },
{ "type": "Feature", "properties": { "label": "Pothole", "confidence": 0.59, "on_road": 0, "size_m": 1.2, "gt_road_overlap": 0.0, "gt_roof_overlap": 1.0 }, "geometry": { "type": "Polygon", "coordinates": [ [ [ 80.4420423, 16.3025494 ], [ 80.4420532, 16.3025495 ], [ 80.4420532, 16.3025404 ], [ 80.4420423, 16.3025404 ], [ 80.4420423, 16.3025494 ] ] ] } },
{ "type": "Feature", "properties": { "label": "Pothole", "confidence": 0.58, "on_road": 0, "size_m": 1.0, "gt_road_overlap": 0.201, "gt_roof_overlap": 0.0 }, "geometry": { "type": "Polygon", "coordinates": [ [ [ 80.4428117, 16.3032726 ], [ 80.4428215, 16.3032726 ], [ 80.4428215, 16.3032643 ], [ 80.4428118, 16.3032643 ], [ 80.4428117, 16.3032726 ] ] ] } },
{ "type": "Feature", "properties": { "label": "Pothole", "confidence": 0.5, "on_road": 1, "size_m": 2.5, "gt_road_overlap": 1.0, "gt_roof_overlap": 0.0 }, "geometry": { "type": "Polygon", "coordinates": [ [ [ 80.4423903, 16.3030233 ], [ 80.4423987, 16.3030234 ], [ 80.4423987, 16.3030011 ], [ 80.4423904, 16.3030011 ], [ 80.4423903, 16.3030233 ] ] ] } },
{ "type": "Feature", "properties": { "label": "Pothole", "confidence": 0.47, "on_road": 1, "size_m": 0.7, "gt_road_overlap": 1.0, "gt_roof_overlap": 0.0 }, "geometry": { "type": "Polygon", "coordinates": [ [ [ 80.442659, 16.302659 ], [ 80.4426652, 16.302659 ], [ 80.4426652, 16.3026525 ], [ 80.442659, 16.3026525 ], [ 80.442659, 16.302659 ] ] ] } },
{ "type": "Feature", "properties": { "label": "Pothole", "confidence": 0.44, "on_road": 0, "size_m": 0.7, "gt_road_overlap": 0.0, "gt_roof_overlap": 0.0 }, "geometry": { "type": "Polygon", "coordinates": [ [ [ 80.4420344, 16.3029079 ], [ 80.4420381, 16.3029079 ], [ 80.4420381, 16.3029019 ], [ 80.4420344, 16.3029019 ], [ 80.4420344, 16.3029079 ] ] ] } },
{ "type": "Feature", "properties": { "label": "Pothole", "confidence": 0.43, "on_road": 0, "size_m": 3.3, "gt_road_overlap": 0.0, "gt_roof_overlap": 0.057 }, "geometry": { "type": "Polygon", "coordinates": [ [ [ 80.4415358, 16.3028439 ], [ 80.4415665, 16.302844 ], [ 80.4415666, 16.3028179 ], [ 80.4415359, 16.3028179 ], [ 80.4415358, 16.3028439 ] ] ] } },
{ "type": "Feature", "properties": { "label": "Pothole", "confidence": 0.42, "on_road": 0, "size_m": 0.8, "gt_road_overlap": 0.0, "gt_roof_overlap": 0.0 }, "geometry": { "type": "Polygon", "coordinates": [ [ [ 80.4423805, 16.3021849 ], [ 80.4423876, 16.3021849 ], [ 80.4423876, 16.3021786 ], [ 80.4423805, 16.3021786 ], [ 80.4423805, 16.3021849 ] ] ] } },
{ "type": "Feature", "properties": { "label": "Pothole", "confidence": 0.42, "on_road": 1, "size_m": 0.8, "gt_road_overlap": 1.0, "gt_roof_overlap": 0.0 }, "geometry": { "type": "Polygon", "coordinates": [ [ [ 80.4426163, 16.3027255 ], [ 80.4426231, 16.3027255 ], [ 80.4426231, 16.3027183 ], [ 80.4426164, 16.3027183 ], [ 80.4426163, 16.3027255 ] ] ] } },
{ "type": "Feature", "properties": { "label": "Pothole", "confidence": 0.39, "on_road": 1, "size_m": 1.6, "gt_road_overlap": 1.0, "gt_roof_overlap": 0.0 }, "geometry": { "type": "Polygon", "coordinates": [ [ [ 80.4420004, 16.3028726 ], [ 80.4420131, 16.3028726 ], [ 80.4420132, 16.3028582 ], [ 80.4420004, 16.3028581 ], [ 80.4420004, 16.3028726 ] ] ] } },
{ "type": "Feature", "properties": { "label": "Pothole", "confidence": 0.31, "on_road": 0, "size_m": 1.8, "gt_road_overlap": 0.0, "gt_roof_overlap": 1.0 }, "geometry": { "type": "Polygon", "coordinates": [ [ [ 80.4420369, 16.3032121 ], [ 80.4420488, 16.3032121 ], [ 80.4420489, 16.3031954 ], [ 80.4420369, 16.3031954 ], [ 80.4420369, 16.3032121 ] ] ] } },
{ "type": "Feature", "properties": { "label": "Pothole", "confidence": 0.3, "on_road": 1, "size_m": 1.3, "gt_road_overlap": 1.0, "gt_roof_overlap": 0.0 }, "geometry": { "type": "Polygon", "coordinates": [ [ [ 80.4427072, 16.3031775 ], [ 80.442719, 16.3031775 ], [ 80.442719, 16.3031688 ], [ 80.4427072, 16.3031688 ], [ 80.4427072, 16.3031775 ] ] ] } },
{ "type": "Feature", "properties": { "label": "Pothole", "confidence": 0.3, "on_road": 1, "size_m": 1.2, "gt_road_overlap": 1.0, "gt_roof_overlap": 0.0 }, "geometry": { "type": "Polygon", "coordinates": [ [ [ 80.4417177, 16.3027396 ], [ 80.4417286, 16.3027396 ], [ 80.4417286, 16.3027298 ], [ 80.4417177, 16.3027297 ], [ 80.4417177, 16.3027396 ] ] ] } },
{ "type": "Feature", "properties": { "label": "Pothole", "confidence": 0.28, "on_road": 0, "size_m": 3.1, "gt_road_overlap": 0.0, "gt_roof_overlap": 0.0 }, "geometry": { "type": "Polygon", "coordinates": [ [ [ 80.4423489, 16.3022454 ], [ 80.4423661, 16.3022455 ], [ 80.4423662, 16.3022176 ], [ 80.4423489, 16.3022176 ], [ 80.4423489, 16.3022454 ] ] ] } },
{ "type": "Feature", "properties": { "label": "Pothole", "confidence": 0.27, "on_road": 1, "size_m": 0.6, "gt_road_overlap": 1.0, "gt_roof_overlap": 0.0 }, "geometry": { "type": "Polygon", "coordinates": [ [ [ 80.4426797, 16.3025634 ], [ 80.4426857, 16.3025634 ], [ 80.4426857, 16.3025577 ], [ 80.4426797, 16.3025576 ], [ 80.4426797, 16.3025634 ] ] ] } },
{ "type": "Feature", "properties": { "label": "Pothole", "confidence": 0.27, "on_road": 0, "size_m": 1.2, "gt_road_overlap": 0.0, "gt_roof_overlap": 1.0 }, "geometry": { "type": "Polygon", "coordinates": [ [ [ 80.4420538, 16.303179 ], [ 80.4420643, 16.303179 ], [ 80.4420643, 16.3031682 ], [ 80.4420538, 16.3031682 ], [ 80.4420538, 16.303179 ] ] ] } },
{ "type": "Feature", "properties": { "label": "Pothole", "confidence": 0.26, "on_road": 1, "size_m": 0.6, "gt_road_overlap": 1.0, "gt_roof_overlap": 0.0 }, "geometry": { "type": "Polygon", "coordinates": [ [ [ 80.4427394, 16.3023806 ], [ 80.4427454, 16.3023806 ], [ 80.4427454, 16.3023748 ], [ 80.4427394, 16.3023748 ], [ 80.4427394, 16.3023806 ] ] ] } },
{ "type": "Feature", "properties": { "label": "Pothole", "confidence": 0.26, "on_road": 0, "size_m": 2.3, "gt_road_overlap": 0.0, "gt_roof_overlap": 1.0 }, "geometry": { "type": "Polygon", "coordinates": [ [ [ 80.4420183, 16.3025761 ], [ 80.4420396, 16.3025762 ], [ 80.4420396, 16.3025596 ], [ 80.4420183, 16.3025595 ], [ 80.4420183, 16.3025761 ] ] ] } },
{ "type": "Feature", "properties": { "label": "Pothole", "confidence": 0.26, "on_road": 0, "size_m": 0.6, "gt_road_overlap": 0.0, "gt_roof_overlap": 0.0 }, "geometry": { "type": "Polygon", "coordinates": [ [ [ 80.4424042, 16.3022152 ], [ 80.4424098, 16.3022152 ], [ 80.4424098, 16.3022102 ], [ 80.4424042, 16.3022101 ], [ 80.4424042, 16.3022152 ] ] ] } },
{ "type": "Feature", "properties": { "label": "Pothole", "confidence": 0.9, "on_road": 1, "size_m": 0.7, "gt_road_overlap": 1.0, "gt_roof_overlap": 0.0 }, "geometry": { "type": "Polygon", "coordinates": [ [ [ 80.4428891, 16.3027842 ], [ 80.4428955, 16.3027842 ], [ 80.4428955, 16.3027777 ], [ 80.4428891, 16.3027777 ], [ 80.4428891, 16.3027842 ] ] ] } },
{ "type": "Feature", "properties": { "label": "Pothole", "confidence": 0.74, "on_road": 0, "size_m": 0.6, "gt_road_overlap": 0.0, "gt_roof_overlap": 0.0 }, "geometry": { "type": "Polygon", "coordinates": [ [ [ 80.4440022, 16.3027525 ], [ 80.4440078, 16.3027526 ], [ 80.4440078, 16.3027475 ], [ 80.4440022, 16.3027475 ], [ 80.4440022, 16.3027525 ] ] ] } },
{ "type": "Feature", "properties": { "label": "Pothole", "confidence": 0.7, "on_road": 0, "size_m": 0.6, "gt_road_overlap": 0.234, "gt_roof_overlap": 1.0 }, "geometry": { "type": "Polygon", "coordinates": [ [ [ 80.4434973, 16.3030317 ], [ 80.4435024, 16.3030317 ], [ 80.4435024, 16.3030266 ], [ 80.4434973, 16.3030266 ], [ 80.4434973, 16.3030317 ] ] ] } },
{ "type": "Feature", "properties": { "label": "Pothole", "confidence": 0.69, "on_road": 0, "size_m": 0.9, "gt_road_overlap": 0.0, "gt_roof_overlap": 0.0 }, "geometry": { "type": "Polygon", "coordinates": [ [ [ 80.4432681, 16.3025925 ], [ 80.4432767, 16.3025925 ], [ 80.4432767, 16.3025867 ], [ 80.4432681, 16.3025867 ], [ 80.4432681, 16.3025925 ] ] ] } },
{ "type": "Feature", "properties": { "label": "Pothole", "confidence": 0.68, "on_road": 0, "size_m": 5.1, "gt_road_overlap": 0.067, "gt_roof_overlap": 0.0 }, "geometry": { "type": "Polygon", "coordinates": [ [ [ 80.4432096, 16.3025825 ], [ 80.4432576, 16.3025827 ], [ 80.4432576, 16.3025613 ], [ 80.4432097, 16.3025612 ], [ 80.4432096, 16.3025825 ] ] ] } },
{ "type": "Feature", "properties": { "label": "Pothole", "confidence": 0.65, "on_road": 0, "size_m": 1.0, "gt_road_overlap": 0.0, "gt_roof_overlap": 0.0 }, "geometry": { "type": "Polygon", "coordinates": [ [ [ 80.44316, 16.3025546 ], [ 80.4431691, 16.3025546 ], [ 80.4431691, 16.3025488 ], [ 80.44316, 16.3025488 ], [ 80.44316, 16.3025546 ] ] ] } },
{ "type": "Feature", "properties": { "label": "Pothole", "confidence": 0.6, "on_road": 1, "size_m": 0.8, "gt_road_overlap": 1.0, "gt_roof_overlap": 0.0 }, "geometry": { "type": "Polygon", "coordinates": [ [ [ 80.4432897, 16.3029982 ], [ 80.4432968, 16.3029982 ], [ 80.4432968, 16.3029911 ], [ 80.4432897, 16.3029911 ], [ 80.4432897, 16.3029982 ] ] ] } },
{ "type": "Feature", "properties": { "label": "Pothole", "confidence": 0.58, "on_road": 0, "size_m": 0.9, "gt_road_overlap": 0.0, "gt_roof_overlap": 0.0 }, "geometry": { "type": "Polygon", "coordinates": [ [ [ 80.4440119, 16.3026646 ], [ 80.4440204, 16.3026646 ], [ 80.4440204, 16.3026592 ], [ 80.4440119, 16.3026591 ], [ 80.4440119, 16.3026646 ] ] ] } },
{ "type": "Feature", "properties": { "label": "Pothole", "confidence": 0.58, "on_road": 0, "size_m": 1.2, "gt_road_overlap": 0.0, "gt_roof_overlap": 0.0 }, "geometry": { "type": "Polygon", "coordinates": [ [ [ 80.4434613, 16.3025022 ], [ 80.4434725, 16.3025022 ], [ 80.4434725, 16.3024928 ], [ 80.4434613, 16.3024928 ], [ 80.4434613, 16.3025022 ] ] ] } },
{ "type": "Feature", "properties": { "label": "Pothole", "confidence": 0.54, "on_road": 0, "size_m": 0.8, "gt_road_overlap": 0.0, "gt_roof_overlap": 1.0 }, "geometry": { "type": "Polygon", "coordinates": [ [ [ 80.443576, 16.3030257 ], [ 80.4435809, 16.3030257 ], [ 80.4435809, 16.3030189 ], [ 80.4435761, 16.3030189 ], [ 80.443576, 16.3030257 ] ] ] } },
{ "type": "Feature", "properties": { "label": "Pothole", "confidence": 0.54, "on_road": 0, "size_m": 2.6, "gt_road_overlap": 0.0, "gt_roof_overlap": 0.0 }, "geometry": { "type": "Polygon", "coordinates": [ [ [ 80.4433646, 16.3026587 ], [ 80.4433886, 16.3026588 ], [ 80.4433886, 16.3026486 ], [ 80.4433646, 16.3026486 ], [ 80.4433646, 16.3026587 ] ] ] } },
{ "type": "Feature", "properties": { "label": "Pothole", "confidence": 0.53, "on_road": 1, "size_m": 2.5, "gt_road_overlap": 1.0, "gt_roof_overlap": 0.0 }, "geometry": { "type": "Polygon", "coordinates": [ [ [ 80.443619, 16.3031275 ], [ 80.4436426, 16.3031275 ], [ 80.4436427, 16.3031065 ], [ 80.4436191, 16.3031065 ], [ 80.443619, 16.3031275 ] ] ] } },
{ "type": "Feature", "properties": { "label": "Pothole", "confidence": 0.52, "on_road": 0, "size_m": 1.6, "gt_road_overlap": 0.0, "gt_roof_overlap": 1.0 }, "geometry": { "type": "Polygon", "coordinates": [ [ [ 80.4435106, 16.3030357 ], [ 80.4435216, 16.3030357 ], [ 80.4435217, 16.3030212 ], [ 80.4435106, 16.3030212 ], [ 80.4435106, 16.3030357 ] ] ] } },
{ "type": "Feature", "properties": { "label": "Pothole", "confidence": 0.52, "on_road": 1, "size_m": 0.6, "gt_road_overlap": 1.0, "gt_roof_overlap": 0.0 }, "geometry": { "type": "Polygon", "coordinates": [ [ [ 80.4440006, 16.3030078 ], [ 80.4440053, 16.3030078 ], [ 80.4440053, 16.303002 ], [ 80.4440006, 16.3030019 ], [ 80.4440006, 16.3030078 ] ] ] } },
{ "type": "Feature", "properties": { "label": "Pothole", "confidence": 0.5, "on_road": 0, "size_m": 2.0, "gt_road_overlap": 0.0, "gt_roof_overlap": 0.0 }, "geometry": { "type": "Polygon", "coordinates": [ [ [ 80.4435795, 16.3027467 ], [ 80.4435978, 16.3027468 ], [ 80.4435978, 16.302738 ], [ 80.4435795, 16.3027379 ], [ 80.4435795, 16.3027467 ] ] ] } },
{ "type": "Feature", "properties": { "label": "Pothole", "confidence": 0.49, "on_road": 0, "size_m": 2.3, "gt_road_overlap": 0.0, "gt_roof_overlap": 0.0 }, "geometry": { "type": "Polygon", "coordinates": [ [ [ 80.4441033, 16.3021651 ], [ 80.4441245, 16.3021651 ], [ 80.4441245, 16.3021543 ], [ 80.4441033, 16.3021542 ], [ 80.4441033, 16.3021651 ] ] ] } },
{ "type": "Feature", "properties": { "label": "Pothole", "confidence": 0.45, "on_road": 0, "size_m": 8.3, "gt_road_overlap": 0.0, "gt_roof_overlap": 0.0 }, "geometry": { "type": "Polygon", "coordinates": [ [ [ 80.4437621, 16.303001 ], [ 80.4438399, 16.3030012 ], [ 80.44384, 16.3029644 ], [ 80.4437622, 16.3029642 ], [ 80.4437621, 16.303001 ] ] ] } },
{ "type": "Feature", "properties": { "label": "Pothole", "confidence": 0.44, "on_road": 1, "size_m": 1.0, "gt_road_overlap": 1.0, "gt_roof_overlap": 0.0 }, "geometry": { "type": "Polygon", "coordinates": [ [ [ 80.4432883, 16.3025527 ], [ 80.4432977, 16.3025528 ], [ 80.4432977, 16.302547 ], [ 80.4432884, 16.3025469 ], [ 80.4432883, 16.3025527 ] ] ] } },
{ "type": "Feature", "properties": { "label": "Pothole", "confidence": 0.43, "on_road": 1, "size_m": 1.0, "gt_road_overlap": 1.0, "gt_roof_overlap": 0.0 }, "geometry": { "type": "Polygon", "coordinates": [ [ [ 80.4438588, 16.3032832 ], [ 80.4438647, 16.3032832 ], [ 80.4438648, 16.3032744 ], [ 80.4438588, 16.3032743 ], [ 80.4438588, 16.3032832 ] ] ] } },
{ "type": "Feature", "properties": { "label": "Pothole", "confidence": 0.42, "on_road": 0, "size_m": 0.6, "gt_road_overlap": 0.0, "gt_roof_overlap": 0.0 }, "geometry": { "type": "Polygon", "coordinates": [ [ [ 80.444111, 16.3027097 ], [ 80.4441163, 16.3027097 ], [ 80.4441163, 16.3027043 ], [ 80.4441111, 16.3027042 ], [ 80.444111, 16.3027097 ] ] ] } },
{ "type": "Feature", "properties": { "label": "Pothole", "confidence": 0.41, "on_road": 0, "size_m": 9.2, "gt_road_overlap": 0.0, "gt_roof_overlap": 0.0 }, "geometry": { "type": "Polygon", "coordinates": [ [ [ 80.4436867, 16.3029577 ], [ 80.4437728, 16.3029579 ], [ 80.443773, 16.3029071 ], [ 80.4436868, 16.3029069 ], [ 80.4436867, 16.3029577 ] ] ] } },
{ "type": "Feature", "properties": { "label": "Pothole", "confidence": 0.41, "on_road": 0, "size_m": 0.6, "gt_road_overlap": 0.0, "gt_roof_overlap": 0.0 }, "geometry": { "type": "Polygon", "coordinates": [ [ [ 80.4439673, 16.3027281 ], [ 80.4439725, 16.3027281 ], [ 80.4439725, 16.3027226 ], [ 80.4439673, 16.3027226 ], [ 80.4439673, 16.3027281 ] ] ] } },
{ "type": "Feature", "properties": { "label": "Pothole", "confidence": 0.41, "on_road": 1, "size_m": 1.3, "gt_road_overlap": 1.0, "gt_roof_overlap": 0.0 }, "geometry": { "type": "Polygon", "coordinates": [ [ [ 80.4430945, 16.3024526 ], [ 80.4431065, 16.3024526 ], [ 80.4431065, 16.3024411 ], [ 80.4430945, 16.302441 ], [ 80.4430945, 16.3024526 ] ] ] } },
{ "type": "Feature", "properties": { "label": "Pothole", "confidence": 0.41, "on_road": 1, "size_m": 1.2, "gt_road_overlap": 1.0, "gt_roof_overlap": 0.0 }, "geometry": { "type": "Polygon", "coordinates": [ [ [ 80.4431166, 16.3024365 ], [ 80.4431256, 16.3024365 ], [ 80.4431256, 16.302426 ], [ 80.4431167, 16.302426 ], [ 80.4431166, 16.3024365 ] ] ] } },
{ "type": "Feature", "properties": { "label": "Pothole", "confidence": 0.4, "on_road": 0, "size_m": 0.6, "gt_road_overlap": 0.0, "gt_roof_overlap": 0.0 }, "geometry": { "type": "Polygon", "coordinates": [ [ [ 80.443975, 16.3027403 ], [ 80.44398, 16.3027403 ], [ 80.44398, 16.3027351 ], [ 80.443975, 16.3027351 ], [ 80.443975, 16.3027403 ] ] ] } },
{ "type": "Feature", "properties": { "label": "Repaired patch", "confidence": 0.4, "on_road": 0, "size_m": 7.0, "gt_road_overlap": 0.0, "gt_roof_overlap": 0.752 }, "geometry": { "type": "Polygon", "coordinates": [ [ [ 80.4431213, 16.3033125 ], [ 80.4431669, 16.3033127 ], [ 80.4431671, 16.3032494 ], [ 80.4431214, 16.3032493 ], [ 80.4431213, 16.3033125 ] ] ] } },
{ "type": "Feature", "properties": { "label": "Pothole", "confidence": 0.37, "on_road": 0, "size_m": 0.6, "gt_road_overlap": 0.0, "gt_roof_overlap": 0.0 }, "geometry": { "type": "Polygon", "coordinates": [ [ [ 80.4440761, 16.3025056 ], [ 80.4440805, 16.3025056 ], [ 80.4440806, 16.3025006 ], [ 80.4440761, 16.3025006 ], [ 80.4440761, 16.3025056 ] ] ] } },
{ "type": "Feature", "properties": { "label": "Pothole", "confidence": 0.37, "on_road": 0, "size_m": 1.9, "gt_road_overlap": 0.0, "gt_roof_overlap": 0.0 }, "geometry": { "type": "Polygon", "coordinates": [ [ [ 80.4440786, 16.3028224 ], [ 80.444096, 16.3028224 ], [ 80.4440961, 16.302808 ], [ 80.4440787, 16.3028079 ], [ 80.4440786, 16.3028224 ] ] ] } },
{ "type": "Feature", "properties": { "label": "Pothole", "confidence": 0.35, "on_road": 0, "size_m": 0.6, "gt_road_overlap": 0.0, "gt_roof_overlap": 0.0 }, "geometry": { "type": "Polygon", "coordinates": [ [ [ 80.4440667, 16.3026902 ], [ 80.4440727, 16.3026902 ], [ 80.4440727, 16.3026848 ], [ 80.4440667, 16.3026848 ], [ 80.4440667, 16.3026902 ] ] ] } },
{ "type": "Feature", "properties": { "label": "Pothole", "confidence": 0.34, "on_road": 0, "size_m": 2.5, "gt_road_overlap": 0.0, "gt_roof_overlap": 0.415 }, "geometry": { "type": "Polygon", "coordinates": [ [ [ 80.4435161, 16.3032499 ], [ 80.4435335, 16.30325 ], [ 80.4435335, 16.3032276 ], [ 80.4435161, 16.3032275 ], [ 80.4435161, 16.3032499 ] ] ] } },
{ "type": "Feature", "properties": { "label": "Pothole", "confidence": 0.33, "on_road": 0, "size_m": 0.7, "gt_road_overlap": 0.0, "gt_roof_overlap": 0.0 }, "geometry": { "type": "Polygon", "coordinates": [ [ [ 80.4429896, 16.3024811 ], [ 80.4429956, 16.3024811 ], [ 80.4429956, 16.3024749 ], [ 80.4429896, 16.3024749 ], [ 80.4429896, 16.3024811 ] ] ] } },
{ "type": "Feature", "properties": { "label": "Pothole", "confidence": 0.33, "on_road": 0, "size_m": 0.7, "gt_road_overlap": 0.0, "gt_roof_overlap": 1.0 }, "geometry": { "type": "Polygon", "coordinates": [ [ [ 80.4433553, 16.3031568 ], [ 80.4433621, 16.3031568 ], [ 80.4433621, 16.303151 ], [ 80.4433554, 16.303151 ], [ 80.4433553, 16.3031568 ] ] ] } },
{ "type": "Feature", "properties": { "label": "Pothole", "confidence": 0.32, "on_road": 1, "size_m": 1.2, "gt_road_overlap": 1.0, "gt_roof_overlap": 0.0 }, "geometry": { "type": "Polygon", "coordinates": [ [ [ 80.4437666, 16.3032502 ], [ 80.4437774, 16.3032503 ], [ 80.4437774, 16.3032398 ], [ 80.4437666, 16.3032398 ], [ 80.4437666, 16.3032502 ] ] ] } },
{ "type": "Feature", "properties": { "label": "Pothole", "confidence": 0.32, "on_road": 1, "size_m": 1.8, "gt_road_overlap": 0.703, "gt_roof_overlap": 0.0 }, "geometry": { "type": "Polygon", "coordinates": [ [ [ 80.4437335, 16.3032443 ], [ 80.4437501, 16.3032443 ], [ 80.4437501, 16.3032335 ], [ 80.4437336, 16.3032334 ], [ 80.4437335, 16.3032443 ] ] ] } },
{ "type": "Feature", "properties": { "label": "Pothole", "confidence": 0.31, "on_road": 1, "size_m": 1.9, "gt_road_overlap": 1.0, "gt_roof_overlap": 0.0 }, "geometry": { "type": "Polygon", "coordinates": [ [ [ 80.4435909, 16.3031198 ], [ 80.4436029, 16.3031198 ], [ 80.443603, 16.3031028 ], [ 80.443591, 16.3031028 ], [ 80.4435909, 16.3031198 ] ] ] } },
{ "type": "Feature", "properties": { "label": "Pothole", "confidence": 0.31, "on_road": 0, "size_m": 0.8, "gt_road_overlap": 0.0, "gt_roof_overlap": 0.0 }, "geometry": { "type": "Polygon", "coordinates": [ [ [ 80.4434598, 16.3027592 ], [ 80.4434675, 16.3027592 ], [ 80.4434675, 16.3027521 ], [ 80.4434598, 16.3027521 ], [ 80.4434598, 16.3027592 ] ] ] } },
{ "type": "Feature", "properties": { "label": "Pothole", "confidence": 0.3, "on_road": 0, "size_m": 2.3, "gt_road_overlap": 0.0, "gt_roof_overlap": 1.0 }, "geometry": { "type": "Polygon", "coordinates": [ [ [ 80.4433984, 16.3028343 ], [ 80.4434097, 16.3028344 ], [ 80.4434098, 16.3028134 ], [ 80.4433985, 16.3028134 ], [ 80.4433984, 16.3028343 ] ] ] } },
{ "type": "Feature", "properties": { "label": "Pothole", "confidence": 0.3, "on_road": 0, "size_m": 3.3, "gt_road_overlap": 0.0, "gt_roof_overlap": 0.0 }, "geometry": { "type": "Polygon", "coordinates": [ [ [ 80.4439725, 16.3026463 ], [ 80.4440002, 16.3026464 ], [ 80.4440003, 16.3026167 ], [ 80.4439726, 16.3026166 ], [ 80.4439725, 16.3026463 ] ] ] } },
{ "type": "Feature", "properties": { "label": "Pothole", "confidence": 0.3, "on_road": 0, "size_m": 6.3, "gt_road_overlap": 0.015, "gt_roof_overlap": 0.0 }, "geometry": { "type": "Polygon", "coordinates": [ [ [ 80.4435331, 16.3027381 ], [ 80.4435918, 16.3027382 ], [ 80.4435919, 16.3027165 ], [ 80.4435331, 16.3027164 ], [ 80.4435331, 16.3027381 ] ] ] } },
{ "type": "Feature", "properties": { "label": "Pothole", "confidence": 0.29, "on_road": 0, "size_m": 0.6, "gt_road_overlap": 0.0, "gt_roof_overlap": 0.0 }, "geometry": { "type": "Polygon", "coordinates": [ [ [ 80.4440269, 16.3027626 ], [ 80.4440325, 16.3027626 ], [ 80.4440326, 16.3027568 ], [ 80.4440269, 16.3027568 ], [ 80.4440269, 16.3027626 ] ] ] } },
{ "type": "Feature", "properties": { "label": "Pothole", "confidence": 0.29, "on_road": 0, "size_m": 0.8, "gt_road_overlap": 0.0, "gt_roof_overlap": 0.0 }, "geometry": { "type": "Polygon", "coordinates": [ [ [ 80.4441263, 16.3026735 ], [ 80.4441338, 16.3026736 ], [ 80.4441338, 16.3026663 ], [ 80.4441263, 16.3026663 ], [ 80.4441263, 16.3026735 ] ] ] } },
{ "type": "Feature", "properties": { "label": "Pothole", "confidence": 0.28, "on_road": 0, "size_m": 1.3, "gt_road_overlap": 0.0, "gt_roof_overlap": 0.978 }, "geometry": { "type": "Polygon", "coordinates": [ [ [ 80.4435394, 16.3030292 ], [ 80.4435479, 16.3030293 ], [ 80.4435479, 16.3030177 ], [ 80.4435395, 16.3030177 ], [ 80.4435394, 16.3030292 ] ] ] } },
{ "type": "Feature", "properties": { "label": "Pothole", "confidence": 0.28, "on_road": 1, "size_m": 0.8, "gt_road_overlap": 0.932, "gt_roof_overlap": 0.0 }, "geometry": { "type": "Polygon", "coordinates": [ [ [ 80.4430629, 16.3024827 ], [ 80.4430697, 16.3024827 ], [ 80.4430697, 16.3024759 ], [ 80.443063, 16.3024758 ], [ 80.4430629, 16.3024827 ] ] ] } },
{ "type": "Feature", "properties": { "label": "Pothole", "confidence": 0.27, "on_road": 0, "size_m": 0.6, "gt_road_overlap": 0.0, "gt_roof_overlap": 0.0 }, "geometry": { "type": "Polygon", "coordinates": [ [ [ 80.4440006, 16.3026917 ], [ 80.4440059, 16.3026918 ], [ 80.4440059, 16.3026874 ], [ 80.4440007, 16.3026874 ], [ 80.4440006, 16.3026917 ] ] ] } },
{ "type": "Feature", "properties": { "label": "Pothole", "confidence": 0.27, "on_road": 0, "size_m": 0.8, "gt_road_overlap": 0.0, "gt_roof_overlap": 0.0 }, "geometry": { "type": "Polygon", "coordinates": [ [ [ 80.4431418, 16.3025437 ], [ 80.4431487, 16.3025437 ], [ 80.4431487, 16.3025365 ], [ 80.4431418, 16.3025364 ], [ 80.4431418, 16.3025437 ] ] ] } },
{ "type": "Feature", "properties": { "label": "Pothole", "confidence": 0.27, "on_road": 0, "size_m": 2.6, "gt_road_overlap": 0.0, "gt_roof_overlap": 0.877 }, "geometry": { "type": "Polygon", "coordinates": [ [ [ 80.4436962, 16.3031132 ], [ 80.4437201, 16.3031133 ], [ 80.4437202, 16.3030894 ], [ 80.4436962, 16.3030893 ], [ 80.4436962, 16.3031132 ] ] ] } },
{ "type": "Feature", "properties": { "label": "Pothole", "confidence": 0.27, "on_road": 0, "size_m": 1.7, "gt_road_overlap": 0.0, "gt_roof_overlap": 1.0 }, "geometry": { "type": "Polygon", "coordinates": [ [ [ 80.4435927, 16.3030373 ], [ 80.4436084, 16.3030374 ], [ 80.4436084, 16.3030229 ], [ 80.4435927, 16.3030229 ], [ 80.4435927, 16.3030373 ] ] ] } },
{ "type": "Feature", "properties": { "label": "Pothole", "confidence": 0.27, "on_road": 0, "size_m": 1.1, "gt_road_overlap": 0.0, "gt_roof_overlap": 0.0 }, "geometry": { "type": "Polygon", "coordinates": [ [ [ 80.4439898, 16.3020086 ], [ 80.4439999, 16.3020086 ], [ 80.4439999, 16.3019992 ], [ 80.4439899, 16.3019992 ], [ 80.4439898, 16.3020086 ] ] ] } },
{ "type": "Feature", "properties": { "label": "Pothole", "confidence": 0.26, "on_road": 0, "size_m": 3.1, "gt_road_overlap": 0.0, "gt_roof_overlap": 0.0 }, "geometry": { "type": "Polygon", "coordinates": [ [ [ 80.4439888, 16.3026557 ], [ 80.444018, 16.3026558 ], [ 80.444018, 16.302639 ], [ 80.4439888, 16.3026389 ], [ 80.4439888, 16.3026557 ] ] ] } },
{ "type": "Feature", "properties": { "label": "Pothole", "confidence": 0.25, "on_road": 0, "size_m": 1.0, "gt_road_overlap": 0.0, "gt_roof_overlap": 0.0 }, "geometry": { "type": "Polygon", "coordinates": [ [ [ 80.4435473, 16.3027467 ], [ 80.4435551, 16.3027467 ], [ 80.4435551, 16.3027377 ], [ 80.4435473, 16.3027376 ], [ 80.4435473, 16.3027467 ] ] ] } },
{ "type": "Feature", "properties": { "label": "Pothole", "confidence": 0.25, "on_road": 1, "size_m": 2.4, "gt_road_overlap": 0.421, "gt_roof_overlap": 0.0 }, "geometry": { "type": "Polygon", "coordinates": [ [ [ 80.443679, 16.3032211 ], [ 80.4437015, 16.3032211 ], [ 80.4437015, 16.3032121 ], [ 80.443679, 16.303212 ], [ 80.443679, 16.3032211 ] ] ] } },
{ "type": "Feature", "properties": { "label": "Pothole", "confidence": 0.97, "on_road": 0, "size_m": 1.5, "gt_road_overlap": 0.0, "gt_roof_overlap": 0.0 }, "geometry": { "type": "Polygon", "coordinates": [ [ [ 80.4443587, 16.3027973 ], [ 80.4443725, 16.3027973 ], [ 80.4443725, 16.3027857 ], [ 80.4443587, 16.3027857 ], [ 80.4443587, 16.3027973 ] ] ] } },
{ "type": "Feature", "properties": { "label": "Pothole", "confidence": 0.38, "on_road": 0, "size_m": 6.4, "gt_road_overlap": 0.052, "gt_roof_overlap": 0.0 }, "geometry": { "type": "Polygon", "coordinates": [ [ [ 80.4443804, 16.3028413 ], [ 80.4444407, 16.3028414 ], [ 80.4444408, 16.3028096 ], [ 80.4443805, 16.3028094 ], [ 80.4443804, 16.3028413 ] ] ] } },
{ "type": "Feature", "properties": { "label": "Pothole", "confidence": 0.37, "on_road": 0, "size_m": 1.2, "gt_road_overlap": 0.0, "gt_roof_overlap": 0.0 }, "geometry": { "type": "Polygon", "coordinates": [ [ [ 80.4442739, 16.3031053 ], [ 80.4442848, 16.3031053 ], [ 80.4442848, 16.3030956 ], [ 80.444274, 16.3030955 ], [ 80.4442739, 16.3031053 ] ] ] } },
{ "type": "Feature", "properties": { "label": "Pothole", "confidence": 0.36, "on_road": 1, "size_m": 0.8, "gt_road_overlap": 1.0, "gt_roof_overlap": 0.0 }, "geometry": { "type": "Polygon", "coordinates": [ [ [ 80.4446792, 16.3022603 ], [ 80.4446833, 16.3022603 ], [ 80.4446833, 16.3022535 ], [ 80.4446792, 16.3022535 ], [ 80.4446792, 16.3022603 ] ] ] } },
{ "type": "Feature", "properties": { "label": "Pothole", "confidence": 0.29, "on_road": 1, "size_m": 2.2, "gt_road_overlap": 0.69, "gt_roof_overlap": 0.0 }, "geometry": { "type": "Polygon", "coordinates": [ [ [ 80.4443886, 16.3022006 ], [ 80.4444088, 16.3022007 ], [ 80.4444089, 16.3021855 ], [ 80.4443887, 16.3021854 ], [ 80.4443886, 16.3022006 ] ] ] } },
{ "type": "Feature", "properties": { "label": "Pothole", "confidence": 0.45, "on_road": 1, "size_m": 2.0, "gt_road_overlap": 0.564, "gt_roof_overlap": 0.0 }, "geometry": { "type": "Polygon", "coordinates": [ [ [ 80.4280929, 16.3018998 ], [ 80.4281094, 16.3018999 ], [ 80.4281095, 16.3018821 ], [ 80.428093, 16.3018821 ], [ 80.4280929, 16.3018998 ] ] ] } },
{ "type": "Feature", "properties": { "label": "Pothole", "confidence": 0.72, "on_road": 0, "size_m": 4.5, "gt_road_overlap": 0.477, "gt_roof_overlap": 0.0 }, "geometry": { "type": "Polygon", "coordinates": [ [ [ 80.4284371, 16.3018065 ], [ 80.4284794, 16.3018067 ], [ 80.4284795, 16.3017864 ], [ 80.4284372, 16.3017863 ], [ 80.4284371, 16.3018065 ] ] ] } },
{ "type": "Feature", "properties": { "label": "Pothole", "confidence": 0.67, "on_road": 1, "size_m": 1.8, "gt_road_overlap": 1.0, "gt_roof_overlap": 0.0 }, "geometry": { "type": "Polygon", "coordinates": [ [ [ 80.4285393, 16.3018188 ], [ 80.4285539, 16.3018188 ], [ 80.4285539, 16.3018029 ], [ 80.4285393, 16.3018028 ], [ 80.4285393, 16.3018188 ] ] ] } },
{ "type": "Feature", "properties": { "label": "Pothole", "confidence": 0.56, "on_road": 1, "size_m": 1.2, "gt_road_overlap": 1.0, "gt_roof_overlap": 0.0 }, "geometry": { "type": "Polygon", "coordinates": [ [ [ 80.428694, 16.3017778 ], [ 80.4287049, 16.3017778 ], [ 80.4287049, 16.3017698 ], [ 80.4286941, 16.3017698 ], [ 80.428694, 16.3017778 ] ] ] } },
{ "type": "Feature", "properties": { "label": "Pothole", "confidence": 0.94, "on_road": 1, "size_m": 3.3, "gt_road_overlap": 1.0, "gt_roof_overlap": 0.0 }, "geometry": { "type": "Polygon", "coordinates": [ [ [ 80.4302845, 16.30197 ], [ 80.4302988, 16.30197 ], [ 80.4302989, 16.3019402 ], [ 80.4302846, 16.3019402 ], [ 80.4302845, 16.30197 ] ] ] } },
{ "type": "Feature", "properties": { "label": "Pothole", "confidence": 0.89, "on_road": 1, "size_m": 0.7, "gt_road_overlap": 1.0, "gt_roof_overlap": 0.0 }, "geometry": { "type": "Polygon", "coordinates": [ [ [ 80.4303143, 16.3013544 ], [ 80.430321, 16.3013544 ], [ 80.430321, 16.3013477 ], [ 80.4303143, 16.3013477 ], [ 80.4303143, 16.3013544 ] ] ] } },
{ "type": "Feature", "properties": { "label": "Pothole", "confidence": 0.83, "on_road": 0, "size_m": 4.2, "gt_road_overlap": 0.906, "gt_roof_overlap": 0.0 }, "geometry": { "type": "Polygon", "coordinates": [ [ [ 80.4307004, 16.3016154 ], [ 80.4307274, 16.3016155 ], [ 80.4307275, 16.3015779 ], [ 80.4307005, 16.3015778 ], [ 80.4307004, 16.3016154 ] ] ] } },
{ "type": "Feature", "properties": { "label": "Pothole", "confidence": 0.51, "on_road": 0, "size_m": 7.3, "gt_road_overlap": 0.998, "gt_roof_overlap": 0.0 }, "geometry": { "type": "Polygon", "coordinates": [ [ [ 80.4301522, 16.3017107 ], [ 80.4301801, 16.3017108 ], [ 80.4301803, 16.3016447 ], [ 80.4301524, 16.3016447 ], [ 80.4301522, 16.3017107 ] ] ] } },
{ "type": "Feature", "properties": { "label": "Pothole", "confidence": 0.5, "on_road": 1, "size_m": 1.6, "gt_road_overlap": 0.745, "gt_roof_overlap": 0.0 }, "geometry": { "type": "Polygon", "coordinates": [ [ [ 80.4304417, 16.3012822 ], [ 80.43045, 16.3012822 ], [ 80.43045, 16.3012681 ], [ 80.4304418, 16.3012681 ], [ 80.4304417, 16.3012822 ] ] ] } },
{ "type": "Feature", "properties": { "label": "Pothole", "confidence": 0.48, "on_road": 0, "size_m": 4.0, "gt_road_overlap": 0.992, "gt_roof_overlap": 0.0 }, "geometry": { "type": "Polygon", "coordinates": [ [ [ 80.429795, 16.301599 ], [ 80.4298262, 16.3015991 ], [ 80.4298263, 16.3015626 ], [ 80.4297951, 16.3015625 ], [ 80.429795, 16.301599 ] ] ] } },
{ "type": "Feature", "properties": { "label": "Pothole", "confidence": 0.45, "on_road": 0, "size_m": 5.8, "gt_road_overlap": 0.494, "gt_roof_overlap": 0.0 }, "geometry": { "type": "Polygon", "coordinates": [ [ [ 80.4303883, 16.3012953 ], [ 80.4304426, 16.3012954 ], [ 80.4304427, 16.3012651 ], [ 80.4303884, 16.3012649 ], [ 80.4303883, 16.3012953 ] ] ] } },
{ "type": "Feature", "properties": { "label": "Pothole", "confidence": 0.41, "on_road": 1, "size_m": 1.3, "gt_road_overlap": 1.0, "gt_roof_overlap": 0.0 }, "geometry": { "type": "Polygon", "coordinates": [ [ [ 80.4298908, 16.3017998 ], [ 80.429902, 16.3017998 ], [ 80.429902, 16.3017883 ], [ 80.4298908, 16.3017882 ], [ 80.4298908, 16.3017998 ] ] ] } },
{ "type": "Feature", "properties": { "label": "Longitudinal crack", "confidence": 0.4, "on_road": 1, "size_m": 4.6, "gt_road_overlap": 0.591, "gt_roof_overlap": 0.0 }, "geometry": { "type": "Polygon", "coordinates": [ [ [ 80.4307911, 16.301204 ], [ 80.4308053, 16.301204 ], [ 80.4308054, 16.3011628 ], [ 80.4307912, 16.3011628 ], [ 80.4307911, 16.301204 ] ] ] } },
{ "type": "Feature", "properties": { "label": "Pothole", "confidence": 0.4, "on_road": 0, "size_m": 7.2, "gt_road_overlap": 0.728, "gt_roof_overlap": 0.0 }, "geometry": { "type": "Polygon", "coordinates": [ [ [ 80.4307579, 16.3017922 ], [ 80.4308036, 16.3017923 ], [ 80.4308038, 16.3017272 ], [ 80.4307581, 16.3017271 ], [ 80.4307579, 16.3017922 ] ] ] } },
{ "type": "Feature", "properties": { "label": "Pothole", "confidence": 0.4, "on_road": 0, "size_m": 0.6, "gt_road_overlap": 0.035, "gt_roof_overlap": 0.0 }, "geometry": { "type": "Polygon", "coordinates": [ [ [ 80.4302263, 16.3013332 ], [ 80.4302323, 16.3013332 ], [ 80.4302323, 16.3013288 ], [ 80.4302263, 16.3013288 ], [ 80.4302263, 16.3013332 ] ] ] } },
{ "type": "Feature", "properties": { "label": "Pothole", "confidence": 0.37, "on_road": 1, "size_m": 1.3, "gt_road_overlap": 1.0, "gt_roof_overlap": 0.0 }, "geometry": { "type": "Polygon", "coordinates": [ [ [ 80.4300537, 16.3014002 ], [ 80.4300657, 16.3014003 ], [ 80.4300657, 16.301392 ], [ 80.4300537, 16.301392 ], [ 80.4300537, 16.3014002 ] ] ] } },
{ "type": "Feature", "properties": { "label": "Pothole", "confidence": 0.37, "on_road": 1, "size_m": 1.1, "gt_road_overlap": 1.0, "gt_roof_overlap": 0.0 }, "geometry": { "type": "Polygon", "coordinates": [ [ [ 80.4294612, 16.3015735 ], [ 80.4294713, 16.3015735 ], [ 80.4294714, 16.3015675 ], [ 80.4294613, 16.3015675 ], [ 80.4294612, 16.3015735 ] ] ] } },
{ "type": "Feature", "properties": { "label": "Pothole", "confidence": 0.34, "on_road": 1, "size_m": 0.8, "gt_road_overlap": 1.0, "gt_roof_overlap": 0.0 }, "geometry": { "type": "Polygon", "coordinates": [ [ [ 80.4306422, 16.3014121 ], [ 80.4306493, 16.3014121 ], [ 80.4306494, 16.3014059 ], [ 80.4306422, 16.3014058 ], [ 80.4306422, 16.3014121 ] ] ] } },
{ "type": "Feature", "properties": { "label": "Pothole", "confidence": 0.31, "on_road": 1, "size_m": 0.9, "gt_road_overlap": 1.0, "gt_roof_overlap": 0.0 }, "geometry": { "type": "Polygon", "coordinates": [ [ [ 80.4304298, 16.3013127 ], [ 80.430438, 16.3013127 ], [ 80.430438, 16.3013071 ], [ 80.4304298, 16.3013071 ], [ 80.4304298, 16.3013127 ] ] ] } },
{ "type": "Feature", "properties": { "label": "Pothole", "confidence": 0.31, "on_road": 1, "size_m": 2.3, "gt_road_overlap": 1.0, "gt_roof_overlap": 0.0 }, "geometry": { "type": "Polygon", "coordinates": [ [ [ 80.4295219, 16.3015408 ], [ 80.4295432, 16.3015409 ], [ 80.4295433, 16.3015235 ], [ 80.4295219, 16.3015235 ], [ 80.4295219, 16.3015408 ] ] ] } },
{ "type": "Feature", "properties": { "label": "Pothole", "confidence": 0.29, "on_road": 0, "size_m": 5.2, "gt_road_overlap": 0.079, "gt_roof_overlap": 0.0 }, "geometry": { "type": "Polygon", "coordinates": [ [ [ 80.429984, 16.3013833 ], [ 80.430033, 16.3013835 ], [ 80.430033, 16.301358 ], [ 80.4299841, 16.3013578 ], [ 80.429984, 16.3013833 ] ] ] } },
{ "type": "Feature", "properties": { "label": "Pothole", "confidence": 0.27, "on_road": 0, "size_m": 2.2, "gt_road_overlap": 0.0, "gt_roof_overlap": 1.0 }, "geometry": { "type": "Polygon", "coordinates": [ [ [ 80.4297304, 16.3018626 ], [ 80.4297464, 16.3018627 ], [ 80.4297465, 16.3018428 ], [ 80.4297304, 16.3018428 ], [ 80.4297304, 16.3018626 ] ] ] } },
{ "type": "Feature", "properties": { "label": "Pothole", "confidence": 0.67, "on_road": 0, "size_m": 2.8, "gt_road_overlap": 0.0, "gt_roof_overlap": 0.0 }, "geometry": { "type": "Polygon", "coordinates": [ [ [ 80.4310131, 16.3013479 ], [ 80.4310393, 16.301348 ], [ 80.4310394, 16.3013249 ], [ 80.4310131, 16.3013248 ], [ 80.4310131, 16.3013479 ] ] ] } },
{ "type": "Feature", "properties": { "label": "Pothole", "confidence": 0.64, "on_road": 0, "size_m": 2.1, "gt_road_overlap": 0.0, "gt_roof_overlap": 0.0 }, "geometry": { "type": "Polygon", "coordinates": [ [ [ 80.4308397, 16.3015342 ], [ 80.4308566, 16.3015343 ], [ 80.4308567, 16.3015155 ], [ 80.4308398, 16.3015154 ], [ 80.4308397, 16.3015342 ] ] ] } },
{ "type": "Feature", "properties": { "label": "Pothole", "confidence": 0.5, "on_road": 0, "size_m": 3.8, "gt_road_overlap": 0.0, "gt_roof_overlap": 0.307 }, "geometry": { "type": "Polygon", "coordinates": [ [ [ 80.4309372, 16.3015538 ], [ 80.4309717, 16.3015539 ], [ 80.4309718, 16.30152 ], [ 80.4309373, 16.3015199 ], [ 80.4309372, 16.3015538 ] ] ] } },
{ "type": "Feature", "properties": { "label": "Pothole", "confidence": 0.45, "on_road": 0, "size_m": 2.3, "gt_road_overlap": 0.0, "gt_roof_overlap": 0.0 }, "geometry": { "type": "Polygon", "coordinates": [ [ [ 80.4309355, 16.3013134 ], [ 80.4309572, 16.3013134 ], [ 80.4309572, 16.3013011 ], [ 80.4309355, 16.3013011 ], [ 80.4309355, 16.3013134 ] ] ] } },
{ "type": "Feature", "properties": { "label": "Pothole", "confidence": 0.45, "on_road": 0, "size_m": 0.7, "gt_road_overlap": 0.0, "gt_roof_overlap": 0.0 }, "geometry": { "type": "Polygon", "coordinates": [ [ [ 80.4311864, 16.301643 ], [ 80.4311928, 16.301643 ], [ 80.4311928, 16.301638 ], [ 80.4311864, 16.301638 ], [ 80.4311864, 16.301643 ] ] ] } },
{ "type": "Feature", "properties": { "label": "Longitudinal crack", "confidence": 0.41, "on_road": 1, "size_m": 5.6, "gt_road_overlap": 0.799, "gt_roof_overlap": 0.0 }, "geometry": { "type": "Polygon", "coordinates": [ [ [ 80.4318752, 16.3009523 ], [ 80.4318931, 16.3009524 ], [ 80.4318933, 16.3009018 ], [ 80.4318753, 16.3009017 ], [ 80.4318752, 16.3009523 ] ] ] } },
{ "type": "Feature", "properties": { "label": "Pothole", "confidence": 0.41, "on_road": 0, "size_m": 1.6, "gt_road_overlap": 0.0, "gt_roof_overlap": 0.0 }, "geometry": { "type": "Polygon", "coordinates": [ [ [ 80.4309161, 16.3013549 ], [ 80.4309311, 16.301355 ], [ 80.4309311, 16.3013409 ], [ 80.4309161, 16.3013408 ], [ 80.4309161, 16.3013549 ] ] ] } },
{ "type": "Feature", "properties": { "label": "Pothole", "confidence": 0.34, "on_road": 0, "size_m": 1.2, "gt_road_overlap": 0.0, "gt_roof_overlap": 0.0 }, "geometry": { "type": "Polygon", "coordinates": [ [ [ 80.4312741, 16.3015998 ], [ 80.4312801, 16.3015998 ], [ 80.4312801, 16.3015893 ], [ 80.4312741, 16.3015893 ], [ 80.4312741, 16.3015998 ] ] ] } },
{ "type": "Feature", "properties": { "label": "Pothole", "confidence": 0.31, "on_road": 0, "size_m": 1.0, "gt_road_overlap": 0.0, "gt_roof_overlap": 0.0 }, "geometry": { "type": "Polygon", "coordinates": [ [ [ 80.4308935, 16.3013276 ], [ 80.4309023, 16.3013277 ], [ 80.4309023, 16.3013183 ], [ 80.4308935, 16.3013182 ], [ 80.4308935, 16.3013276 ] ] ] } },
{ "type": "Feature", "properties": { "label": "Longitudinal crack", "confidence": 0.29, "on_road": 1, "size_m": 5.0, "gt_road_overlap": 0.868, "gt_roof_overlap": 0.0 }, "geometry": { "type": "Polygon", "coordinates": [ [ [ 80.4321065, 16.3008946 ], [ 80.4321219, 16.3008947 ], [ 80.432122, 16.3008491 ], [ 80.4321067, 16.3008491 ], [ 80.4321065, 16.3008946 ] ] ] } },
{ "type": "Feature", "properties": { "label": "Pothole", "confidence": 0.29, "on_road": 0, "size_m": 2.9, "gt_road_overlap": 0.0, "gt_roof_overlap": 0.0 }, "geometry": { "type": "Polygon", "coordinates": [ [ [ 80.431079, 16.3011917 ], [ 80.431106, 16.3011918 ], [ 80.4311061, 16.3011701 ], [ 80.4310791, 16.30117 ], [ 80.431079, 16.3011917 ] ] ] } },
{ "type": "Feature", "properties": { "label": "Pothole", "confidence": 0.28, "on_road": 0, "size_m": 0.9, "gt_road_overlap": 0.0, "gt_roof_overlap": 1.0 }, "geometry": { "type": "Polygon", "coordinates": [ [ [ 80.4312375, 16.3013704 ], [ 80.4312461, 16.3013704 ], [ 80.4312461, 16.3013624 ], [ 80.4312375, 16.3013624 ], [ 80.4312375, 16.3013704 ] ] ] } },
{ "type": "Feature", "properties": { "label": "Pothole", "confidence": 0.79, "on_road": 1, "size_m": 1.4, "gt_road_overlap": 0.904, "gt_roof_overlap": 0.0 }, "geometry": { "type": "Polygon", "coordinates": [ [ [ 80.4331546, 16.3015914 ], [ 80.4331637, 16.3015915 ], [ 80.4331638, 16.3015788 ], [ 80.4331546, 16.3015788 ], [ 80.4331546, 16.3015914 ] ] ] } },
{ "type": "Feature", "properties": { "label": "Pothole", "confidence": 0.71, "on_road": 0, "size_m": 1.2, "gt_road_overlap": 0.0, "gt_roof_overlap": 0.0 }, "geometry": { "type": "Polygon", "coordinates": [ [ [ 80.432415, 16.3017363 ], [ 80.4324228, 16.3017363 ], [ 80.4324228, 16.301725 ], [ 80.4324151, 16.301725 ], [ 80.432415, 16.3017363 ] ] ] } },
{ "type": "Feature", "properties": { "label": "Pothole", "confidence": 0.64, "on_road": 1, "size_m": 2.5, "gt_road_overlap": 0.481, "gt_roof_overlap": 0.0 }, "geometry": { "type": "Polygon", "coordinates": [ [ [ 80.4328029, 16.3017131 ], [ 80.4328261, 16.3017131 ], [ 80.4328262, 16.3017048 ], [ 80.432803, 16.3017048 ], [ 80.4328029, 16.3017131 ] ] ] } },
{ "type": "Feature", "properties": { "label": "Pothole", "confidence": 0.63, "on_road": 1, "size_m": 0.8, "gt_road_overlap": 1.0, "gt_roof_overlap": 0.0 }, "geometry": { "type": "Polygon", "coordinates": [ [ [ 80.4333129, 16.3016719 ], [ 80.4333204, 16.3016719 ], [ 80.4333204, 16.3016647 ], [ 80.4333129, 16.3016646 ], [ 80.4333129, 16.3016719 ] ] ] } },
{ "type": "Feature", "properties": { "label": "Pothole", "confidence": 0.62, "on_road": 0, "size_m": 0.7, "gt_road_overlap": 0.0, "gt_roof_overlap": 0.0 }, "geometry": { "type": "Polygon", "coordinates": [ [ [ 80.4326696, 16.3017066 ], [ 80.4326759, 16.3017066 ], [ 80.4326759, 16.3017023 ], [ 80.4326696, 16.3017022 ], [ 80.4326696, 16.3017066 ] ] ] } },
{ "type": "Feature", "properties": { "label": "Pothole", "confidence": 0.52, "on_road": 1, "size_m": 0.6, "gt_road_overlap": 1.0, "gt_roof_overlap": 0.0 }, "geometry": { "type": "Polygon", "coordinates": [ [ [ 80.4334416, 16.3016352 ], [ 80.4334476, 16.3016353 ], [ 80.4334476, 16.3016295 ], [ 80.4334416, 16.3016295 ], [ 80.4334416, 16.3016352 ] ] ] } },
{ "type": "Feature", "properties": { "label": "Pothole", "confidence": 0.51, "on_road": 1, "size_m": 0.8, "gt_road_overlap": 0.658, "gt_roof_overlap": 0.0 }, "geometry": { "type": "Polygon", "coordinates": [ [ [ 80.4323501, 16.3014814 ], [ 80.4323561, 16.3014814 ], [ 80.4323561, 16.3014745 ], [ 80.4323501, 16.3014745 ], [ 80.4323501, 16.3014814 ] ] ] } },
{ "type": "Feature", "properties": { "label": "Pothole", "confidence": 0.5, "on_road": 0, "size_m": 1.5, "gt_road_overlap": 1.0, "gt_roof_overlap": 0.435 }, "geometry": { "type": "Polygon", "coordinates": [ [ [ 80.4333191, 16.3016026 ], [ 80.4333328, 16.3016027 ], [ 80.4333328, 16.3015942 ], [ 80.4333191, 16.3015941 ], [ 80.4333191, 16.3016026 ] ] ] } },
{ "type": "Feature", "properties": { "label": "Pothole", "confidence": 0.46, "on_road": 1, "size_m": 1.4, "gt_road_overlap": 1.0, "gt_roof_overlap": 0.0 }, "geometry": { "type": "Polygon", "coordinates": [ [ [ 80.4321577, 16.3014122 ], [ 80.4321655, 16.3014122 ], [ 80.4321656, 16.3013998 ], [ 80.4321577, 16.3013997 ], [ 80.4321577, 16.3014122 ] ] ] } },
{ "type": "Feature", "properties": { "label": "Pothole", "confidence": 0.4, "on_road": 1, "size_m": 1.0, "gt_road_overlap": 1.0, "gt_roof_overlap": 0.0 }, "geometry": { "type": "Polygon", "coordinates": [ [ [ 80.4329196, 16.3008875 ], [ 80.432929, 16.3008875 ], [ 80.432929, 16.3008781 ], [ 80.4329196, 16.3008781 ], [ 80.4329196, 16.3008875 ] ] ] } },
{ "type": "Feature", "properties": { "label": "Pothole", "confidence": 0.39, "on_road": 0, "size_m": 2.8, "gt_road_overlap": 0.0, "gt_roof_overlap": 1.0 }, "geometry": { "type": "Polygon", "coordinates": [ [ [ 80.4328872, 16.3011565 ], [ 80.4329115, 16.3011565 ], [ 80.4329116, 16.3011312 ], [ 80.4328873, 16.3011311 ], [ 80.4328872, 16.3011565 ] ] ] } },
{ "type": "Feature", "properties": { "label": "Pothole", "confidence": 0.39, "on_road": 1, "size_m": 0.8, "gt_road_overlap": 1.0, "gt_roof_overlap": 0.0 }, "geometry": { "type": "Polygon", "coordinates": [ [ [ 80.4329347, 16.3016924 ], [ 80.4329422, 16.3016924 ], [ 80.4329422, 16.3016864 ], [ 80.4329347, 16.3016864 ], [ 80.4329347, 16.3016924 ] ] ] } },
{ "type": "Feature", "properties": { "label": "Pothole", "confidence": 0.35, "on_road": 0, "size_m": 0.9, "gt_road_overlap": 0.433, "gt_roof_overlap": 0.471 }, "geometry": { "type": "Polygon", "coordinates": [ [ [ 80.4330748, 16.3012866 ], [ 80.4330819, 16.3012866 ], [ 80.4330819, 16.3012788 ], [ 80.4330748, 16.3012788 ], [ 80.4330748, 16.3012866 ] ] ] } },
{ "type": "Feature", "properties": { "label": "Pothole", "confidence": 0.32, "on_road": 0, "size_m": 2.0, "gt_road_overlap": 0.0, "gt_roof_overlap": 1.0 }, "geometry": { "type": "Polygon", "coordinates": [ [ [ 80.433288, 16.3010956 ], [ 80.4333071, 16.3010957 ], [ 80.4333071, 16.3010841 ], [ 80.433288, 16.301084 ], [ 80.433288, 16.3010956 ] ] ] } },
{ "type": "Feature", "properties": { "label": "Pothole", "confidence": 0.31, "on_road": 1, "size_m": 2.4, "gt_road_overlap": 0.904, "gt_roof_overlap": 0.0 }, "geometry": { "type": "Polygon", "coordinates": [ [ [ 80.432327, 16.3014384 ], [ 80.4323442, 16.3014385 ], [ 80.4323443, 16.3014168 ], [ 80.4323271, 16.3014167 ], [ 80.432327, 16.3014384 ] ] ] } },
{ "type": "Feature", "properties": { "label": "Pothole", "confidence": 0.3, "on_road": 1, "size_m": 1.0, "gt_road_overlap": 0.634, "gt_roof_overlap": 0.0 }, "geometry": { "type": "Polygon", "coordinates": [ [ [ 80.4334279, 16.3010028 ], [ 80.4334373, 16.3010028 ], [ 80.4334373, 16.3009941 ], [ 80.4334279, 16.3009941 ], [ 80.4334279, 16.3010028 ] ] ] } },
{ "type": "Feature", "properties": { "label": "Pothole", "confidence": 0.26, "on_road": 1, "size_m": 2.9, "gt_road_overlap": 1.0, "gt_roof_overlap": 0.0 }, "geometry": { "type": "Polygon", "coordinates": [ [ [ 80.4329172, 16.3008879 ], [ 80.4329284, 16.3008879 ], [ 80.4329285, 16.3008619 ], [ 80.4329172, 16.3008618 ], [ 80.4329172, 16.3008879 ] ] ] } },
{ "type": "Feature", "properties": { "label": "Pothole", "confidence": 0.89, "on_road": 0, "size_m": 1.4, "gt_road_overlap": 0.0, "gt_roof_overlap": 0.0 }, "geometry": { "type": "Polygon", "coordinates": [ [ [ 80.4341569, 16.301511 ], [ 80.4341704, 16.301511 ], [ 80.4341704, 16.3014987 ], [ 80.434157, 16.3014987 ], [ 80.4341569, 16.301511 ] ] ] } },
{ "type": "Feature", "properties": { "label": "Pothole", "confidence": 0.89, "on_road": 1, "size_m": 1.0, "gt_road_overlap": 1.0, "gt_roof_overlap": 0.0 }, "geometry": { "type": "Polygon", "coordinates": [ [ [ 80.4341295, 16.3007985 ], [ 80.4341381, 16.3007985 ], [ 80.4341381, 16.3007891 ], [ 80.4341295, 16.3007891 ], [ 80.4341295, 16.3007985 ] ] ] } },
{ "type": "Feature", "properties": { "label": "Pothole", "confidence": 0.75, "on_road": 0, "size_m": 3.9, "gt_road_overlap": 0.0, "gt_roof_overlap": 1.0 }, "geometry": { "type": "Polygon", "coordinates": [ [ [ 80.4340692, 16.3010712 ], [ 80.4341057, 16.3010713 ], [ 80.4341058, 16.3010402 ], [ 80.4340693, 16.3010401 ], [ 80.4340692, 16.3010712 ] ] ] } },
{ "type": "Feature", "properties": { "label": "Pothole", "confidence": 0.66, "on_road": 0, "size_m": 0.8, "gt_road_overlap": 0.0, "gt_roof_overlap": 0.0 }, "geometry": { "type": "Polygon", "coordinates": [ [ [ 80.4335586, 16.3015195 ], [ 80.4335664, 16.3015195 ], [ 80.4335665, 16.3015119 ], [ 80.4335586, 16.3015119 ], [ 80.4335586, 16.3015195 ] ] ] } },
{ "type": "Feature", "properties": { "label": "Pothole", "confidence": 0.65, "on_road": 1, "size_m": 0.8, "gt_road_overlap": 1.0, "gt_roof_overlap": 0.0 }, "geometry": { "type": "Polygon", "coordinates": [ [ [ 80.4347821, 16.3008354 ], [ 80.4347892, 16.3008354 ], [ 80.4347892, 16.3008289 ], [ 80.4347821, 16.3008289 ], [ 80.4347821, 16.3008354 ] ] ] } },
{ "type": "Feature", "properties": { "label": "Pothole", "confidence": 0.51, "on_road": 0, "size_m": 1.0, "gt_road_overlap": 0.0, "gt_roof_overlap": 1.0 }, "geometry": { "type": "Polygon", "coordinates": [ [ [ 80.4339905, 16.3011882 ], [ 80.4339995, 16.3011882 ], [ 80.4339995, 16.3011791 ], [ 80.4339905, 16.3011791 ], [ 80.4339905, 16.3011882 ] ] ] } },
{ "type": "Feature", "properties": { "label": "Pothole", "confidence": 0.48, "on_road": 1, "size_m": 0.6, "gt_road_overlap": 1.0, "gt_roof_overlap": 0.0 }, "geometry": { "type": "Polygon", "coordinates": [ [ [ 80.4343443, 16.3014478 ], [ 80.4343503, 16.3014478 ], [ 80.4343503, 16.3014421 ], [ 80.4343443, 16.301442 ], [ 80.4343443, 16.3014478 ] ] ] } },
{ "type": "Feature", "properties": { "label": "Pothole", "confidence": 0.47, "on_road": 1, "size_m": 1.0, "gt_road_overlap": 1.0, "gt_roof_overlap": 0.0 }, "geometry": { "type": "Polygon", "coordinates": [ [ [ 80.4335176, 16.3011628 ], [ 80.4335219, 16.3011629 ], [ 80.4335219, 16.3011538 ], [ 80.4335176, 16.3011538 ], [ 80.4335176, 16.3011628 ] ] ] } },
{ "type": "Feature", "properties": { "label": "Pothole", "confidence": 0.42, "on_road": 0, "size_m": 0.9, "gt_road_overlap": 0.0, "gt_roof_overlap": 0.0 }, "geometry": { "type": "Polygon", "coordinates": [ [ [ 80.4340496, 16.3009914 ], [ 80.434056, 16.3009914 ], [ 80.434056, 16.3009833 ], [ 80.4340497, 16.3009833 ], [ 80.4340496, 16.3009914 ] ] ] } },
{ "type": "Feature", "properties": { "label": "Pothole", "confidence": 0.35, "on_road": 0, "size_m": 2.5, "gt_road_overlap": 0.0, "gt_roof_overlap": 0.302 }, "geometry": { "type": "Polygon", "coordinates": [ [ [ 80.4342496, 16.3009176 ], [ 80.4342732, 16.3009176 ], [ 80.4342732, 16.3009081 ], [ 80.4342496, 16.3009081 ], [ 80.4342496, 16.3009176 ] ] ] } },
{ "type": "Feature", "properties": { "label": "Pothole", "confidence": 0.32, "on_road": 0, "size_m": 2.5, "gt_road_overlap": 0.0, "gt_roof_overlap": 1.0 }, "geometry": { "type": "Polygon", "coordinates": [ [ [ 80.4341942, 16.3017107 ], [ 80.4342054, 16.3017107 ], [ 80.4342055, 16.3016883 ], [ 80.4341942, 16.3016882 ], [ 80.4341942, 16.3017107 ] ] ] } },
{ "type": "Feature", "properties": { "label": "Pothole", "confidence": 0.29, "on_road": 1, "size_m": 3.2, "gt_road_overlap": 1.0, "gt_roof_overlap": 0.0 }, "geometry": { "type": "Polygon", "coordinates": [ [ [ 80.4334913, 16.3010799 ], [ 80.4335093, 16.3010799 ], [ 80.4335094, 16.301051 ], [ 80.4334914, 16.301051 ], [ 80.4334913, 16.3010799 ] ] ] } },
{ "type": "Feature", "properties": { "label": "Pothole", "confidence": 0.28, "on_road": 1, "size_m": 2.0, "gt_road_overlap": 1.0, "gt_roof_overlap": 0.0 }, "geometry": { "type": "Polygon", "coordinates": [ [ [ 80.4346793, 16.3014057 ], [ 80.4346984, 16.3014057 ], [ 80.4346985, 16.3013931 ], [ 80.4346794, 16.301393 ], [ 80.4346793, 16.3014057 ] ] ] } },
{ "type": "Feature", "properties": { "label": "Transverse crack", "confidence": 0.26, "on_road": 0, "size_m": 3.5, "gt_road_overlap": 0.0, "gt_roof_overlap": 1.0 }, "geometry": { "type": "Polygon", "coordinates": [ [ [ 80.4340524, 16.3016485 ], [ 80.434085, 16.3016486 ], [ 80.4340851, 16.3016287 ], [ 80.4340525, 16.3016287 ], [ 80.4340524, 16.3016485 ] ] ] } },
{ "type": "Feature", "properties": { "label": "Pothole", "confidence": 0.83, "on_road": 1, "size_m": 1.2, "gt_road_overlap": 1.0, "gt_roof_overlap": 0.0 }, "geometry": { "type": "Polygon", "coordinates": [ [ [ 80.4354924, 16.3008749 ], [ 80.4355033, 16.3008749 ], [ 80.4355033, 16.3008648 ], [ 80.4354924, 16.3008648 ], [ 80.4354924, 16.3008749 ] ] ] } },
{ "type": "Feature", "properties": { "label": "Pothole", "confidence": 0.54, "on_road": 0, "size_m": 5.0, "gt_road_overlap": 1.0, "gt_roof_overlap": 0.238 }, "geometry": { "type": "Polygon", "coordinates": [ [ [ 80.4355257, 16.3009634 ], [ 80.4355476, 16.3009634 ], [ 80.4355477, 16.3009182 ], [ 80.4355258, 16.3009182 ], [ 80.4355257, 16.3009634 ] ] ] } },
{ "type": "Feature", "properties": { "label": "Pothole", "confidence": 0.49, "on_road": 1, "size_m": 1.9, "gt_road_overlap": 1.0, "gt_roof_overlap": 0.236 }, "geometry": { "type": "Polygon", "coordinates": [ [ [ 80.4355519, 16.3010873 ], [ 80.4355594, 16.3010874 ], [ 80.4355594, 16.30107 ], [ 80.4355519, 16.3010699 ], [ 80.4355519, 16.3010873 ] ] ] } },
{ "type": "Feature", "properties": { "label": "Pothole", "confidence": 0.37, "on_road": 1, "size_m": 2.8, "gt_road_overlap": 1.0, "gt_roof_overlap": 0.0 }, "geometry": { "type": "Polygon", "coordinates": [ [ [ 80.4350959, 16.3012539 ], [ 80.4351226, 16.3012539 ], [ 80.4351226, 16.3012474 ], [ 80.435096, 16.3012473 ], [ 80.4350959, 16.3012539 ] ] ] } },
{ "type": "Feature", "properties": { "label": "Pothole", "confidence": 0.36, "on_road": 0, "size_m": 0.7, "gt_road_overlap": 1.0, "gt_roof_overlap": 1.0 }, "geometry": { "type": "Polygon", "coordinates": [ [ [ 80.43548, 16.3008286 ], [ 80.4354864, 16.3008286 ], [ 80.4354864, 16.3008224 ], [ 80.43548, 16.3008224 ], [ 80.43548, 16.3008286 ] ] ] } },
{ "type": "Feature", "properties": { "label": "Pothole", "confidence": 0.34, "on_road": 0, "size_m": 4.6, "gt_road_overlap": 1.0, "gt_roof_overlap": 0.0 }, "geometry": { "type": "Polygon", "coordinates": [ [ [ 80.4350763, 16.3013044 ], [ 80.4351198, 16.3013045 ], [ 80.4351198, 16.3012865 ], [ 80.4350764, 16.3012863 ], [ 80.4350763, 16.3013044 ] ] ] } },
{ "type": "Feature", "properties": { "label": "Longitudinal crack", "confidence": 0.33, "on_road": 1, "size_m": 5.6, "gt_road_overlap": 1.0, "gt_roof_overlap": 0.003 }, "geometry": { "type": "Polygon", "coordinates": [ [ [ 80.4356706, 16.3012064 ], [ 80.4356843, 16.3012064 ], [ 80.4356845, 16.3011554 ], [ 80.4356707, 16.3011554 ], [ 80.4356706, 16.3012064 ] ] ] } },
{ "type": "Feature", "properties": { "label": "Pothole", "confidence": 0.26, "on_road": 1, "size_m": 3.3, "gt_road_overlap": 0.811, "gt_roof_overlap": 0.0 }, "geometry": { "type": "Polygon", "coordinates": [ [ [ 80.4356145, 16.3017064 ], [ 80.4356456, 16.3017065 ], [ 80.4356456, 16.3016937 ], [ 80.4356145, 16.3016936 ], [ 80.4356145, 16.3017064 ] ] ] } },
{ "type": "Feature", "properties": { "label": "Pothole", "confidence": 0.83, "on_road": 0, "size_m": 1.8, "gt_road_overlap": 0.0, "gt_roof_overlap": 0.0 }, "geometry": { "type": "Polygon", "coordinates": [ [ [ 80.4368195, 16.3010162 ], [ 80.4368367, 16.3010162 ], [ 80.4368367, 16.3010032 ], [ 80.4368195, 16.3010032 ], [ 80.4368195, 16.3010162 ] ] ] } },
{ "type": "Feature", "properties": { "label": "Pothole", "confidence": 0.56, "on_road": 0, "size_m": 1.2, "gt_road_overlap": 0.0, "gt_roof_overlap": 0.0 }, "geometry": { "type": "Polygon", "coordinates": [ [ [ 80.4361976, 16.3006801 ], [ 80.4362085, 16.3006801 ], [ 80.4362085, 16.3006707 ], [ 80.4361976, 16.3006707 ], [ 80.4361976, 16.3006801 ] ] ] } },
{ "type": "Feature", "properties": { "label": "Pothole", "confidence": 0.48, "on_road": 0, "size_m": 1.3, "gt_road_overlap": 0.0, "gt_roof_overlap": 0.0 }, "geometry": { "type": "Polygon", "coordinates": [ [ [ 80.4372293, 16.3016678 ], [ 80.4372413, 16.3016678 ], [ 80.4372413, 16.3016613 ], [ 80.4372293, 16.3016613 ], [ 80.4372293, 16.3016678 ] ] ] } },
{ "type": "Feature", "properties": { "label": "Pothole", "confidence": 0.43, "on_road": 1, "size_m": 0.7, "gt_road_overlap": 1.0, "gt_roof_overlap": 0.0 }, "geometry": { "type": "Polygon", "coordinates": [ [ [ 80.4371957, 16.3014779 ], [ 80.4372002, 16.3014779 ], [ 80.4372003, 16.3014714 ], [ 80.4371958, 16.3014713 ], [ 80.4371957, 16.3014779 ] ] ] } },
{ "type": "Feature", "properties": { "label": "Pothole", "confidence": 0.42, "on_road": 0, "size_m": 0.9, "gt_road_overlap": 0.0, "gt_roof_overlap": 0.0 }, "geometry": { "type": "Polygon", "coordinates": [ [ [ 80.4374824, 16.3008748 ], [ 80.4374906, 16.3008748 ], [ 80.4374906, 16.3008695 ], [ 80.4374824, 16.3008694 ], [ 80.4374824, 16.3008748 ] ] ] } },
{ "type": "Feature", "properties": { "label": "Alligator crack", "confidence": 0.39, "on_road": 0, "size_m": 13.6, "gt_road_overlap": 0.0, "gt_roof_overlap": 0.794 }, "geometry": { "type": "Polygon", "coordinates": [ [ [ 80.437231, 16.3010961 ], [ 80.4373369, 16.3010964 ], [ 80.4373372, 16.3009733 ], [ 80.4372314, 16.300973 ], [ 80.437231, 16.3010961 ] ] ] } },
{ "type": "Feature", "properties": { "label": "Pothole", "confidence": 0.34, "on_road": 1, "size_m": 2.8, "gt_road_overlap": 1.0, "gt_roof_overlap": 0.0 }, "geometry": { "type": "Polygon", "coordinates": [ [ [ 80.4366927, 16.3015543 ], [ 80.4367186, 16.3015543 ], [ 80.4367186, 16.3015442 ], [ 80.4366928, 16.3015441 ], [ 80.4366927, 16.3015543 ] ] ] } },
{ "type": "Feature", "properties": { "label": "Pothole", "confidence": 0.32, "on_road": 0, "size_m": 2.2, "gt_road_overlap": 0.711, "gt_roof_overlap": 1.0 }, "geometry": { "type": "Polygon", "coordinates": [ [ [ 80.4372534, 16.3017356 ], [ 80.4372736, 16.3017357 ], [ 80.4372737, 16.3017303 ], [ 80.4372534, 16.3017302 ], [ 80.4372534, 16.3017356 ] ] ] } },
{ "type": "Feature", "properties": { "label": "Pothole", "confidence": 0.28, "on_road": 0, "size_m": 1.2, "gt_road_overlap": 1.0, "gt_roof_overlap": 1.0 }, "geometry": { "type": "Polygon", "coordinates": [ [ [ 80.4363861, 16.3014044 ], [ 80.4363934, 16.3014044 ], [ 80.4363934, 16.3013939 ], [ 80.4363861, 16.3013939 ], [ 80.4363861, 16.3014044 ] ] ] } },
{ "type": "Feature", "properties": { "label": "Pothole", "confidence": 0.76, "on_road": 0, "size_m": 6.1, "gt_road_overlap": 1.0, "gt_roof_overlap": 0.0 }, "geometry": { "type": "Polygon", "coordinates": [ [ [ 80.4375672, 16.3014001 ], [ 80.4376245, 16.3014002 ], [ 80.4376246, 16.3013637 ], [ 80.4375673, 16.3013635 ], [ 80.4375672, 16.3014001 ] ] ] } },
{ "type": "Feature", "properties": { "label": "Pothole", "confidence": 0.56, "on_road": 1, "size_m": 1.2, "gt_road_overlap": 1.0, "gt_roof_overlap": 0.0 }, "geometry": { "type": "Polygon", "coordinates": [ [ [ 80.4381562, 16.300795 ], [ 80.4381672, 16.300795 ], [ 80.4381673, 16.3007846 ], [ 80.4381562, 16.3007845 ], [ 80.4381562, 16.300795 ] ] ] } },
{ "type": "Feature", "properties": { "label": "Pothole", "confidence": 0.5, "on_road": 1, "size_m": 1.6, "gt_road_overlap": 1.0, "gt_roof_overlap": 0.0 }, "geometry": { "type": "Polygon", "coordinates": [ [ [ 80.4380372, 16.3007537 ], [ 80.4380525, 16.3007537 ], [ 80.4380525, 16.3007479 ], [ 80.4380372, 16.3007479 ], [ 80.4380372, 16.3007537 ] ] ] } },
{ "type": "Feature", "properties": { "label": "Pothole", "confidence": 0.5, "on_road": 1, "size_m": 1.3, "gt_road_overlap": 1.0, "gt_roof_overlap": 0.0 }, "geometry": { "type": "Polygon", "coordinates": [ [ [ 80.438309, 16.3012854 ], [ 80.4383195, 16.3012854 ], [ 80.4383196, 16.3012735 ], [ 80.4383091, 16.3012734 ], [ 80.438309, 16.3012854 ] ] ] } },
{ "type": "Feature", "properties": { "label": "Pothole", "confidence": 0.44, "on_road": 1, "size_m": 0.8, "gt_road_overlap": 1.0, "gt_roof_overlap": 0.0 }, "geometry": { "type": "Polygon", "coordinates": [ [ [ 80.4382425, 16.3009802 ], [ 80.4382485, 16.3009802 ], [ 80.4382485, 16.300973 ], [ 80.4382425, 16.300973 ], [ 80.4382425, 16.3009802 ] ] ] } },
{ "type": "Feature", "properties": { "label": "Pothole", "confidence": 0.43, "on_road": 1, "size_m": 1.8, "gt_road_overlap": 1.0, "gt_roof_overlap": 0.0 }, "geometry": { "type": "Polygon", "coordinates": [ [ [ 80.4381615, 16.3007757 ], [ 80.438178, 16.3007757 ], [ 80.438178, 16.3007652 ], [ 80.4381615, 16.3007652 ], [ 80.4381615, 16.3007757 ] ] ] } },
{ "type": "Feature", "properties": { "label": "Pothole", "confidence": 0.35, "on_road": 0, "size_m": 5.7, "gt_road_overlap": 1.0, "gt_roof_overlap": 0.0 }, "geometry": { "type": "Polygon", "coordinates": [ [ [ 80.4377306, 16.3007756 ], [ 80.4377842, 16.3007758 ], [ 80.4377842, 16.3007544 ], [ 80.4377307, 16.3007543 ], [ 80.4377306, 16.3007756 ] ] ] } },
{ "type": "Feature", "properties": { "label": "Pothole", "confidence": 0.28, "on_road": 1, "size_m": 0.7, "gt_road_overlap": 1.0, "gt_roof_overlap": 0.0 }, "geometry": { "type": "Polygon", "coordinates": [ [ [ 80.4382626, 16.3010358 ], [ 80.4382686, 16.3010358 ], [ 80.4382686, 16.3010293 ], [ 80.4382626, 16.3010292 ], [ 80.4382626, 16.3010358 ] ] ] } },
{ "type": "Feature", "properties": { "label": "Pothole", "confidence": 0.27, "on_road": 1, "size_m": 0.8, "gt_road_overlap": 1.0, "gt_roof_overlap": 0.0 }, "geometry": { "type": "Polygon", "coordinates": [ [ [ 80.4382774, 16.3012739 ], [ 80.4382849, 16.3012739 ], [ 80.4382849, 16.3012681 ], [ 80.4382775, 16.3012681 ], [ 80.4382774, 16.3012739 ] ] ] } },
{ "type": "Feature", "properties": { "label": "Pothole", "confidence": 0.94, "on_road": 0, "size_m": 3.6, "gt_road_overlap": 0.0, "gt_roof_overlap": 0.111 }, "geometry": { "type": "Polygon", "coordinates": [ [ [ 80.440009, 16.3011645 ], [ 80.4400427, 16.3011646 ], [ 80.4400428, 16.3011417 ], [ 80.4400091, 16.3011416 ], [ 80.440009, 16.3011645 ] ] ] } },
{ "type": "Feature", "properties": { "label": "Pothole", "confidence": 0.92, "on_road": 0, "size_m": 2.1, "gt_road_overlap": 0.0, "gt_roof_overlap": 1.0 }, "geometry": { "type": "Polygon", "coordinates": [ [ [ 80.439951, 16.3011041 ], [ 80.4399706, 16.3011041 ], [ 80.4399707, 16.3010949 ], [ 80.439951, 16.3010948 ], [ 80.439951, 16.3011041 ] ] ] } },
{ "type": "Feature", "properties": { "label": "Pothole", "confidence": 0.9, "on_road": 0, "size_m": 1.0, "gt_road_overlap": 0.0, "gt_roof_overlap": 0.0 }, "geometry": { "type": "Polygon", "coordinates": [ [ [ 80.4400241, 16.3011479 ], [ 80.4400338, 16.3011479 ], [ 80.4400338, 16.3011388 ], [ 80.4400241, 16.3011388 ], [ 80.4400241, 16.3011479 ] ] ] } },
{ "type": "Feature", "properties": { "label": "Pothole", "confidence": 0.86, "on_road": 0, "size_m": 2.1, "gt_road_overlap": 0.0, "gt_roof_overlap": 0.0 }, "geometry": { "type": "Polygon", "coordinates": [ [ [ 80.4401514, 16.3012152 ], [ 80.4401708, 16.3012153 ], [ 80.4401709, 16.3012052 ], [ 80.4401514, 16.3012051 ], [ 80.4401514, 16.3012152 ] ] ] } },
{ "type": "Feature", "properties": { "label": "Pothole", "confidence": 0.82, "on_road": 1, "size_m": 1.3, "gt_road_overlap": 1.0, "gt_roof_overlap": 0.0 }, "geometry": { "type": "Polygon", "coordinates": [ [ [ 80.4396055, 16.3017205 ], [ 80.4396156, 16.3017205 ], [ 80.4396157, 16.3017084 ], [ 80.4396056, 16.3017084 ], [ 80.4396055, 16.3017205 ] ] ] } },
{ "type": "Feature", "properties": { "label": "Pothole", "confidence": 0.77, "on_road": 1, "size_m": 2.0, "gt_road_overlap": 1.0, "gt_roof_overlap": 0.0 }, "geometry": { "type": "Polygon", "coordinates": [ [ [ 80.4398371, 16.3018345 ], [ 80.4398507, 16.3018346 ], [ 80.4398508, 16.3018165 ], [ 80.4398371, 16.3018165 ], [ 80.4398371, 16.3018345 ] ] ] } },
{ "type": "Feature", "properties": { "label": "Pothole", "confidence": 0.77, "on_road": 0, "size_m": 1.2, "gt_road_overlap": 0.0, "gt_roof_overlap": 0.0 }, "geometry": { "type": "Polygon", "coordinates": [ [ [ 80.4400662, 16.301194 ], [ 80.4400775, 16.3011941 ], [ 80.4400775, 16.3011832 ], [ 80.4400663, 16.3011832 ], [ 80.4400662, 16.301194 ] ] ] } },
{ "type": "Feature", "properties": { "label": "Pothole", "confidence": 0.76, "on_road": 1, "size_m": 1.2, "gt_road_overlap": 1.0, "gt_roof_overlap": 0.0 }, "geometry": { "type": "Polygon", "coordinates": [ [ [ 80.4397135, 16.3017764 ], [ 80.4397232, 16.3017765 ], [ 80.4397232, 16.3017656 ], [ 80.4397135, 16.3017656 ], [ 80.4397135, 16.3017764 ] ] ] } },
{ "type": "Feature", "properties": { "label": "Pothole", "confidence": 0.76, "on_road": 0, "size_m": 1.6, "gt_road_overlap": 0.0, "gt_roof_overlap": 0.0 }, "geometry": { "type": "Polygon", "coordinates": [ [ [ 80.4401797, 16.3012471 ], [ 80.4401947, 16.3012472 ], [ 80.4401947, 16.3012327 ], [ 80.4401798, 16.3012327 ], [ 80.4401797, 16.3012471 ] ] ] } },
{ "type": "Feature", "properties": { "label": "Pothole", "confidence": 0.71, "on_road": 0, "size_m": 3.0, "gt_road_overlap": 0.0, "gt_roof_overlap": 1.0 }, "geometry": { "type": "Polygon", "coordinates": [ [ [ 80.4398997, 16.3010898 ], [ 80.4399274, 16.3010899 ], [ 80.4399275, 16.3010649 ], [ 80.4398998, 16.3010649 ], [ 80.4398997, 16.3010898 ] ] ] } },
{ "type": "Feature", "properties": { "label": "Pothole", "confidence": 0.62, "on_road": 0, "size_m": 2.8, "gt_road_overlap": 0.0, "gt_roof_overlap": 0.0 }, "geometry": { "type": "Polygon", "coordinates": [ [ [ 80.4400816, 16.301184 ], [ 80.440108, 16.3011841 ], [ 80.4401081, 16.3011594 ], [ 80.4400817, 16.3011594 ], [ 80.4400816, 16.301184 ] ] ] } },
{ "type": "Feature", "properties": { "label": "Pothole", "confidence": 0.61, "on_road": 0, "size_m": 1.2, "gt_road_overlap": 0.0, "gt_roof_overlap": 0.0 }, "geometry": { "type": "Polygon", "coordinates": [ [ [ 80.4401381, 16.3012074 ], [ 80.4401471, 16.3012075 ], [ 80.4401471, 16.3011966 ], [ 80.4401381, 16.3011966 ], [ 80.4401381, 16.3012074 ] ] ] } },
{ "type": "Feature", "properties": { "label": "Pothole", "confidence": 0.6, "on_road": 0, "size_m": 1.3, "gt_road_overlap": 0.0, "gt_roof_overlap": 1.0 }, "geometry": { "type": "Polygon", "coordinates": [ [ [ 80.4399314, 16.3015379 ], [ 80.4399404, 16.3015379 ], [ 80.4399404, 16.3015264 ], [ 80.4399314, 16.3015263 ], [ 80.4399314, 16.3015379 ] ] ] } },
{ "type": "Feature", "properties": { "label": "Pothole", "confidence": 0.56, "on_road": 0, "size_m": 1.0, "gt_road_overlap": 0.0, "gt_roof_overlap": 0.0 }, "geometry": { "type": "Polygon", "coordinates": [ [ [ 80.4401678, 16.3012326 ], [ 80.4401745, 16.3012327 ], [ 80.4401745, 16.301224 ], [ 80.4401678, 16.301224 ], [ 80.4401678, 16.3012326 ] ] ] } },
{ "type": "Feature", "properties": { "label": "Pothole", "confidence": 0.49, "on_road": 1, "size_m": 2.1, "gt_road_overlap": 1.0, "gt_roof_overlap": 0.0 }, "geometry": { "type": "Polygon", "coordinates": [ [ [ 80.4396288, 16.3010276 ], [ 80.4396431, 16.3010277 ], [ 80.4396431, 16.3010085 ], [ 80.4396289, 16.3010085 ], [ 80.4396288, 16.3010276 ] ] ] } },
{ "type": "Feature", "properties": { "label": "Pothole", "confidence": 0.48, "on_road": 0, "size_m": 0.6, "gt_road_overlap": 1.0, "gt_roof_overlap": 1.0 }, "geometry": { "type": "Polygon", "coordinates": [ [ [ 80.4392563, 16.3016412 ], [ 80.4392603, 16.3016412 ], [ 80.4392603, 16.3016361 ], [ 80.4392563, 16.3016361 ], [ 80.4392563, 16.3016412 ] ] ] } },
{ "type": "Feature", "properties": { "label": "Pothole", "confidence": 0.47, "on_road": 1, "size_m": 1.3, "gt_road_overlap": 1.0, "gt_roof_overlap": 0.0 }, "geometry": { "type": "Polygon", "coordinates": [ [ [ 80.4397165, 16.3017478 ], [ 80.4397258, 16.3017478 ], [ 80.4397259, 16.3017359 ], [ 80.4397165, 16.3017359 ], [ 80.4397165, 16.3017478 ] ] ] } },
{ "type": "Feature", "properties": { "label": "Pothole", "confidence": 0.41, "on_road": 0, "size_m": 1.2, "gt_road_overlap": 0.0, "gt_roof_overlap": 1.0 }, "geometry": { "type": "Polygon", "coordinates": [ [ [ 80.4399178, 16.3011253 ], [ 80.4399275, 16.3011253 ], [ 80.4399276, 16.3011145 ], [ 80.4399178, 16.3011145 ], [ 80.4399178, 16.3011253 ] ] ] } },
{ "type": "Feature", "properties": { "label": "Pothole", "confidence": 0.38, "on_road": 1, "size_m": 0.6, "gt_road_overlap": 1.0, "gt_roof_overlap": 0.0 }, "geometry": { "type": "Polygon", "coordinates": [ [ [ 80.4400321, 16.3019367 ], [ 80.4400381, 16.3019367 ], [ 80.4400381, 16.3019311 ], [ 80.4400321, 16.3019311 ], [ 80.4400321, 16.3019367 ] ] ] } },
{ "type": "Feature", "properties": { "label": "Pothole", "confidence": 0.37, "on_road": 0, "size_m": 1.3, "gt_road_overlap": 0.0, "gt_roof_overlap": 0.0 }, "geometry": { "type": "Polygon", "coordinates": [ [ [ 80.4401638, 16.3011885 ], [ 80.4401758, 16.3011885 ], [ 80.4401758, 16.301177 ], [ 80.4401638, 16.3011769 ], [ 80.4401638, 16.3011885 ] ] ] } },
{ "type": "Feature", "properties": { "label": "Pothole", "confidence": 0.33, "on_road": 0, "size_m": 2.1, "gt_road_overlap": 0.0, "gt_roof_overlap": 1.0 }, "geometry": { "type": "Polygon", "coordinates": [ [ [ 80.4399598, 16.3010891 ], [ 80.4399794, 16.3010891 ], [ 80.4399795, 16.3010745 ], [ 80.4399598, 16.3010744 ], [ 80.4399598, 16.3010891 ] ] ] } },
{ "type": "Feature", "properties": { "label": "Transverse crack", "confidence": 0.3, "on_road": 0, "size_m": 1.4, "gt_road_overlap": 0.0, "gt_roof_overlap": 0.0 }, "geometry": { "type": "Polygon", "coordinates": [ [ [ 80.4399126, 16.3017772 ], [ 80.4399257, 16.3017773 ], [ 80.4399257, 16.3017692 ], [ 80.4399126, 16.3017692 ], [ 80.4399126, 16.3017772 ] ] ] } },
{ "type": "Feature", "properties": { "label": "Pothole", "confidence": 0.28, "on_road": 1, "size_m": 2.6, "gt_road_overlap": 1.0, "gt_roof_overlap": 0.0 }, "geometry": { "type": "Polygon", "coordinates": [ [ [ 80.4396877, 16.3008813 ], [ 80.4397124, 16.3008814 ], [ 80.4397124, 16.3008604 ], [ 80.4396877, 16.3008604 ], [ 80.4396877, 16.3008813 ] ] ] } },
{ "type": "Feature", "properties": { "label": "Pothole", "confidence": 0.28, "on_road": 1, "size_m": 2.8, "gt_road_overlap": 1.0, "gt_roof_overlap": 0.0 }, "geometry": { "type": "Polygon", "coordinates": [ [ [ 80.4400819, 16.3019446 ], [ 80.4401077, 16.3019446 ], [ 80.4401078, 16.3019233 ], [ 80.440082, 16.3019232 ], [ 80.4400819, 16.3019446 ] ] ] } },
{ "type": "Feature", "properties": { "label": "Pothole", "confidence": 0.77, "on_road": 1, "size_m": 1.8, "gt_road_overlap": 1.0, "gt_roof_overlap": 0.0 }, "geometry": { "type": "Polygon", "coordinates": [ [ [ 80.4406788, 16.3015151 ], [ 80.4406908, 16.3015152 ], [ 80.4406908, 16.3014985 ], [ 80.4406788, 16.3014985 ], [ 80.4406788, 16.3015151 ] ] ] } },
{ "type": "Feature", "properties": { "label": "Pothole", "confidence": 0.7, "on_road": 0, "size_m": 6.7, "gt_road_overlap": 0.749, "gt_roof_overlap": 0.0 }, "geometry": { "type": "Polygon", "coordinates": [ [ [ 80.4402524, 16.3011779 ], [ 80.4403151, 16.3011781 ], [ 80.4403152, 16.3011419 ], [ 80.4402525, 16.3011417 ], [ 80.4402524, 16.3011779 ] ] ] } },
{ "type": "Feature", "properties": { "label": "Pothole", "confidence": 0.67, "on_road": 1, "size_m": 2.0, "gt_road_overlap": 1.0, "gt_roof_overlap": 0.0 }, "geometry": { "type": "Polygon", "coordinates": [ [ [ 80.440812, 16.3014313 ], [ 80.4408284, 16.3014314 ], [ 80.4408285, 16.3014135 ], [ 80.4408121, 16.3014134 ], [ 80.440812, 16.3014313 ] ] ] } },
{ "type": "Feature", "properties": { "label": "Pothole", "confidence": 0.64, "on_road": 0, "size_m": 1.2, "gt_road_overlap": 0.0, "gt_roof_overlap": 0.0 }, "geometry": { "type": "Polygon", "coordinates": [ [ [ 80.4413373, 16.300747 ], [ 80.4413482, 16.3007471 ], [ 80.4413482, 16.3007362 ], [ 80.4413374, 16.3007362 ], [ 80.4413373, 16.300747 ] ] ] } },
{ "type": "Feature", "properties": { "label": "Pothole", "confidence": 0.61, "on_road": 1, "size_m": 3.0, "gt_road_overlap": 0.875, "gt_roof_overlap": 0.0 }, "geometry": { "type": "Polygon", "coordinates": [ [ [ 80.4402554, 16.3011638 ], [ 80.4402839, 16.3011639 ], [ 80.4402839, 16.3011439 ], [ 80.4402555, 16.3011439 ], [ 80.4402554, 16.3011638 ] ] ] } },
{ "type": "Feature", "properties": { "label": "Pothole", "confidence": 0.6, "on_road": 0, "size_m": 2.4, "gt_road_overlap": 0.0, "gt_roof_overlap": 1.0 }, "geometry": { "type": "Polygon", "coordinates": [ [ [ 80.4406376, 16.3019289 ], [ 80.4406495, 16.301929 ], [ 80.4406496, 16.3019075 ], [ 80.4406376, 16.3019074 ], [ 80.4406376, 16.3019289 ] ] ] } },
{ "type": "Feature", "properties": { "label": "Pothole", "confidence": 0.6, "on_road": 0, "size_m": 1.7, "gt_road_overlap": 0.0, "gt_roof_overlap": 0.0 }, "geometry": { "type": "Polygon", "coordinates": [ [ [ 80.4412893, 16.3007655 ], [ 80.4413051, 16.3007656 ], [ 80.4413051, 16.300754 ], [ 80.4412894, 16.300754 ], [ 80.4412893, 16.3007655 ] ] ] } },
{ "type": "Feature", "properties": { "label": "Pothole", "confidence": 0.52, "on_road": 1, "size_m": 1.6, "gt_road_overlap": 0.79, "gt_roof_overlap": 0.0 }, "geometry": { "type": "Polygon", "coordinates": [ [ [ 80.4414354, 16.3017377 ], [ 80.4414506, 16.3017377 ], [ 80.4414506, 16.3017232 ], [ 80.4414355, 16.3017232 ], [ 80.4414354, 16.3017377 ] ] ] } },
{ "type": "Feature", "properties": { "label": "Pothole", "confidence": 0.48, "on_road": 1, "size_m": 3.6, "gt_road_overlap": 0.923, "gt_roof_overlap": 0.0 }, "geometry": { "type": "Polygon", "coordinates": [ [ [ 80.4404037, 16.3019579 ], [ 80.4404374, 16.301958 ], [ 80.4404374, 16.301928 ], [ 80.4404037, 16.3019279 ], [ 80.4404037, 16.3019579 ] ] ] } },
{ "type": "Feature", "properties": { "label": "Pothole", "confidence": 0.45, "on_road": 0, "size_m": 0.8, "gt_road_overlap": 0.0, "gt_roof_overlap": 0.0 }, "geometry": { "type": "Polygon", "coordinates": [ [ [ 80.4413545, 16.301108 ], [ 80.4413623, 16.3011081 ], [ 80.4413623, 16.301101 ], [ 80.4413545, 16.301101 ], [ 80.4413545, 16.301108 ] ] ] } },
{ "type": "Feature", "properties": { "label": "Pothole", "confidence": 0.4, "on_road": 1, "size_m": 1.3, "gt_road_overlap": 0.46, "gt_roof_overlap": 0.0 }, "geometry": { "type": "Polygon", "coordinates": [ [ [ 80.4414199, 16.3017302 ], [ 80.4414321, 16.3017303 ], [ 80.4414321, 16.3017225 ], [ 80.4414199, 16.3017225 ], [ 80.4414199, 16.3017302 ] ] ] } },
{ "type": "Feature", "properties": { "label": "Pothole", "confidence": 0.39, "on_road": 0, "size_m": 0.9, "gt_road_overlap": 0.0, "gt_roof_overlap": 0.0 }, "geometry": { "type": "Polygon", "coordinates": [ [ [ 80.4415388, 16.3007897 ], [ 80.4415471, 16.3007897 ], [ 80.4415471, 16.3007828 ], [ 80.4415388, 16.3007828 ], [ 80.4415388, 16.3007897 ] ] ] } },
{ "type": "Feature", "properties": { "label": "Pothole", "confidence": 0.35, "on_road": 1, "size_m": 1.4, "gt_road_overlap": 1.0, "gt_roof_overlap": 0.0 }, "geometry": { "type": "Polygon", "coordinates": [ [ [ 80.4404851, 16.3007591 ], [ 80.4404904, 16.3007591 ], [ 80.4404904, 16.3007461 ], [ 80.4404852, 16.3007461 ], [ 80.4404851, 16.3007591 ] ] ] } },
{ "type": "Feature", "properties": { "label": "Pothole", "confidence": 0.34, "on_road": 0, "size_m": 2.5, "gt_road_overlap": 0.0, "gt_roof_overlap": 0.0 }, "geometry": { "type": "Polygon", "coordinates": [ [ [ 80.4412097, 16.3007176 ], [ 80.4412333, 16.3007177 ], [ 80.4412334, 16.3007032 ], [ 80.4412098, 16.3007031 ], [ 80.4412097, 16.3007176 ] ] ] } },
{ "type": "Feature", "properties": { "label": "Pothole", "confidence": 0.33, "on_road": 0, "size_m": 1.3, "gt_road_overlap": 0.0, "gt_roof_overlap": 1.0 }, "geometry": { "type": "Polygon", "coordinates": [ [ [ 80.4413943, 16.3017985 ], [ 80.4414026, 16.3017985 ], [ 80.4414026, 16.301787 ], [ 80.4413944, 16.3017869 ], [ 80.4413943, 16.3017985 ] ] ] } },
{ "type": "Feature", "properties": { "label": "Pothole", "confidence": 0.33, "on_road": 0, "size_m": 3.4, "gt_road_overlap": 0.0, "gt_roof_overlap": 0.0 }, "geometry": { "type": "Polygon", "coordinates": [ [ [ 80.4402323, 16.3012458 ], [ 80.4402428, 16.3012459 ], [ 80.4402429, 16.3012155 ], [ 80.4402324, 16.3012155 ], [ 80.4402323, 16.3012458 ] ] ] } },
{ "type": "Feature", "properties": { "label": "Pothole", "confidence": 0.32, "on_road": 0, "size_m": 1.8, "gt_road_overlap": 0.0, "gt_roof_overlap": 0.0 }, "geometry": { "type": "Polygon", "coordinates": [ [ [ 80.4413652, 16.3014922 ], [ 80.4413816, 16.3014922 ], [ 80.4413817, 16.301477 ], [ 80.4413652, 16.301477 ], [ 80.4413652, 16.3014922 ] ] ] } },
{ "type": "Feature", "properties": { "label": "Pothole", "confidence": 0.31, "on_road": 0, "size_m": 2.6, "gt_road_overlap": 0.0, "gt_roof_overlap": 0.0 }, "geometry": { "type": "Polygon", "coordinates": [ [ [ 80.4412111, 16.3007073 ], [ 80.441235, 16.3007074 ], [ 80.4412351, 16.3006933 ], [ 80.4412111, 16.3006932 ], [ 80.4412111, 16.3007073 ] ] ] } },
{ "type": "Feature", "properties": { "label": "Pothole", "confidence": 0.3, "on_road": 1, "size_m": 1.7, "gt_road_overlap": 1.0, "gt_roof_overlap": 0.0 }, "geometry": { "type": "Polygon", "coordinates": [ [ [ 80.4411412, 16.3015306 ], [ 80.4411552, 16.3015307 ], [ 80.4411552, 16.3015155 ], [ 80.4411412, 16.3015154 ], [ 80.4411412, 16.3015306 ] ] ] } },
{ "type": "Feature", "properties": { "label": "Pothole", "confidence": 0.3, "on_road": 1, "size_m": 3.6, "gt_road_overlap": 1.0, "gt_roof_overlap": 0.0 }, "geometry": { "type": "Polygon", "coordinates": [ [ [ 80.4404736, 16.3019183 ], [ 80.4404966, 16.3019184 ], [ 80.4404967, 16.301886 ], [ 80.4404737, 16.3018859 ], [ 80.4404736, 16.3019183 ] ] ] } },
{ "type": "Feature", "properties": { "label": "Pothole", "confidence": 0.3, "on_road": 1, "size_m": 1.4, "gt_road_overlap": 1.0, "gt_roof_overlap": 0.0 }, "geometry": { "type": "Polygon", "coordinates": [ [ [ 80.4404154, 16.3012358 ], [ 80.4404286, 16.3012359 ], [ 80.4404287, 16.3012239 ], [ 80.4404154, 16.3012239 ], [ 80.4404154, 16.3012358 ] ] ] } },
{ "type": "Feature", "properties": { "label": "Pothole", "confidence": 0.29, "on_road": 0, "size_m": 2.0, "gt_road_overlap": 0.0, "gt_roof_overlap": 0.923 }, "geometry": { "type": "Polygon", "coordinates": [ [ [ 80.4403974, 16.3007912 ], [ 80.4404072, 16.3007912 ], [ 80.4404072, 16.3007733 ], [ 80.4403975, 16.3007733 ], [ 80.4403974, 16.3007912 ] ] ] } },
{ "type": "Feature", "properties": { "label": "Pothole", "confidence": 0.28, "on_road": 0, "size_m": 4.5, "gt_road_overlap": 1.0, "gt_roof_overlap": 0.0 }, "geometry": { "type": "Polygon", "coordinates": [ [ [ 80.4410557, 16.3019503 ], [ 80.4410977, 16.3019504 ], [ 80.4410977, 16.3019246 ], [ 80.4410558, 16.3019245 ], [ 80.4410557, 16.3019503 ] ] ] } },
{ "type": "Feature", "properties": { "label": "Pothole", "confidence": 0.55, "on_road": 0, "size_m": 5.1, "gt_road_overlap": 0.561, "gt_roof_overlap": 0.0 }, "geometry": { "type": "Polygon", "coordinates": [ [ [ 80.4416396, 16.3017663 ], [ 80.4416875, 16.3017664 ], [ 80.4416876, 16.3017432 ], [ 80.4416396, 16.3017431 ], [ 80.4416396, 16.3017663 ] ] ] } },
{ "type": "Feature", "properties": { "label": "Pothole", "confidence": 0.49, "on_road": 1, "size_m": 1.0, "gt_road_overlap": 1.0, "gt_roof_overlap": 0.0 }, "geometry": { "type": "Polygon", "coordinates": [ [ [ 80.442613, 16.3016784 ], [ 80.4426219, 16.3016785 ], [ 80.442622, 16.3016718 ], [ 80.4426131, 16.3016717 ], [ 80.442613, 16.3016784 ] ] ] } },
{ "type": "Feature", "properties": { "label": "Pothole", "confidence": 0.49, "on_road": 0, "size_m": 1.4, "gt_road_overlap": 0.0, "gt_roof_overlap": 0.0 }, "geometry": { "type": "Polygon", "coordinates": [ [ [ 80.4420995, 16.3015892 ], [ 80.442112, 16.3015892 ], [ 80.4421121, 16.301577 ], [ 80.4420996, 16.3015769 ], [ 80.4420995, 16.3015892 ] ] ] } },
{ "type": "Feature", "properties": { "label": "Pothole", "confidence": 0.39, "on_road": 1, "size_m": 2.6, "gt_road_overlap": 1.0, "gt_roof_overlap": 0.0 }, "geometry": { "type": "Polygon", "coordinates": [ [ [ 80.4417445, 16.3018754 ], [ 80.4417684, 16.3018754 ], [ 80.4417685, 16.3018588 ], [ 80.4417445, 16.3018587 ], [ 80.4417445, 16.3018754 ] ] ] } },
{ "type": "Feature", "properties": { "label": "Pothole", "confidence": 0.3, "on_road": 0, "size_m": 8.8, "gt_road_overlap": 0.0, "gt_roof_overlap": 0.234 }, "geometry": { "type": "Polygon", "coordinates": [ [ [ 80.4428049, 16.301993 ], [ 80.4428876, 16.3019932 ], [ 80.4428877, 16.3019552 ], [ 80.442805, 16.301955 ], [ 80.4428049, 16.301993 ] ] ] } },
{ "type": "Feature", "properties": { "label": "Longitudinal crack", "confidence": 0.29, "on_road": 0, "size_m": 16.1, "gt_road_overlap": 0.57, "gt_roof_overlap": 0.99 }, "geometry": { "type": "Polygon", "coordinates": [ [ [ 80.4424092, 16.3019435 ], [ 80.4424422, 16.3019436 ], [ 80.4424426, 16.3017982 ], [ 80.4424097, 16.3017981 ], [ 80.4424092, 16.3019435 ] ] ] } },
{ "type": "Feature", "properties": { "label": "Pothole", "confidence": 0.28, "on_road": 1, "size_m": 2.6, "gt_road_overlap": 0.627, "gt_roof_overlap": 0.0 }, "geometry": { "type": "Polygon", "coordinates": [ [ [ 80.442818, 16.3018008 ], [ 80.4428423, 16.3018009 ], [ 80.4428423, 16.3017857 ], [ 80.442818, 16.3017856 ], [ 80.442818, 16.3018008 ] ] ] } },
{ "type": "Feature", "properties": { "label": "Pothole", "confidence": 0.28, "on_road": 1, "size_m": 1.1, "gt_road_overlap": 0.885, "gt_roof_overlap": 0.0 }, "geometry": { "type": "Polygon", "coordinates": [ [ [ 80.4415765, 16.3017209 ], [ 80.4415872, 16.3017209 ], [ 80.4415872, 16.3017128 ], [ 80.4415766, 16.3017128 ], [ 80.4415765, 16.3017209 ] ] ] } },
{ "type": "Feature", "properties": { "label": "Pothole", "confidence": 0.26, "on_road": 0, "size_m": 6.6, "gt_road_overlap": 0.677, "gt_roof_overlap": 0.0 }, "geometry": { "type": "Polygon", "coordinates": [ [ [ 80.4420587, 16.3019688 ], [ 80.4421209, 16.3019689 ], [ 80.442121, 16.3019386 ], [ 80.4420588, 16.3019384 ], [ 80.4420587, 16.3019688 ] ] ] } },
{ "type": "Feature", "properties": { "label": "Pothole", "confidence": 0.63, "on_road": 0, "size_m": 1.2, "gt_road_overlap": 0.0, "gt_roof_overlap": 0.0 }, "geometry": { "type": "Polygon", "coordinates": [ [ [ 80.4436609, 16.301965 ], [ 80.4436721, 16.3019651 ], [ 80.4436721, 16.3019546 ], [ 80.4436609, 16.3019546 ], [ 80.4436609, 16.301965 ] ] ] } },
{ "type": "Feature", "properties": { "label": "Pothole", "confidence": 0.59, "on_road": 0, "size_m": 1.0, "gt_road_overlap": 0.0, "gt_roof_overlap": 0.0 }, "geometry": { "type": "Polygon", "coordinates": [ [ [ 80.4435186, 16.3019408 ], [ 80.4435265, 16.3019408 ], [ 80.4435265, 16.3019318 ], [ 80.4435187, 16.3019318 ], [ 80.4435186, 16.3019408 ] ] ] } },
{ "type": "Feature", "properties": { "label": "Pothole", "confidence": 0.27, "on_road": 0, "size_m": 4.9, "gt_road_overlap": 1.0, "gt_roof_overlap": 0.0 }, "geometry": { "type": "Polygon", "coordinates": [ [ [ 80.4333111, 16.3006116 ], [ 80.4333568, 16.3006117 ], [ 80.4333568, 16.3005965 ], [ 80.4333111, 16.3005964 ], [ 80.4333111, 16.3006116 ] ] ] } },
{ "type": "Feature", "properties": { "label": "Pothole", "confidence": 0.54, "on_road": 1, "size_m": 1.0, "gt_road_overlap": 1.0, "gt_roof_overlap": 0.0 }, "geometry": { "type": "Polygon", "coordinates": [ [ [ 80.4340671, 16.3006355 ], [ 80.434075, 16.3006355 ], [ 80.434075, 16.3006265 ], [ 80.4340672, 16.3006265 ], [ 80.4340671, 16.3006355 ] ] ] } },
{ "type": "Feature", "properties": { "label": "Pothole", "confidence": 0.45, "on_road": 0, "size_m": 6.0, "gt_road_overlap": 0.931, "gt_roof_overlap": 0.0 }, "geometry": { "type": "Polygon", "coordinates": [ [ [ 80.4341748, 16.3003828 ], [ 80.4342309, 16.300383 ], [ 80.434231, 16.3003606 ], [ 80.4341748, 16.3003604 ], [ 80.4341748, 16.3003828 ] ] ] } },
{ "type": "Feature", "properties": { "label": "Pothole", "confidence": 0.36, "on_road": 1, "size_m": 1.1, "gt_road_overlap": 1.0, "gt_roof_overlap": 0.0 }, "geometry": { "type": "Polygon", "coordinates": [ [ [ 80.4347114, 16.3006197 ], [ 80.4347196, 16.3006197 ], [ 80.4347196, 16.3006096 ], [ 80.4347114, 16.3006096 ], [ 80.4347114, 16.3006197 ] ] ] } },
{ "type": "Feature", "properties": { "label": "Longitudinal crack", "confidence": 0.26, "on_road": 1, "size_m": 4.4, "gt_road_overlap": 0.816, "gt_roof_overlap": 0.0 }, "geometry": { "type": "Polygon", "coordinates": [ [ [ 80.4337389, 16.3005014 ], [ 80.433752, 16.3005015 ], [ 80.4337521, 16.300462 ], [ 80.433739, 16.300462 ], [ 80.4337389, 16.3005014 ] ] ] } },
{ "type": "Feature", "properties": { "label": "Pothole", "confidence": 0.84, "on_road": 1, "size_m": 0.9, "gt_road_overlap": 1.0, "gt_roof_overlap": 0.0 }, "geometry": { "type": "Polygon", "coordinates": [ [ [ 80.4353045, 16.3001355 ], [ 80.4353109, 16.3001355 ], [ 80.4353109, 16.3001272 ], [ 80.4353045, 16.3001272 ], [ 80.4353045, 16.3001355 ] ] ] } },
{ "type": "Feature", "properties": { "label": "Pothole", "confidence": 0.6, "on_road": 0, "size_m": 2.0, "gt_road_overlap": 0.0, "gt_roof_overlap": 0.0 }, "geometry": { "type": "Polygon", "coordinates": [ [ [ 80.435981, 16.3000006 ], [ 80.4359997, 16.3000006 ], [ 80.4359997, 16.2999887 ], [ 80.435981, 16.2999887 ], [ 80.435981, 16.3000006 ] ] ] } },
{ "type": "Feature", "properties": { "label": "Pothole", "confidence": 0.58, "on_road": 0, "size_m": 5.4, "gt_road_overlap": 0.684, "gt_roof_overlap": 0.0 }, "geometry": { "type": "Polygon", "coordinates": [ [ [ 80.435799, 16.2999663 ], [ 80.4358496, 16.2999664 ], [ 80.4358496, 16.2999455 ], [ 80.4357991, 16.2999453 ], [ 80.435799, 16.2999663 ] ] ] } },
{ "type": "Feature", "properties": { "label": "Pothole", "confidence": 0.38, "on_road": 1, "size_m": 1.5, "gt_road_overlap": 1.0, "gt_roof_overlap": 0.0 }, "geometry": { "type": "Polygon", "coordinates": [ [ [ 80.4354063, 16.3004626 ], [ 80.4354168, 16.3004626 ], [ 80.4354169, 16.3004487 ], [ 80.4354064, 16.3004487 ], [ 80.4354063, 16.3004626 ] ] ] } },
{ "type": "Feature", "properties": { "label": "Pothole", "confidence": 0.37, "on_road": 1, "size_m": 2.7, "gt_road_overlap": 1.0, "gt_roof_overlap": 0.0 }, "geometry": { "type": "Polygon", "coordinates": [ [ [ 80.4357726, 16.2999919 ], [ 80.4357979, 16.299992 ], [ 80.435798, 16.2999761 ], [ 80.4357727, 16.299976 ], [ 80.4357726, 16.2999919 ] ] ] } },
{ "type": "Feature", "properties": { "label": "Pothole", "confidence": 0.32, "on_road": 1, "size_m": 2.5, "gt_road_overlap": 1.0, "gt_roof_overlap": 0.0 }, "geometry": { "type": "Polygon", "coordinates": [ [ [ 80.4353426, 16.3000942 ], [ 80.4353658, 16.3000942 ], [ 80.4353659, 16.3000763 ], [ 80.4353427, 16.3000763 ], [ 80.4353426, 16.3000942 ] ] ] } },
{ "type": "Feature", "properties": { "label": "Pothole", "confidence": 0.28, "on_road": 0, "size_m": 4.8, "gt_road_overlap": 0.0, "gt_roof_overlap": 1.0 }, "geometry": { "type": "Polygon", "coordinates": [ [ [ 80.43505, 16.3002688 ], [ 80.4350945, 16.3002689 ], [ 80.4350946, 16.3002327 ], [ 80.4350501, 16.3002326 ], [ 80.43505, 16.3002688 ] ] ] } },
{ "type": "Feature", "properties": { "label": "Longitudinal crack", "confidence": 0.28, "on_road": 0, "size_m": 9.3, "gt_road_overlap": 0.006, "gt_roof_overlap": 0.647 }, "geometry": { "type": "Polygon", "coordinates": [ [ [ 80.4349804, 16.3002975 ], [ 80.4350088, 16.3002976 ], [ 80.4350091, 16.3002137 ], [ 80.4349806, 16.3002136 ], [ 80.4349804, 16.3002975 ] ] ] } },
{ "type": "Feature", "properties": { "label": "Pothole", "confidence": 0.27, "on_road": 0, "size_m": 1.1, "gt_road_overlap": 0.0, "gt_roof_overlap": 0.0 }, "geometry": { "type": "Polygon", "coordinates": [ [ [ 80.4351802, 16.3002123 ], [ 80.4351895, 16.3002124 ], [ 80.4351896, 16.3002022 ], [ 80.4351802, 16.3002022 ], [ 80.4351802, 16.3002123 ] ] ] } },
{ "type": "Feature", "properties": { "label": "Pothole", "confidence": 0.86, "on_road": 1, "size_m": 3.6, "gt_road_overlap": 0.614, "gt_roof_overlap": 0.0 }, "geometry": { "type": "Polygon", "coordinates": [ [ [ 80.437332, 16.2996655 ], [ 80.4373653, 16.2996656 ], [ 80.4373654, 16.2996415 ], [ 80.437332, 16.2996414 ], [ 80.437332, 16.2996655 ] ] ] } },
{ "type": "Feature", "properties": { "label": "Pothole", "confidence": 0.81, "on_road": 1, "size_m": 0.8, "gt_road_overlap": 1.0, "gt_roof_overlap": 0.0 }, "geometry": { "type": "Polygon", "coordinates": [ [ [ 80.4364662, 16.2998547 ], [ 80.4364738, 16.2998547 ], [ 80.4364739, 16.2998499 ], [ 80.4364662, 16.2998498 ], [ 80.4364662, 16.2998547 ] ] ] } },
{ "type": "Feature", "properties": { "label": "Pothole", "confidence": 0.7, "on_road": 1, "size_m": 1.2, "gt_road_overlap": 1.0, "gt_roof_overlap": 0.0 }, "geometry": { "type": "Polygon", "coordinates": [ [ [ 80.4362077, 16.3004704 ], [ 80.4362126, 16.3004704 ], [ 80.4362126, 16.3004592 ], [ 80.4362078, 16.3004592 ], [ 80.4362077, 16.3004704 ] ] ] } },
{ "type": "Feature", "properties": { "label": "Pothole", "confidence": 0.69, "on_road": 0, "size_m": 5.7, "gt_road_overlap": 0.625, "gt_roof_overlap": 0.0 }, "geometry": { "type": "Polygon", "coordinates": [ [ [ 80.4364146, 16.2998812 ], [ 80.4364681, 16.2998813 ], [ 80.4364682, 16.2998535 ], [ 80.4364146, 16.2998533 ], [ 80.4364146, 16.2998812 ] ] ] } },
{ "type": "Feature", "properties": { "label": "Pothole", "confidence": 0.68, "on_road": 0, "size_m": 1.1, "gt_road_overlap": 0.0, "gt_roof_overlap": 0.0 }, "geometry": { "type": "Polygon", "coordinates": [ [ [ 80.4361979, 16.3006797 ], [ 80.436208, 16.3006797 ], [ 80.436208, 16.300671 ], [ 80.4361979, 16.300671 ], [ 80.4361979, 16.3006797 ] ] ] } },
{ "type": "Feature", "properties": { "label": "Pothole", "confidence": 0.58, "on_road": 1, "size_m": 1.1, "gt_road_overlap": 1.0, "gt_roof_overlap": 0.0 }, "geometry": { "type": "Polygon", "coordinates": [ [ [ 80.4362408, 16.3006427 ], [ 80.4362484, 16.3006428 ], [ 80.4362485, 16.300633 ], [ 80.4362408, 16.300633 ], [ 80.4362408, 16.3006427 ] ] ] } },
{ "type": "Feature", "properties": { "label": "Pothole", "confidence": 0.57, "on_road": 1, "size_m": 1.5, "gt_road_overlap": 1.0, "gt_roof_overlap": 0.0 }, "geometry": { "type": "Polygon", "coordinates": [ [ [ 80.4370775, 16.300469 ], [ 80.4370824, 16.300469 ], [ 80.4370824, 16.3004557 ], [ 80.4370775, 16.3004557 ], [ 80.4370775, 16.300469 ] ] ] } },
{ "type": "Feature", "properties": { "label": "Pothole", "confidence": 0.48, "on_road": 1, "size_m": 3.7, "gt_road_overlap": 0.908, "gt_roof_overlap": 0.0 }, "geometry": { "type": "Polygon", "coordinates": [ [ [ 80.4368115, 16.2997689 ], [ 80.436846, 16.2997689 ], [ 80.436846, 16.2997467 ], [ 80.4368116, 16.2997466 ], [ 80.4368115, 16.2997689 ] ] ] } },
{ "type": "Feature", "properties": { "label": "Pothole", "confidence": 0.46, "on_road": 1, "size_m": 1.6, "gt_road_overlap": 1.0, "gt_roof_overlap": 0.0 }, "geometry": { "type": "Polygon", "coordinates": [ [ [ 80.4365944, 16.2999269 ], [ 80.4366004, 16.2999269 ], [ 80.4366004, 16.2999123 ], [ 80.4365944, 16.2999123 ], [ 80.4365944, 16.2999269 ] ] ] } },
{ "type": "Feature", "properties": { "label": "Pothole", "confidence": 0.46, "on_road": 1, "size_m": 3.8, "gt_road_overlap": 0.812, "gt_roof_overlap": 0.0 }, "geometry": { "type": "Polygon", "coordinates": [ [ [ 80.436887, 16.2997522 ], [ 80.4369221, 16.2997522 ], [ 80.4369222, 16.2997321 ], [ 80.4368871, 16.299732 ], [ 80.436887, 16.2997522 ] ] ] } },
{ "type": "Feature", "properties": { "label": "Pothole", "confidence": 0.45, "on_road": 1, "size_m": 1.1, "gt_road_overlap": 1.0, "gt_roof_overlap": 0.0 }, "geometry": { "type": "Polygon", "coordinates": [ [ [ 80.4369378, 16.299819 ], [ 80.4369457, 16.299819 ], [ 80.4369457, 16.2998087 ], [ 80.4369379, 16.2998087 ], [ 80.4369378, 16.299819 ] ] ] } },
{ "type": "Feature", "properties": { "label": "Repaired patch", "confidence": 0.45, "on_road": 0, "size_m": 23.3, "gt_road_overlap": 0.0, "gt_roof_overlap": 0.3 }, "geometry": { "type": "Polygon", "coordinates": [ [ [ 80.4371689, 16.2999935 ], [ 80.4373868, 16.299994 ], [ 80.437387, 16.2999311 ], [ 80.4371691, 16.2999305 ], [ 80.4371689, 16.2999935 ] ] ] } },
{ "type": "Feature", "properties": { "label": "Pothole", "confidence": 0.41, "on_road": 1, "size_m": 1.8, "gt_road_overlap": 1.0, "gt_roof_overlap": 0.0 }, "geometry": { "type": "Polygon", "coordinates": [ [ [ 80.4367055, 16.3002772 ], [ 80.4367149, 16.3002772 ], [ 80.4367149, 16.3002613 ], [ 80.4367056, 16.3002612 ], [ 80.4367055, 16.3002772 ] ] ] } },
{ "type": "Feature", "properties": { "label": "Pothole", "confidence": 0.39, "on_road": 0, "size_m": 2.8, "gt_road_overlap": 1.0, "gt_roof_overlap": 1.0 }, "geometry": { "type": "Polygon", "coordinates": [ [ [ 80.4370302, 16.3002605 ], [ 80.4370399, 16.3002605 ], [ 80.43704, 16.3002348 ], [ 80.4370303, 16.3002348 ], [ 80.4370302, 16.3002605 ] ] ] } },
{ "type": "Feature", "properties": { "label": "Pothole", "confidence": 0.37, "on_road": 1, "size_m": 1.1, "gt_road_overlap": 1.0, "gt_roof_overlap": 0.0 }, "geometry": { "type": "Polygon", "coordinates": [ [ [ 80.4370288, 16.3001826 ], [ 80.4370378, 16.3001826 ], [ 80.4370379, 16.3001725 ], [ 80.4370288, 16.3001724 ], [ 80.4370288, 16.3001826 ] ] ] } },
{ "type": "Feature", "properties": { "label": "Pothole", "confidence": 0.36, "on_road": 0, "size_m": 5.2, "gt_road_overlap": 1.0, "gt_roof_overlap": 0.0 }, "geometry": { "type": "Polygon", "coordinates": [ [ [ 80.4362362, 16.2998886 ], [ 80.4362852, 16.2998888 ], [ 80.4362853, 16.2998692 ], [ 80.4362362, 16.2998691 ], [ 80.4362362, 16.2998886 ] ] ] } },
{ "type": "Feature", "properties": { "label": "Pothole", "confidence": 0.36, "on_road": 1, "size_m": 2.4, "gt_road_overlap": 1.0, "gt_roof_overlap": 0.0 }, "geometry": { "type": "Polygon", "coordinates": [ [ [ 80.4363908, 16.2998688 ], [ 80.4364129, 16.2998689 ], [ 80.4364129, 16.2998616 ], [ 80.4363908, 16.2998616 ], [ 80.4363908, 16.2998688 ] ] ] } },
{ "type": "Feature", "properties": { "label": "Pothole", "confidence": 0.33, "on_road": 1, "size_m": 3.7, "gt_road_overlap": 1.0, "gt_roof_overlap": 0.0 }, "geometry": { "type": "Polygon", "coordinates": [ [ [ 80.4366602, 16.3002779 ], [ 80.4366947, 16.300278 ], [ 80.4366947, 16.3002495 ], [ 80.4366603, 16.3002494 ], [ 80.4366602, 16.3002779 ] ] ] } },
{ "type": "Feature", "properties": { "label": "Pothole", "confidence": 0.31, "on_road": 0, "size_m": 0.9, "gt_road_overlap": 0.0, "gt_roof_overlap": 0.0 }, "geometry": { "type": "Polygon", "coordinates": [ [ [ 80.4370454, 16.2999834 ], [ 80.4370536, 16.2999834 ], [ 80.4370536, 16.2999751 ], [ 80.4370454, 16.299975 ], [ 80.4370454, 16.2999834 ] ] ] } },
{ "type": "Feature", "properties": { "label": "Repaired patch", "confidence": 0.3, "on_road": 0, "size_m": 26.1, "gt_road_overlap": 0.185, "gt_roof_overlap": 0.032 }, "geometry": { "type": "Polygon", "coordinates": [ [ [ 80.4372337, 16.2999837 ], [ 80.4374778, 16.2999843 ], [ 80.437478, 16.2999178 ], [ 80.4372339, 16.2999171 ], [ 80.4372337, 16.2999837 ] ] ] } },
{ "type": "Feature", "properties": { "label": "Pothole", "confidence": 0.3, "on_road": 1, "size_m": 0.8, "gt_road_overlap": 1.0, "gt_roof_overlap": 0.0 }, "geometry": { "type": "Polygon", "coordinates": [ [ [ 80.4365914, 16.2998451 ], [ 80.4365985, 16.2998451 ], [ 80.4365986, 16.2998375 ], [ 80.4365915, 16.2998375 ], [ 80.4365914, 16.2998451 ] ] ] } },
{ "type": "Feature", "properties": { "label": "Pothole", "confidence": 0.3, "on_road": 1, "size_m": 2.7, "gt_road_overlap": 0.531, "gt_roof_overlap": 0.0 }, "geometry": { "type": "Polygon", "coordinates": [ [ [ 80.4372966, 16.2996669 ], [ 80.4373217, 16.299667 ], [ 80.4373217, 16.2996511 ], [ 80.4372966, 16.299651 ], [ 80.4372966, 16.2996669 ] ] ] } },
{ "type": "Feature", "properties": { "label": "Pothole", "confidence": 0.29, "on_road": 1, "size_m": 0.9, "gt_road_overlap": 1.0, "gt_roof_overlap": 0.0 }, "geometry": { "type": "Polygon", "coordinates": [ [ [ 80.4362061, 16.300453 ], [ 80.4362099, 16.300453 ], [ 80.4362099, 16.3004447 ], [ 80.4362061, 16.3004447 ], [ 80.4362061, 16.300453 ] ] ] } },
{ "type": "Feature", "properties": { "label": "Pothole", "confidence": 0.28, "on_road": 0, "size_m": 0.9, "gt_road_overlap": 0.0, "gt_roof_overlap": 1.0 }, "geometry": { "type": "Polygon", "coordinates": [ [ [ 80.4368313, 16.3005308 ], [ 80.4368388, 16.3005308 ], [ 80.4368389, 16.3005225 ], [ 80.4368314, 16.3005225 ], [ 80.4368313, 16.3005308 ] ] ] } },
{ "type": "Feature", "properties": { "label": "Pothole", "confidence": 0.28, "on_road": 1, "size_m": 1.8, "gt_road_overlap": 1.0, "gt_roof_overlap": 0.0 }, "geometry": { "type": "Polygon", "coordinates": [ [ [ 80.4366954, 16.3002195 ], [ 80.4367021, 16.3002195 ], [ 80.4367022, 16.3002028 ], [ 80.4366954, 16.3002028 ], [ 80.4366954, 16.3002195 ] ] ] } },
{ "type": "Feature", "properties": { "label": "Pothole", "confidence": 0.27, "on_road": 0, "size_m": 8.4, "gt_road_overlap": 1.0, "gt_roof_overlap": 0.0 }, "geometry": { "type": "Polygon", "coordinates": [ [ [ 80.4363587, 16.2998687 ], [ 80.4364373, 16.2998689 ], [ 80.4364373, 16.299853 ], [ 80.4363587, 16.2998528 ], [ 80.4363587, 16.2998687 ] ] ] } },
{ "type": "Feature", "properties": { "label": "Pothole", "confidence": 0.27, "on_road": 0, "size_m": 1.9, "gt_road_overlap": 0.0, "gt_roof_overlap": 0.0 }, "geometry": { "type": "Polygon", "coordinates": [ [ [ 80.4370683, 16.3006079 ], [ 80.4370784, 16.3006079 ], [ 80.4370785, 16.3005906 ], [ 80.4370684, 16.3005905 ], [ 80.4370683, 16.3006079 ] ] ] } },
{ "type": "Feature", "properties": { "label": "Pothole", "confidence": 0.26, "on_road": 1, "size_m": 0.6, "gt_road_overlap": 1.0, "gt_roof_overlap": 0.0 }, "geometry": { "type": "Polygon", "coordinates": [ [ [ 80.4374864, 16.300012 ], [ 80.4374908, 16.300012 ], [ 80.4374909, 16.3000062 ], [ 80.4374864, 16.3000062 ], [ 80.4374864, 16.300012 ] ] ] } },
{ "type": "Feature", "properties": { "label": "Pothole", "confidence": 0.84, "on_road": 1, "size_m": 1.4, "gt_road_overlap": 1.0, "gt_roof_overlap": 0.0 }, "geometry": { "type": "Polygon", "coordinates": [ [ [ 80.4375841, 16.3003487 ], [ 80.4375919, 16.3003488 ], [ 80.437592, 16.3003357 ], [ 80.4375841, 16.3003357 ], [ 80.4375841, 16.3003487 ] ] ] } },
{ "type": "Feature", "properties": { "label": "Pothole", "confidence": 0.75, "on_road": 1, "size_m": 1.2, "gt_road_overlap": 1.0, "gt_roof_overlap": 0.0 }, "geometry": { "type": "Polygon", "coordinates": [ [ [ 80.4378933, 16.2996985 ], [ 80.4379023, 16.2996985 ], [ 80.4379023, 16.2996881 ], [ 80.4378933, 16.299688 ], [ 80.4378933, 16.2996985 ] ] ] } },
{ "type": "Feature", "properties": { "label": "Pothole", "confidence": 0.67, "on_road": 0, "size_m": 1.1, "gt_road_overlap": 1.0, "gt_roof_overlap": 0.378 }, "geometry": { "type": "Polygon", "coordinates": [ [ [ 80.438404, 16.299818 ], [ 80.4384111, 16.299818 ], [ 80.4384112, 16.2998083 ], [ 80.4384041, 16.2998083 ], [ 80.438404, 16.299818 ] ] ] } },
{ "type": "Feature", "properties": { "label": "Pothole", "confidence": 0.63, "on_road": 1, "size_m": 1.2, "gt_road_overlap": 1.0, "gt_roof_overlap": 0.0 }, "geometry": { "type": "Polygon", "coordinates": [ [ [ 80.4380838, 16.3004352 ], [ 80.4380884, 16.3004352 ], [ 80.4380884, 16.3004246 ], [ 80.4380838, 16.3004246 ], [ 80.4380838, 16.3004352 ] ] ] } },
{ "type": "Feature", "properties": { "label": "Pothole", "confidence": 0.46, "on_road": 1, "size_m": 0.9, "gt_road_overlap": 1.0, "gt_roof_overlap": 0.0 }, "geometry": { "type": "Polygon", "coordinates": [ [ [ 80.4380961, 16.300475 ], [ 80.4381028, 16.300475 ], [ 80.4381028, 16.3004669 ], [ 80.4380961, 16.3004669 ], [ 80.4380961, 16.300475 ] ] ] } },
{ "type": "Feature", "properties": { "label": "Pothole", "confidence": 0.45, "on_road": 1, "size_m": 0.6, "gt_road_overlap": 1.0, "gt_roof_overlap": 0.008 }, "geometry": { "type": "Polygon", "coordinates": [ [ [ 80.437546, 16.3003278 ], [ 80.4375509, 16.3003279 ], [ 80.4375509, 16.3003221 ], [ 80.437546, 16.3003221 ], [ 80.437546, 16.3003278 ] ] ] } },
{ "type": "Feature", "properties": { "label": "Pothole", "confidence": 0.42, "on_road": 0, "size_m": 2.7, "gt_road_overlap": 0.198, "gt_roof_overlap": 0.0 }, "geometry": { "type": "Polygon", "coordinates": [ [ [ 80.4375998, 16.2996063 ], [ 80.4376253, 16.2996063 ], [ 80.4376253, 16.2995875 ], [ 80.4375999, 16.2995874 ], [ 80.4375998, 16.2996063 ] ] ] } },
{ "type": "Feature", "properties": { "label": "Pothole", "confidence": 0.42, "on_road": 1, "size_m": 1.5, "gt_road_overlap": 1.0, "gt_roof_overlap": 0.0 }, "geometry": { "type": "Polygon", "coordinates": [ [ [ 80.4380589, 16.3003956 ], [ 80.4380712, 16.3003956 ], [ 80.4380713, 16.3003817 ], [ 80.4380589, 16.3003816 ], [ 80.4380589, 16.3003956 ] ] ] } },
{ "type": "Feature", "properties": { "label": "Pothole", "confidence": 0.4, "on_road": 0, "size_m": 0.8, "gt_road_overlap": 0.0, "gt_roof_overlap": 0.001 }, "geometry": { "type": "Polygon", "coordinates": [ [ [ 80.4376304, 16.300179 ], [ 80.4376379, 16.3001791 ], [ 80.4376379, 16.3001735 ], [ 80.4376304, 16.3001734 ], [ 80.4376304, 16.300179 ] ] ] } },
{ "type": "Feature", "properties": { "label": "Pothole", "confidence": 0.38, "on_road": 0, "size_m": 1.0, "gt_road_overlap": 1.0, "gt_roof_overlap": 1.0 }, "geometry": { "type": "Polygon", "coordinates": [ [ [ 80.4384217, 16.2999097 ], [ 80.43843, 16.2999097 ], [ 80.43843, 16.2999008 ], [ 80.4384218, 16.2999008 ], [ 80.4384217, 16.2999097 ] ] ] } },
{ "type": "Feature", "properties": { "label": "Longitudinal crack", "confidence": 0.37, "on_road": 0, "size_m": 6.4, "gt_road_overlap": 0.0, "gt_roof_overlap": 1.0 }, "geometry": { "type": "Polygon", "coordinates": [ [ [ 80.4377894, 16.3005581 ], [ 80.437815, 16.3005582 ], [ 80.4378152, 16.3005 ], [ 80.4377895, 16.3004999 ], [ 80.4377894, 16.3005581 ] ] ] } },
{ "type": "Feature", "properties": { "label": "Pothole", "confidence": 0.35, "on_road": 1, "size_m": 0.7, "gt_road_overlap": 1.0, "gt_roof_overlap": 0.0 }, "geometry": { "type": "Polygon", "coordinates": [ [ [ 80.4384606, 16.2998558 ], [ 80.4384657, 16.2998558 ], [ 80.4384657, 16.2998496 ], [ 80.4384607, 16.2998496 ], [ 80.4384606, 16.2998558 ] ] ] } },
{ "type": "Feature", "properties": { "label": "Pothole", "confidence": 0.35, "on_road": 0, "size_m": 1.2, "gt_road_overlap": 0.0, "gt_roof_overlap": 0.0 }, "geometry": { "type": "Polygon", "coordinates": [ [ [ 80.4386397, 16.3002035 ], [ 80.4386502, 16.3002035 ], [ 80.4386503, 16.3001927 ], [ 80.4386398, 16.3001926 ], [ 80.4386397, 16.3002035 ] ] ] } },
{ "type": "Feature", "properties": { "label": "Pothole", "confidence": 0.33, "on_road": 0, "size_m": 3.0, "gt_road_overlap": 0.0, "gt_roof_overlap": 1.0 }, "geometry": { "type": "Polygon", "coordinates": [ [ [ 80.4388231, 16.3004921 ], [ 80.4388306, 16.3004922 ], [ 80.4388307, 16.3004654 ], [ 80.4388232, 16.3004654 ], [ 80.4388231, 16.3004921 ] ] ] } },
{ "type": "Feature", "properties": { "label": "Pothole", "confidence": 0.32, "on_road": 1, "size_m": 1.0, "gt_road_overlap": 1.0, "gt_roof_overlap": 0.0 }, "geometry": { "type": "Polygon", "coordinates": [ [ [ 80.4380525, 16.3006924 ], [ 80.438062, 16.3006924 ], [ 80.438062, 16.3006866 ], [ 80.4380526, 16.3006866 ], [ 80.4380525, 16.3006924 ] ] ] } },
{ "type": "Feature", "properties": { "label": "Pothole", "confidence": 0.3, "on_road": 0, "size_m": 7.3, "gt_road_overlap": 1.0, "gt_roof_overlap": 0.0 }, "geometry": { "type": "Polygon", "coordinates": [ [ [ 80.4386614, 16.2995492 ], [ 80.4387296, 16.2995494 ], [ 80.4387297, 16.2995223 ], [ 80.4386615, 16.2995221 ], [ 80.4386614, 16.2995492 ] ] ] } },
{ "type": "Feature", "properties": { "label": "Pothole", "confidence": 0.28, "on_road": 0, "size_m": 1.1, "gt_road_overlap": 0.0, "gt_roof_overlap": 0.0 }, "geometry": { "type": "Polygon", "coordinates": [ [ [ 80.4386527, 16.2995982 ], [ 80.4386609, 16.2995982 ], [ 80.438661, 16.2995881 ], [ 80.4386527, 16.2995881 ], [ 80.4386527, 16.2995982 ] ] ] } },
{ "type": "Feature", "properties": { "label": "Pothole", "confidence": 0.27, "on_road": 1, "size_m": 0.7, "gt_road_overlap": 1.0, "gt_roof_overlap": 0.0 }, "geometry": { "type": "Polygon", "coordinates": [ [ [ 80.4384445, 16.2998072 ], [ 80.4384512, 16.2998072 ], [ 80.4384512, 16.2998025 ], [ 80.4384445, 16.2998025 ], [ 80.4384445, 16.2998072 ] ] ] } },
{ "type": "Feature", "properties": { "label": "Pothole", "confidence": 0.81, "on_road": 1, "size_m": 3.5, "gt_road_overlap": 0.878, "gt_roof_overlap": 0.0 }, "geometry": { "type": "Polygon", "coordinates": [ [ [ 80.4400328, 16.3001915 ], [ 80.440059, 16.3001916 ], [ 80.4400591, 16.30016 ], [ 80.4400329, 16.3001599 ], [ 80.4400328, 16.3001915 ] ] ] } },
{ "type": "Feature", "properties": { "label": "Pothole", "confidence": 0.75, "on_road": 1, "size_m": 1.2, "gt_road_overlap": 1.0, "gt_roof_overlap": 0.0 }, "geometry": { "type": "Polygon", "coordinates": [ [ [ 80.439876, 16.3004824 ], [ 80.4398872, 16.3004824 ], [ 80.4398873, 16.3004726 ], [ 80.439876, 16.3004726 ], [ 80.439876, 16.3004824 ] ] ] } },
{ "type": "Feature", "properties": { "label": "Pothole", "confidence": 0.73, "on_road": 1, "size_m": 4.0, "gt_road_overlap": 0.383, "gt_roof_overlap": 0.0 }, "geometry": { "type": "Polygon", "coordinates": [ [ [ 80.4391132, 16.299613 ], [ 80.4391506, 16.2996131 ], [ 80.4391507, 16.2995928 ], [ 80.4391132, 16.2995927 ], [ 80.4391132, 16.299613 ] ] ] } },
{ "type": "Feature", "properties": { "label": "Longitudinal crack", "confidence": 0.68, "on_road": 0, "size_m": 14.1, "gt_road_overlap": 0.0, "gt_roof_overlap": 0.679 }, "geometry": { "type": "Polygon", "coordinates": [ [ [ 80.4397445, 16.3000996 ], [ 80.4397801, 16.3000997 ], [ 80.4397805, 16.2999725 ], [ 80.4397449, 16.2999725 ], [ 80.4397445, 16.3000996 ] ] ] } },
{ "type": "Feature", "properties": { "label": "Pothole", "confidence": 0.66, "on_road": 1, "size_m": 1.0, "gt_road_overlap": 1.0, "gt_roof_overlap": 0.0 }, "geometry": { "type": "Polygon", "coordinates": [ [ [ 80.438962, 16.3002358 ], [ 80.4389688, 16.3002358 ], [ 80.4389688, 16.3002271 ], [ 80.438962, 16.3002271 ], [ 80.438962, 16.3002358 ] ] ] } },
{ "type": "Feature", "properties": { "label": "Pothole", "confidence": 0.59, "on_road": 1, "size_m": 2.8, "gt_road_overlap": 1.0, "gt_roof_overlap": 0.0 }, "geometry": { "type": "Polygon", "coordinates": [ [ [ 80.4391548, 16.2996525 ], [ 80.4391814, 16.2996526 ], [ 80.4391814, 16.2996395 ], [ 80.4391548, 16.2996394 ], [ 80.4391548, 16.2996525 ] ] ] } },
{ "type": "Feature", "properties": { "label": "Repaired patch", "confidence": 0.5, "on_road": 0, "size_m": 6.9, "gt_road_overlap": 0.0, "gt_roof_overlap": 0.0 }, "geometry": { "type": "Polygon", "coordinates": [ [ [ 80.4390741, 16.2999096 ], [ 80.4391384, 16.2999097 ], [ 80.4391385, 16.2998602 ], [ 80.4390743, 16.29986 ], [ 80.4390741, 16.2999096 ] ] ] } },
{ "type": "Feature", "properties": { "label": "Pothole", "confidence": 0.44, "on_road": 1, "size_m": 0.6, "gt_road_overlap": 1.0, "gt_roof_overlap": 0.0 }, "geometry": { "type": "Polygon", "coordinates": [ [ [ 80.4400172, 16.300205 ], [ 80.4400224, 16.300205 ], [ 80.4400224, 16.3002006 ], [ 80.4400172, 16.3002006 ], [ 80.4400172, 16.300205 ] ] ] } },
{ "type": "Feature", "properties": { "label": "Pothole", "confidence": 0.41, "on_road": 0, "size_m": 1.8, "gt_road_overlap": 0.0, "gt_roof_overlap": 0.0 }, "geometry": { "type": "Polygon", "coordinates": [ [ [ 80.4388624, 16.3002232 ], [ 80.4388797, 16.3002233 ], [ 80.4388797, 16.3002168 ], [ 80.4388624, 16.3002167 ], [ 80.4388624, 16.3002232 ] ] ] } },
{ "type": "Feature", "properties": { "label": "Pothole", "confidence": 0.36, "on_road": 1, "size_m": 3.0, "gt_road_overlap": 1.0, "gt_roof_overlap": 0.0 }, "geometry": { "type": "Polygon", "coordinates": [ [ [ 80.4390873, 16.2996331 ], [ 80.439115, 16.2996331 ], [ 80.439115, 16.2996214 ], [ 80.4390873, 16.2996213 ], [ 80.4390873, 16.2996331 ] ] ] } },
{ "type": "Feature", "properties": { "label": "Pothole", "confidence": 0.36, "on_road": 0, "size_m": 2.2, "gt_road_overlap": 0.0, "gt_roof_overlap": 1.0 }, "geometry": { "type": "Polygon", "coordinates": [ [ [ 80.4392403, 16.3004745 ], [ 80.4392575, 16.3004745 ], [ 80.4392576, 16.300455 ], [ 80.4392403, 16.3004549 ], [ 80.4392403, 16.3004745 ] ] ] } },
{ "type": "Feature", "properties": { "label": "Pothole", "confidence": 0.34, "on_road": 0, "size_m": 0.9, "gt_road_overlap": 0.0, "gt_roof_overlap": 0.0 }, "geometry": { "type": "Polygon", "coordinates": [ [ [ 80.4393656, 16.3001636 ], [ 80.4393743, 16.3001637 ], [ 80.4393743, 16.3001559 ], [ 80.4393657, 16.3001559 ], [ 80.4393656, 16.3001636 ] ] ] } },
{ "type": "Feature", "properties": { "label": "Longitudinal crack", "confidence": 0.26, "on_road": 0, "size_m": 1.4, "gt_road_overlap": 0.0, "gt_roof_overlap": 1.0 }, "geometry": { "type": "Polygon", "coordinates": [ [ [ 80.4394404, 16.3002725 ], [ 80.4394449, 16.3002725 ], [ 80.4394449, 16.3002602 ], [ 80.4394404, 16.3002602 ], [ 80.4394404, 16.3002725 ] ] ] } },
{ "type": "Feature", "properties": { "label": "Pothole", "confidence": 0.96, "on_road": 0, "size_m": 3.6, "gt_road_overlap": 0.0, "gt_roof_overlap": 0.0 }, "geometry": { "type": "Polygon", "coordinates": [ [ [ 80.441193, 16.300661 ], [ 80.4412266, 16.300661 ], [ 80.4412266, 16.3006354 ], [ 80.4411931, 16.3006353 ], [ 80.441193, 16.300661 ] ] ] } },
{ "type": "Feature", "properties": { "label": "Pothole", "confidence": 0.74, "on_road": 0, "size_m": 1.5, "gt_road_overlap": 0.0, "gt_roof_overlap": 0.0 }, "geometry": { "type": "Polygon", "coordinates": [ [ [ 80.4410346, 16.3005363 ], [ 80.441049, 16.3005364 ], [ 80.441049, 16.3005277 ], [ 80.4410347, 16.3005277 ], [ 80.4410346, 16.3005363 ] ] ] } },
{ "type": "Feature", "properties": { "label": "Pothole", "confidence": 0.54, "on_road": 0, "size_m": 0.8, "gt_road_overlap": 0.0, "gt_roof_overlap": 0.0 }, "geometry": { "type": "Polygon", "coordinates": [ [ [ 80.441063, 16.3005078 ], [ 80.4410705, 16.3005079 ], [ 80.4410705, 16.3005014 ], [ 80.441063, 16.3005013 ], [ 80.441063, 16.3005078 ] ] ] } },
{ "type": "Feature", "properties": { "label": "Pothole", "confidence": 0.54, "on_road": 0, "size_m": 2.8, "gt_road_overlap": 0.0, "gt_roof_overlap": 0.0 }, "geometry": { "type": "Polygon", "coordinates": [ [ [ 80.4407596, 16.3006869 ], [ 80.4407856, 16.300687 ], [ 80.4407857, 16.3006653 ], [ 80.4407596, 16.3006652 ], [ 80.4407596, 16.3006869 ] ] ] } },
{ "type": "Feature", "properties": { "label": "Pothole", "confidence": 0.54, "on_road": 1, "size_m": 1.3, "gt_road_overlap": 1.0, "gt_roof_overlap": 0.0 }, "geometry": { "type": "Polygon", "coordinates": [ [ [ 80.4404429, 16.300711 ], [ 80.4404531, 16.3007111 ], [ 80.4404531, 16.3006991 ], [ 80.4404429, 16.3006991 ], [ 80.4404429, 16.300711 ] ] ] } },
{ "type": "Feature", "properties": { "label": "Pothole", "confidence": 0.45, "on_road": 1, "size_m": 2.0, "gt_road_overlap": 1.0, "gt_roof_overlap": 0.0 }, "geometry": { "type": "Polygon", "coordinates": [ [ [ 80.4403203, 16.3006632 ], [ 80.4403308, 16.3006632 ], [ 80.4403308, 16.3006448 ], [ 80.4403203, 16.3006447 ], [ 80.4403203, 16.3006632 ] ] ] } },
{ "type": "Feature", "properties": { "label": "Pothole", "confidence": 0.37, "on_road": 0, "size_m": 0.8, "gt_road_overlap": 0.0, "gt_roof_overlap": 0.0 }, "geometry": { "type": "Polygon", "coordinates": [ [ [ 80.4404386, 16.3005973 ], [ 80.4404466, 16.3005973 ], [ 80.4404466, 16.3005923 ], [ 80.4404387, 16.3005923 ], [ 80.4404386, 16.3005973 ] ] ] } },
{ "type": "Feature", "properties": { "label": "Pothole", "confidence": 0.34, "on_road": 0, "size_m": 1.5, "gt_road_overlap": 0.0, "gt_roof_overlap": 0.0 }, "geometry": { "type": "Polygon", "coordinates": [ [ [ 80.4411003, 16.3005582 ], [ 80.4411146, 16.3005582 ], [ 80.4411146, 16.3005496 ], [ 80.4411003, 16.3005495 ], [ 80.4411003, 16.3005582 ] ] ] } },
{ "type": "Feature", "properties": { "label": "Pothole", "confidence": 0.33, "on_road": 1, "size_m": 1.1, "gt_road_overlap": 1.0, "gt_roof_overlap": 0.0 }, "geometry": { "type": "Polygon", "coordinates": [ [ [ 80.440448, 16.3007228 ], [ 80.4404587, 16.3007228 ], [ 80.4404587, 16.3007125 ], [ 80.4404481, 16.3007125 ], [ 80.440448, 16.3007228 ] ] ] } },
{ "type": "Feature", "properties": { "label": "Pothole", "confidence": 0.3, "on_road": 0, "size_m": 5.6, "gt_road_overlap": 0.0, "gt_roof_overlap": 0.0 }, "geometry": { "type": "Polygon", "coordinates": [ [ [ 80.4410981, 16.300586 ], [ 80.4411507, 16.3005862 ], [ 80.4411508, 16.3005507 ], [ 80.4410982, 16.3005506 ], [ 80.4410981, 16.300586 ] ] ] } }
]
}
