{
"type": "FeatureCollection",
"name": "guntur_gt_roads",
"crs": { "type": "name", "properties": { "name": "urn:ogc:def:crs:OGC:1.3:CRS84" } },
"xy_coordinate_resolution": 1e-06,
"features": [
{ "type": "Feature", "properties": { "gt": "road" }, "geometry": { "type": "MultiPolygon", "coordinates": [ [ [ [ 80.427584, 16.315223 ], [ 80.42763, 16.315339 ], [ 80.42772, 16.31534 ], [ 80.427654, 16.31517 ], [ 80.427869, 16.315017 ], [ 80.428207, 16.314816 ], [ 80.42836, 16.315341 ], [ 80.428448, 16.315342 ], [ 80.428282, 16.314773 ], [ 80.428462, 16.314699 ], [ 80.428731, 16.314608 ], [ 80.428956, 16.315343 ], [ 80.429044, 16.315343 ], [ 80.428812, 16.314584 ], [ 80.429607, 16.314396 ], [ 80.429878, 16.315346 ], [ 80.429965, 16.315346 ], [ 80.42969, 16.314378 ], [ 80.430463, 16.314224 ], [ 80.430662, 16.314805 ], [ 80.430776, 16.315348 ], [ 80.430862, 16.315348 ], [ 80.430752, 16.314823 ], [ 80.431156, 16.314708 ], [ 80.431354, 16.31535 ], [ 80.431442, 16.31535 ], [ 80.431238, 16.314687 ], [ 80.43157, 16.314608 ], [ 80.431773, 16.315351 ], [ 80.43186, 16.315351 ], [ 80.431652, 16.314589 ], [ 80.431909, 16.314531 ], [ 80.432069, 16.31529 ], [ 80.432098, 16.315341 ], [ 80.432121, 16.315352 ], [ 80.432207, 16.315352 ], [ 80.4327, 16.31524 ], [ 80.432726, 16.315353 ], [ 80.432869, 16.315354 ], [ 80.432829, 16.315174 ], [ 80.432736, 16.314329 ], [ 80.433025, 16.314179 ], [ 80.433234, 16.314647 ], [ 80.433268, 16.314696 ], [ 80.433348, 16.31471 ], [ 80.433645, 16.314621 ], [ 80.433693, 16.31458 ], [ 80.433693, 16.314502 ], [ 80.433917, 16.314449 ], [ 80.434038, 16.314838 ], [ 80.433162, 16.315098 ], [ 80.433134, 16.315128 ], [ 80.433143, 16.315163 ], [ 80.433187, 16.315175 ], [ 80.434059, 16.314916 ], [ 80.434179, 16.315357 ], [ 80.434614, 16.315358 ], [ 80.435188, 16.315185 ], [ 80.43524, 16.31536 ], [ 80.435327, 16.31536 ], [ 80.435268, 16.315159 ], [ 80.435751, 16.31499 ], [ 80.435876, 16.315362 ], [ 80.435964, 16.315362 ], [ 80.435831, 16.314964 ], [ 80.436004, 16.314908 ], [ 80.436119, 16.315362 ], [ 80.436206, 16.315363 ], [ 80.436085, 16.314884 ], [ 80.436626, 16.314742 ], [ 80.436686, 16.315124 ], [ 80.436703, 16.315148 ], [ 80.436737, 16.315153 ], [ 80.436759, 16.31514 ], [ 80.436768, 16.315112 ], [ 80.436708, 16.314725 ], [ 80.437032, 16.314666 ], [ 80.437074, 16.315365 ], [ 80.437418, 16.315366 ], [ 80.437415, 16.315156 ], [ 80.437464, 16.315366 ], [ 80.437778, 16.315367 ], [ 80.437889, 16.31535 ], [ 80.437895, 16.315367 ], [ 80.437983, 16.315367 ], [ 80.437973, 16.315334 ], [ 80.438329, 16.315272 ], [ 80.438353, 16.315368 ], [ 80.43844, 16.315368 ], [ 80.438412, 16.315257 ], [ 80.438741, 16.315197 ], [ 80.438779, 16.315369 ], [ 80.438865, 16.31537 ], [ 80.438823, 16.31518 ], [ 80.439137, 16.315107 ], [ 80.439191, 16.31537 ], [ 80.439277, 16.315371 ], [ 80.439219, 16.315089 ], [ 80.440515, 16.314838 ], [ 80.440597, 16.315248 ], [ 80.439713, 16.315372 ], [ 80.440275, 16.315373 ], [ 80.440612, 16.315329 ], [ 80.44062, 16.315374 ], [ 80.440705, 16.315374 ], [ 80.440694, 16.315314 ], [ 80.442367, 16.314925 ], [ 80.442485, 16.314876 ], [ 80.442521, 16.314819 ], [ 80.442522, 16.314748 ], [ 80.442323, 16.313952 ], [ 80.442736, 16.313893 ], [ 80.442676, 16.314837 ], [ 80.442515, 16.315069 ], [ 80.442333, 16.315224 ], [ 80.442011, 16.315331 ], [ 80.441777, 16.315377 ], [ 80.442129, 16.315378 ], [ 80.442325, 16.315313 ], [ 80.442342, 16.315379 ], [ 80.442429, 16.315379 ], [ 80.442402, 16.315274 ], [ 80.442578, 16.315124 ], [ 80.442692, 16.314959 ], [ 80.442762, 16.31538 ], [ 80.442848, 16.31538 ], [ 80.442764, 16.314876 ], [ 80.442926, 16.314811 ], [ 80.443084, 16.314786 ], [ 80.443141, 16.315381 ], [ 80.443226, 16.315381 ], [ 80.443167, 16.314778 ], [ 80.443449, 16.314768 ], [ 80.443505, 16.315382 ], [ 80.44359, 16.315382 ], [ 80.443533, 16.314762 ], [ 80.443789, 16.314734 ], [ 80.443846, 16.315232 ], [ 80.44386, 16.315258 ], [ 80.443888, 16.315268 ], [ 80.44392, 16.315255 ], [ 80.44393, 16.315228 ], [ 80.443872, 16.314727 ], [ 80.444159, 16.314709 ], [ 80.444179, 16.315384 ], [ 80.444263, 16.315384 ], [ 80.444243, 16.314705 ], [ 80.444548, 16.31469 ], [ 80.444547, 16.315385 ], [ 80.444631, 16.315385 ], [ 80.444632, 16.314686 ], [ 80.444898, 16.314668 ], [ 80.444887, 16.315386 ], [ 80.444971, 16.315386 ], [ 80.444982, 16.314664 ], [ 80.445249, 16.314656 ], [ 80.44524, 16.315386 ], [ 80.445325, 16.315387 ], [ 80.445333, 16.314653 ], [ 80.445625, 16.314645 ], [ 80.445656, 16.315388 ], [ 80.445741, 16.315388 ], [ 80.445709, 16.314642 ], [ 80.446039, 16.31463 ], [ 80.446055, 16.315389 ], [ 80.44614, 16.315389 ], [ 80.446123, 16.314626 ], [ 80.446403, 16.314613 ], [ 80.446403, 16.315389 ], [ 80.446487, 16.31539 ], [ 80.446487, 16.31461 ], [ 80.446756, 16.314606 ], [ 80.446785, 16.31539 ], [ 80.446869, 16.315391 ], [ 80.44684, 16.314604 ], [ 80.447119, 16.314594 ], [ 80.447114, 16.315343 ], [ 80.446871, 16.315391 ], [ 80.447473, 16.31539 ], [ 80.447581, 16.315369 ], [ 80.447701, 16.315318 ], [ 80.447535, 16.315325 ], [ 80.447535, 16.31459 ], [ 80.447866, 16.314586 ], [ 80.447904, 16.315123 ], [ 80.447957, 16.315009 ], [ 80.447975, 16.314928 ], [ 80.44795, 16.314579 ], [ 80.447982, 16.314574 ], [ 80.447982, 16.314492 ], [ 80.447942, 16.314498 ], [ 80.447791, 16.313167 ], [ 80.447986, 16.313155 ], [ 80.447986, 16.313074 ], [ 80.447782, 16.313086 ], [ 80.447706, 16.312423 ], [ 80.447988, 16.312416 ], [ 80.447988, 16.312335 ], [ 80.447696, 16.312342 ], [ 80.447593, 16.311606 ], [ 80.44799, 16.311613 ], [ 80.447991, 16.311531 ], [ 80.447583, 16.311524 ], [ 80.447518, 16.310844 ], [ 80.447992, 16.310852 ], [ 80.447993, 16.310771 ], [ 80.44751, 16.310763 ], [ 80.447443, 16.310212 ], [ 80.447994, 16.310155 ], [ 80.447995, 16.310071 ], [ 80.447955, 16.31008 ], [ 80.447831, 16.309382 ], [ 80.447997, 16.309332 ], [ 80.447997, 16.309247 ], [ 80.447773, 16.309314 ], [ 80.447332, 16.309397 ], [ 80.447301, 16.309179 ], [ 80.447998, 16.308987 ], [ 80.447998, 16.308902 ], [ 80.44729, 16.309098 ], [ 80.447254, 16.308844 ], [ 80.447999, 16.308644 ], [ 80.447999, 16.308559 ], [ 80.447242, 16.308763 ], [ 80.447219, 16.308604 ], [ 80.447999, 16.3084 ], [ 80.448, 16.308316 ], [ 80.447208, 16.308523 ], [ 80.447172, 16.308276 ], [ 80.448, 16.308059 ], [ 80.448001, 16.307975 ], [ 80.447161, 16.308195 ], [ 80.44712, 16.307897 ], [ 80.448001, 16.307689 ], [ 80.448002, 16.307605 ], [ 80.447122, 16.307813 ], [ 80.447158, 16.307445 ], [ 80.448003, 16.307205 ], [ 80.448003, 16.30712 ], [ 80.447171, 16.307357 ], [ 80.447199, 16.307182 ], [ 80.448003, 16.30693 ], [ 80.448004, 16.306842 ], [ 80.447942, 16.306866 ], [ 80.447875, 16.306681 ], [ 80.448004, 16.306636 ], [ 80.448005, 16.306549 ], [ 80.447847, 16.306604 ], [ 80.447777, 16.30641 ], [ 80.448005, 16.306328 ], [ 80.448005, 16.306241 ], [ 80.447749, 16.306333 ], [ 80.447682, 16.306148 ], [ 80.448006, 16.306035 ], [ 80.448006, 16.305948 ], [ 80.447368, 16.30616 ], [ 80.447377, 16.306065 ], [ 80.448006, 16.30586 ], [ 80.448007, 16.305774 ], [ 80.447367, 16.305982 ], [ 80.447253, 16.305588 ], [ 80.447992, 16.305355 ], [ 80.448008, 16.305392 ], [ 80.448008, 16.305194 ], [ 80.447899, 16.304972 ], [ 80.448009, 16.304948 ], [ 80.448009, 16.304864 ], [ 80.44709, 16.305096 ], [ 80.44703, 16.304913 ], [ 80.44801, 16.304696 ], [ 80.44801, 16.304613 ], [ 80.447005, 16.304835 ], [ 80.446937, 16.304613 ], [ 80.447888, 16.304445 ], [ 80.447917, 16.304426 ], [ 80.447921, 16.304394 ], [ 80.447903, 16.304371 ], [ 80.447873, 16.304365 ], [ 80.446914, 16.304534 ], [ 80.446852, 16.304305 ], [ 80.447624, 16.304192 ], [ 80.447653, 16.304174 ], [ 80.447657, 16.304137 ], [ 80.447641, 16.304118 ], [ 80.447612, 16.304111 ], [ 80.446824, 16.304227 ], [ 80.44674, 16.30407 ], [ 80.447231, 16.303669 ], [ 80.447459, 16.303396 ], [ 80.448012, 16.303725 ], [ 80.448013, 16.303566 ], [ 80.447537, 16.303283 ], [ 80.447636, 16.303133 ], [ 80.448015, 16.302839 ], [ 80.448016, 16.302383 ], [ 80.447989, 16.302292 ], [ 80.447991, 16.301936 ], [ 80.448018, 16.301802 ], [ 80.448019, 16.30137 ], [ 80.447907, 16.301924 ], [ 80.447906, 16.302017 ], [ 80.447682, 16.301273 ], [ 80.448019, 16.301246 ], [ 80.44802, 16.301164 ], [ 80.44766, 16.301193 ], [ 80.447596, 16.300889 ], [ 80.44802, 16.300848 ], [ 80.448021, 16.300766 ], [ 80.447578, 16.300809 ], [ 80.447474, 16.300344 ], [ 80.448022, 16.300223 ], [ 80.448022, 16.300139 ], [ 80.447458, 16.300264 ], [ 80.447382, 16.299855 ], [ 80.448024, 16.299721 ], [ 80.448024, 16.299637 ], [ 80.447364, 16.299775 ], [ 80.447247, 16.299359 ], [ 80.447898, 16.299202 ], [ 80.447831, 16.299136 ], [ 80.447226, 16.299281 ], [ 80.44714, 16.299002 ], [ 80.446993, 16.299002 ], [ 80.447089, 16.299311 ], [ 80.446631, 16.299411 ], [ 80.44651, 16.299 ], [ 80.446422, 16.299 ], [ 80.446551, 16.299436 ], [ 80.446196, 16.299576 ], [ 80.446036, 16.299822 ], [ 80.445833, 16.299941 ], [ 80.445185, 16.299033 ], [ 80.44516, 16.299017 ], [ 80.445134, 16.299019 ], [ 80.44511, 16.299047 ], [ 80.445116, 16.299079 ], [ 80.445761, 16.299984 ], [ 80.445561, 16.300101 ], [ 80.444946, 16.299093 ], [ 80.445017, 16.298996 ], [ 80.444787, 16.298996 ], [ 80.444043, 16.300014 ], [ 80.444009, 16.300046 ], [ 80.443367, 16.299785 ], [ 80.443328, 16.299691 ], [ 80.443662, 16.299132 ], [ 80.443728, 16.299125 ], [ 80.443778, 16.29908 ], [ 80.443791, 16.299041 ], [ 80.443785, 16.298993 ], [ 80.443689, 16.298993 ], [ 80.443717, 16.299012 ], [ 80.443721, 16.299035 ], [ 80.44371, 16.299056 ], [ 80.443687, 16.299066 ], [ 80.443654, 16.299054 ], [ 80.443644, 16.299031 ], [ 80.443651, 16.299007 ], [ 80.443676, 16.298993 ], [ 80.44358, 16.298993 ], [ 80.443574, 16.29904 ], [ 80.443601, 16.299099 ], [ 80.443268, 16.299656 ], [ 80.442799, 16.299436 ], [ 80.442767, 16.299412 ], [ 80.442718, 16.299299 ], [ 80.442679, 16.299243 ], [ 80.442632, 16.299211 ], [ 80.442737, 16.299069 ], [ 80.44276, 16.298991 ], [ 80.442689, 16.29899 ], [ 80.442676, 16.299035 ], [ 80.442571, 16.299176 ], [ 80.442176, 16.298989 ], [ 80.442018, 16.298989 ], [ 80.442564, 16.299249 ], [ 80.442627, 16.29929 ], [ 80.442658, 16.299333 ], [ 80.442686, 16.299413 ], [ 80.442736, 16.299474 ], [ 80.441747, 16.298988 ], [ 80.441213, 16.298986 ], [ 80.441888, 16.299326 ], [ 80.441649, 16.299759 ], [ 80.440723, 16.299314 ], [ 80.440882, 16.298986 ], [ 80.440728, 16.298985 ], [ 80.440577, 16.299299 ], [ 80.44058, 16.299341 ], [ 80.440609, 16.299372 ], [ 80.440644, 16.299382 ], [ 80.440683, 16.299371 ], [ 80.441663, 16.299837 ], [ 80.441695, 16.29982 ], [ 80.441951, 16.299356 ], [ 80.442262, 16.299501 ], [ 80.442185, 16.299651 ], [ 80.442198, 16.299691 ], [ 80.443235, 16.300227 ], [ 80.44326, 16.30023 ], [ 80.44328, 16.300218 ], [ 80.443393, 16.300038 ], [ 80.44367, 16.30018 ], [ 80.443874, 16.30026 ], [ 80.443873, 16.300297 ], [ 80.443643, 16.300569 ], [ 80.443637, 16.300596 ], [ 80.443652, 16.300623 ], [ 80.444962, 16.301453 ], [ 80.44565, 16.301769 ], [ 80.446068, 16.301947 ], [ 80.446092, 16.301939 ], [ 80.446108, 16.301919 ], [ 80.446108, 16.301894 ], [ 80.446089, 16.301871 ], [ 80.445004, 16.301382 ], [ 80.444376, 16.300979 ], [ 80.444461, 16.300903 ], [ 80.444543, 16.300991 ], [ 80.444717, 16.301056 ], [ 80.44541, 16.301367 ], [ 80.445824, 16.301206 ], [ 80.446148, 16.301099 ], [ 80.446632, 16.302546 ], [ 80.446651, 16.302569 ], [ 80.446676, 16.302574 ], [ 80.446708, 16.302554 ], [ 80.446712, 16.302521 ], [ 80.446228, 16.301073 ], [ 80.446427, 16.30101 ], [ 80.446878, 16.302424 ], [ 80.447209, 16.302649 ], [ 80.447258, 16.30282 ], [ 80.447455, 16.303057 ], [ 80.447335, 16.303242 ], [ 80.447128, 16.303488 ], [ 80.446959, 16.303638 ], [ 80.446137, 16.303094 ], [ 80.446185, 16.30301 ], [ 80.446185, 16.302985 ], [ 80.44617, 16.302965 ], [ 80.446146, 16.302957 ], [ 80.446121, 16.302965 ], [ 80.446065, 16.303051 ], [ 80.44534, 16.302668 ], [ 80.445405, 16.302566 ], [ 80.445886, 16.302724 ], [ 80.446104, 16.302813 ], [ 80.446889, 16.303365 ], [ 80.446941, 16.303356 ], [ 80.44703, 16.303256 ], [ 80.447026, 16.303212 ], [ 80.446988, 16.303196 ], [ 80.446964, 16.303207 ], [ 80.446902, 16.303276 ], [ 80.44615, 16.302744 ], [ 80.445916, 16.302648 ], [ 80.44554, 16.302528 ], [ 80.44435, 16.302091 ], [ 80.444309, 16.302098 ], [ 80.444294, 16.302122 ], [ 80.444196, 16.302664 ], [ 80.444201, 16.302693 ], [ 80.44515, 16.303176 ], [ 80.445075, 16.303337 ], [ 80.444074, 16.302849 ], [ 80.441636, 16.301741 ], [ 80.441255, 16.301548 ], [ 80.44134, 16.301396 ], [ 80.442405, 16.301883 ], [ 80.44245, 16.301866 ], [ 80.442563, 16.301668 ], [ 80.44297, 16.301861 ], [ 80.44315, 16.30185 ], [ 80.443318, 16.301878 ], [ 80.443344, 16.301856 ], [ 80.443341, 16.301819 ], [ 80.443318, 16.301801 ], [ 80.443213, 16.30178 ], [ 80.443233, 16.301735 ], [ 80.443401, 16.301818 ], [ 80.443427, 16.301819 ], [ 80.443448, 16.301806 ], [ 80.44395, 16.300894 ], [ 80.443951, 16.300869 ], [ 80.443934, 16.300846 ], [ 80.443718, 16.30074 ], [ 80.443688, 16.300737 ], [ 80.443663, 16.300755 ], [ 80.443591, 16.300913 ], [ 80.443567, 16.300915 ], [ 80.443547, 16.300931 ], [ 80.443484, 16.301062 ], [ 80.443491, 16.301086 ], [ 80.443512, 16.301102 ], [ 80.44355, 16.301097 ], [ 80.44357, 16.30107 ], [ 80.443716, 16.301146 ], [ 80.44364, 16.301286 ], [ 80.443496, 16.301215 ], [ 80.443521, 16.301143 ], [ 80.443503, 16.301119 ], [ 80.443469, 16.301115 ], [ 80.443443, 16.301136 ], [ 80.443332, 16.301354 ], [ 80.443334, 16.301379 ], [ 80.44335, 16.301399 ], [ 80.443396, 16.301398 ], [ 80.443459, 16.301288 ], [ 80.4436, 16.301358 ], [ 80.443503, 16.301535 ], [ 80.443367, 16.301469 ], [ 80.443371, 16.30143 ], [ 80.443333, 16.301405 ], [ 80.443299, 16.30142 ], [ 80.44325, 16.301513 ], [ 80.443251, 16.301542 ], [ 80.443275, 16.301565 ], [ 80.443305, 16.301564 ], [ 80.443329, 16.301542 ], [ 80.443463, 16.301607 ], [ 80.443398, 16.301725 ], [ 80.44321, 16.301639 ], [ 80.443177, 16.301659 ], [ 80.443125, 16.30177 ], [ 80.44299, 16.30178 ], [ 80.442543, 16.301574 ], [ 80.442508, 16.301595 ], [ 80.442397, 16.30179 ], [ 80.44138, 16.301325 ], [ 80.441442, 16.301212 ], [ 80.441441, 16.301186 ], [ 80.441425, 16.301167 ], [ 80.44006, 16.300466 ], [ 80.440019, 16.30049 ], [ 80.43965, 16.301265 ], [ 80.439596, 16.301237 ], [ 80.439534, 16.301237 ], [ 80.439726, 16.30087 ], [ 80.439754, 16.300846 ], [ 80.439754, 16.300815 ], [ 80.440133, 16.300015 ], [ 80.44013, 16.299987 ], [ 80.439219, 16.29963 ], [ 80.43887, 16.29953 ], [ 80.438843, 16.299508 ], [ 80.438803, 16.299518 ], [ 80.438381, 16.299483 ], [ 80.438347, 16.299467 ], [ 80.438312, 16.299486 ], [ 80.437929, 16.299547 ], [ 80.437899, 16.299538 ], [ 80.437867, 16.299557 ], [ 80.437434, 16.299634 ], [ 80.437404, 16.299626 ], [ 80.437373, 16.299646 ], [ 80.436971, 16.299725 ], [ 80.436942, 16.299717 ], [ 80.436911, 16.299735 ], [ 80.436601, 16.299785 ], [ 80.436571, 16.299776 ], [ 80.436539, 16.299796 ], [ 80.436138, 16.299875 ], [ 80.436101, 16.299869 ], [ 80.436076, 16.299889 ], [ 80.435787, 16.299961 ], [ 80.435757, 16.299955 ], [ 80.435727, 16.299976 ], [ 80.435341, 16.300072 ], [ 80.435311, 16.300065 ], [ 80.43528, 16.300086 ], [ 80.434645, 16.300243 ], [ 80.434613, 16.300237 ], [ 80.434584, 16.300259 ], [ 80.43405, 16.3004 ], [ 80.43402, 16.300395 ], [ 80.433991, 16.300415 ], [ 80.433372, 16.300552 ], [ 80.43334, 16.300546 ], [ 80.433311, 16.300566 ], [ 80.432894, 16.300667 ], [ 80.432864, 16.300661 ], [ 80.432833, 16.300682 ], [ 80.432554, 16.300753 ], [ 80.432524, 16.300747 ], [ 80.432494, 16.300767 ], [ 80.432197, 16.300835 ], [ 80.43216, 16.30083 ], [ 80.432136, 16.30085 ], [ 80.430582, 16.301233 ], [ 80.430056, 16.301383 ], [ 80.430023, 16.301378 ], [ 80.429998, 16.301398 ], [ 80.429771, 16.301451 ], [ 80.429736, 16.301446 ], [ 80.429709, 16.301467 ], [ 80.429475, 16.301532 ], [ 80.429444, 16.301527 ], [ 80.429416, 16.301548 ], [ 80.426765, 16.302238 ], [ 80.426638, 16.302386 ], [ 80.426445, 16.302422 ], [ 80.426235, 16.302526 ], [ 80.426235, 16.302615 ], [ 80.426282, 16.302595 ], [ 80.426574, 16.303385 ], [ 80.426286, 16.303468 ], [ 80.426233, 16.303328 ], [ 80.426232, 16.303569 ], [ 80.426445, 16.304166 ], [ 80.42623, 16.304236 ], [ 80.42623, 16.304322 ], [ 80.426471, 16.304243 ], [ 80.426563, 16.304543 ], [ 80.426666, 16.304812 ], [ 80.426366, 16.304902 ], [ 80.426229, 16.304545 ], [ 80.426229, 16.304778 ], [ 80.426284, 16.304921 ], [ 80.426228, 16.304931 ], [ 80.426228, 16.305014 ], [ 80.426312, 16.304999 ], [ 80.426512, 16.305584 ], [ 80.426226, 16.305609 ], [ 80.426226, 16.305691 ], [ 80.42654, 16.305663 ], [ 80.426622, 16.305918 ], [ 80.426225, 16.305959 ], [ 80.426225, 16.306096 ], [ 80.426638, 16.306053 ], [ 80.426751, 16.306362 ], [ 80.426224, 16.30641 ], [ 80.426224, 16.306492 ], [ 80.426782, 16.306441 ], [ 80.426968, 16.306906 ], [ 80.426222, 16.307111 ], [ 80.426222, 16.307195 ], [ 80.426998, 16.306983 ], [ 80.427055, 16.30713 ], [ 80.426815, 16.307203 ], [ 80.426794, 16.30723 ], [ 80.426797, 16.307255 ], [ 80.426814, 16.307274 ], [ 80.426843, 16.307278 ], [ 80.427083, 16.307207 ], [ 80.427107, 16.307279 ], [ 80.426785, 16.30737 ], [ 80.426763, 16.30739 ], [ 80.426761, 16.307423 ], [ 80.426778, 16.307442 ], [ 80.426808, 16.307447 ], [ 80.427137, 16.307356 ], [ 80.427213, 16.307555 ], [ 80.42622, 16.307762 ], [ 80.42622, 16.307845 ], [ 80.42724, 16.307632 ], [ 80.427363, 16.308063 ], [ 80.426218, 16.308303 ], [ 80.426218, 16.308386 ], [ 80.427385, 16.308142 ], [ 80.427501, 16.308589 ], [ 80.426217, 16.30884 ], [ 80.426216, 16.308923 ], [ 80.427522, 16.308668 ], [ 80.427621, 16.309029 ], [ 80.426322, 16.309363 ], [ 80.426216, 16.309061 ], [ 80.426215, 16.309312 ], [ 80.426241, 16.309384 ], [ 80.426215, 16.309391 ], [ 80.426215, 16.309475 ], [ 80.426266, 16.309462 ], [ 80.426408, 16.309935 ], [ 80.426213, 16.309991 ], [ 80.426213, 16.310133 ], [ 80.42645, 16.310064 ], [ 80.426568, 16.310404 ], [ 80.426212, 16.310503 ], [ 80.426212, 16.310588 ], [ 80.426593, 16.310482 ], [ 80.42673, 16.310933 ], [ 80.42621, 16.311055 ], [ 80.42621, 16.311138 ], [ 80.426753, 16.311011 ], [ 80.426868, 16.311408 ], [ 80.426209, 16.31164 ], [ 80.426208, 16.311923 ], [ 80.426438, 16.311847 ], [ 80.426689, 16.312548 ], [ 80.426205, 16.312705 ], [ 80.426205, 16.312791 ], [ 80.426716, 16.312625 ], [ 80.426918, 16.313209 ], [ 80.426203, 16.313476 ], [ 80.426203, 16.313563 ], [ 80.42695, 16.313284 ], [ 80.427136, 16.313625 ], [ 80.426767, 16.313781 ], [ 80.426679, 16.313564 ], [ 80.426646, 16.313546 ], [ 80.426614, 16.313558 ], [ 80.426605, 16.313601 ], [ 80.426817, 16.314129 ], [ 80.426201, 16.314346 ], [ 80.4262, 16.314433 ], [ 80.426887, 16.314191 ], [ 80.427345, 16.314005 ], [ 80.427423, 16.314141 ], [ 80.427122, 16.314345 ], [ 80.427105, 16.314369 ], [ 80.427181, 16.314576 ], [ 80.427202, 16.314594 ], [ 80.427234, 16.314594 ], [ 80.427578, 16.314412 ], [ 80.427749, 16.314708 ], [ 80.427462, 16.3149 ], [ 80.427106, 16.315173 ], [ 80.426868, 16.315322 ], [ 80.426526, 16.314594 ], [ 80.426507, 16.314578 ], [ 80.426477, 16.314576 ], [ 80.426456, 16.314591 ], [ 80.426449, 16.314623 ], [ 80.426782, 16.315337 ], [ 80.427433, 16.315339 ], [ 80.427584, 16.315223 ] ], [ [ 80.443122, 16.313873 ], [ 80.443141, 16.313856 ], [ 80.443145, 16.313831 ], [ 80.443134, 16.313808 ], [ 80.443111, 16.313796 ], [ 80.442821, 16.313804 ], [ 80.442795, 16.313381 ], [ 80.444156, 16.313296 ], [ 80.444156, 16.313506 ], [ 80.443691, 16.313525 ], [ 80.443477, 16.313612 ], [ 80.443464, 16.313643 ], [ 80.443484, 16.314019 ], [ 80.443245, 16.314027 ], [ 80.443222, 16.314038 ], [ 80.443209, 16.314064 ], [ 80.443221, 16.314095 ], [ 80.443252, 16.314108 ], [ 80.444157, 16.314079 ], [ 80.444157, 16.31411 ], [ 80.443692, 16.314214 ], [ 80.443668, 16.314231 ], [ 80.443661, 16.314255 ], [ 80.443673, 16.314282 ], [ 80.443709, 16.314294 ], [ 80.444157, 16.314192 ], [ 80.444158, 16.314628 ], [ 80.443822, 16.314649 ], [ 80.443484, 16.314685 ], [ 80.443116, 16.314698 ], [ 80.442904, 16.314733 ], [ 80.442763, 16.314788 ], [ 80.442821, 16.313886 ], [ 80.443122, 16.313873 ] ], [ [ 80.444242, 16.314623 ], [ 80.44424, 16.31329 ], [ 80.444586, 16.31327 ], [ 80.444549, 16.314609 ], [ 80.444242, 16.314623 ] ], [ [ 80.444665, 16.313207 ], [ 80.444626, 16.313186 ], [ 80.442784, 16.3133 ], [ 80.442707, 16.312975 ], [ 80.444946, 16.312701 ], [ 80.4449, 16.314586 ], [ 80.444633, 16.314604 ], [ 80.444665, 16.313207 ] ], [ [ 80.442624, 16.312989 ], [ 80.442709, 16.313349 ], [ 80.442737, 16.313811 ], [ 80.442498, 16.313845 ], [ 80.442333, 16.313049 ], [ 80.442624, 16.312989 ] ], [ [ 80.442233, 16.313502 ], [ 80.442216, 16.313483 ], [ 80.442191, 16.313477 ], [ 80.442161, 16.313493 ], [ 80.442152, 16.313517 ], [ 80.442222, 16.313885 ], [ 80.441997, 16.313917 ], [ 80.441839, 16.31314 ], [ 80.442251, 16.313065 ], [ 80.442415, 16.313857 ], [ 80.442305, 16.313872 ], [ 80.442233, 16.313502 ] ], [ [ 80.441914, 16.313931 ], [ 80.441671, 16.313979 ], [ 80.441491, 16.313205 ], [ 80.441756, 16.313155 ], [ 80.441914, 16.313931 ] ], [ [ 80.441264, 16.313651 ], [ 80.441247, 16.313632 ], [ 80.441222, 16.313627 ], [ 80.441198, 16.313637 ], [ 80.441184, 16.313667 ], [ 80.441268, 16.314061 ], [ 80.441014, 16.314107 ], [ 80.440918, 16.313564 ], [ 80.440888, 16.313535 ], [ 80.44085, 16.313543 ], [ 80.440836, 16.313581 ], [ 80.440931, 16.314123 ], [ 80.440705, 16.314166 ], [ 80.440596, 16.313723 ], [ 80.440569, 16.313698 ], [ 80.440531, 16.313704 ], [ 80.440516, 16.313746 ], [ 80.440623, 16.314182 ], [ 80.440479, 16.31421 ], [ 80.440292, 16.313486 ], [ 80.441409, 16.313222 ], [ 80.441588, 16.313995 ], [ 80.441351, 16.314045 ], [ 80.441264, 16.313651 ] ], [ [ 80.441528, 16.312905 ], [ 80.441544, 16.31288 ], [ 80.441541, 16.312856 ], [ 80.441523, 16.312837 ], [ 80.441493, 16.312834 ], [ 80.440173, 16.313141 ], [ 80.440062, 16.312855 ], [ 80.441402, 16.312547 ], [ 80.442582, 16.312167 ], [ 80.442605, 16.312148 ], [ 80.44261, 16.312123 ], [ 80.442589, 16.312093 ], [ 80.442555, 16.31209 ], [ 80.441379, 16.312469 ], [ 80.440305, 16.312716 ], [ 80.440175, 16.312374 ], [ 80.442457, 16.311833 ], [ 80.442896, 16.311778 ], [ 80.443054, 16.312851 ], [ 80.442648, 16.312901 ], [ 80.441432, 16.313133 ], [ 80.440269, 16.313407 ], [ 80.440201, 16.313218 ], [ 80.441528, 16.312905 ] ], [ [ 80.442397, 16.311764 ], [ 80.440146, 16.312297 ], [ 80.440017, 16.31194 ], [ 80.440989, 16.311702 ], [ 80.442298, 16.311433 ], [ 80.442397, 16.311764 ] ], [ [ 80.442381, 16.311418 ], [ 80.442835, 16.311342 ], [ 80.442884, 16.311697 ], [ 80.44248, 16.311748 ], [ 80.442381, 16.311418 ] ], [ [ 80.443488, 16.311941 ], [ 80.443559, 16.312403 ], [ 80.443584, 16.312434 ], [ 80.445082, 16.312264 ], [ 80.445122, 16.312536 ], [ 80.444976, 16.312615 ], [ 80.443137, 16.312841 ], [ 80.442979, 16.311766 ], [ 80.443436, 16.311686 ], [ 80.443488, 16.311941 ] ], [ [ 80.443712, 16.311147 ], [ 80.443726, 16.311168 ], [ 80.443754, 16.311178 ], [ 80.443779, 16.311169 ], [ 80.443795, 16.31114 ], [ 80.443742, 16.310747 ], [ 80.444491, 16.310722 ], [ 80.444552, 16.311259 ], [ 80.444576, 16.311288 ], [ 80.444606, 16.311289 ], [ 80.444627, 16.311274 ], [ 80.444635, 16.311246 ], [ 80.444575, 16.310721 ], [ 80.444917, 16.310726 ], [ 80.444946, 16.311067 ], [ 80.444987, 16.311371 ], [ 80.444507, 16.311435 ], [ 80.442968, 16.311685 ], [ 80.442913, 16.31129 ], [ 80.442876, 16.310761 ], [ 80.443657, 16.310749 ], [ 80.443712, 16.311147 ] ], [ [ 80.442826, 16.311261 ], [ 80.442359, 16.311339 ], [ 80.442229, 16.310839 ], [ 80.442792, 16.310767 ], [ 80.442826, 16.311261 ] ], [ [ 80.442688, 16.310653 ], [ 80.442707, 16.310671 ], [ 80.442741, 16.310673 ], [ 80.442761, 16.310657 ], [ 80.442768, 16.310629 ], [ 80.442582, 16.309944 ], [ 80.442978, 16.309949 ], [ 80.443106, 16.310331 ], [ 80.443125, 16.310354 ], [ 80.44315, 16.310359 ], [ 80.443177, 16.310346 ], [ 80.443187, 16.31031 ], [ 80.443066, 16.309948 ], [ 80.44339, 16.309936 ], [ 80.443569, 16.310359 ], [ 80.443642, 16.310668 ], [ 80.442829, 16.31068 ], [ 80.442208, 16.310759 ], [ 80.441977, 16.309903 ], [ 80.442494, 16.30994 ], [ 80.442688, 16.310653 ] ], [ [ 80.44365, 16.310336 ], [ 80.443481, 16.309934 ], [ 80.44399, 16.309935 ], [ 80.444126, 16.310657 ], [ 80.443728, 16.310666 ], [ 80.44365, 16.310336 ] ], [ [ 80.444352, 16.309936 ], [ 80.44437, 16.309918 ], [ 80.444373, 16.309893 ], [ 80.44436, 16.309871 ], [ 80.444333, 16.30986 ], [ 80.443451, 16.309853 ], [ 80.443388, 16.309623 ], [ 80.444223, 16.309396 ], [ 80.44425, 16.309375 ], [ 80.444251, 16.309342 ], [ 80.444231, 16.309321 ], [ 80.444201, 16.309318 ], [ 80.443364, 16.309545 ], [ 80.443248, 16.309197 ], [ 80.444078, 16.308957 ], [ 80.444104, 16.308936 ], [ 80.444105, 16.308903 ], [ 80.444084, 16.308882 ], [ 80.444054, 16.308879 ], [ 80.443222, 16.309119 ], [ 80.44307, 16.308661 ], [ 80.443709, 16.308452 ], [ 80.443732, 16.308434 ], [ 80.443737, 16.308405 ], [ 80.443716, 16.308378 ], [ 80.443682, 16.308375 ], [ 80.443043, 16.308583 ], [ 80.442919, 16.308229 ], [ 80.443865, 16.307861 ], [ 80.443918, 16.307992 ], [ 80.443946, 16.30801 ], [ 80.443976, 16.308004 ], [ 80.443992, 16.307984 ], [ 80.443992, 16.307955 ], [ 80.443763, 16.307368 ], [ 80.444086, 16.307241 ], [ 80.444233, 16.307622 ], [ 80.444256, 16.307642 ], [ 80.44429, 16.30764 ], [ 80.444308, 16.307623 ], [ 80.444312, 16.307594 ], [ 80.444163, 16.307209 ], [ 80.444595, 16.307025 ], [ 80.444992, 16.308129 ], [ 80.445037, 16.308135 ], [ 80.445061, 16.308106 ], [ 80.44502, 16.307975 ], [ 80.445566, 16.30783 ], [ 80.445862, 16.309663 ], [ 80.446013, 16.310708 ], [ 80.444997, 16.310647 ], [ 80.444973, 16.310033 ], [ 80.444961, 16.310006 ], [ 80.444933, 16.309994 ], [ 80.444901, 16.310005 ], [ 80.444888, 16.310036 ], [ 80.444913, 16.310645 ], [ 80.444568, 16.31064 ], [ 80.444527, 16.310044 ], [ 80.444515, 16.310017 ], [ 80.444487, 16.310006 ], [ 80.444455, 16.310018 ], [ 80.444443, 16.310049 ], [ 80.444483, 16.310641 ], [ 80.444211, 16.310654 ], [ 80.444076, 16.309936 ], [ 80.444352, 16.309936 ] ], [ [ 80.443734, 16.307292 ], [ 80.443372, 16.306334 ], [ 80.44364, 16.30617 ], [ 80.444055, 16.307165 ], [ 80.443734, 16.307292 ] ], [ [ 80.443861, 16.306025 ], [ 80.444153, 16.306628 ], [ 80.443956, 16.306703 ], [ 80.443712, 16.306125 ], [ 80.443861, 16.306025 ] ], [ [ 80.444432, 16.306523 ], [ 80.444231, 16.306599 ], [ 80.443932, 16.305979 ], [ 80.444197, 16.305809 ], [ 80.444432, 16.306523 ] ], [ [ 80.444516, 16.306511 ], [ 80.444776, 16.306426 ], [ 80.444804, 16.306395 ], [ 80.444793, 16.30636 ], [ 80.444758, 16.306347 ], [ 80.444492, 16.306433 ], [ 80.444389, 16.306113 ], [ 80.444658, 16.306033 ], [ 80.44468, 16.306013 ], [ 80.44468, 16.30598 ], [ 80.44466, 16.305959 ], [ 80.444634, 16.305956 ], [ 80.444363, 16.306035 ], [ 80.444269, 16.305762 ], [ 80.444706, 16.305492 ], [ 80.445158, 16.306788 ], [ 80.444648, 16.30692 ], [ 80.444516, 16.306511 ] ], [ [ 80.445183, 16.306866 ], [ 80.445337, 16.307385 ], [ 80.444868, 16.307546 ], [ 80.444674, 16.306998 ], [ 80.445183, 16.306866 ] ], [ [ 80.445416, 16.307356 ], [ 80.445265, 16.306846 ], [ 80.44539, 16.306816 ], [ 80.44554, 16.307306 ], [ 80.445416, 16.307356 ] ], [ [ 80.444778, 16.305446 ], [ 80.444872, 16.305378 ], [ 80.445364, 16.306738 ], [ 80.44524, 16.306768 ], [ 80.444778, 16.305446 ] ], [ [ 80.444941, 16.305331 ], [ 80.44543, 16.305051 ], [ 80.445595, 16.305497 ], [ 80.445922, 16.306569 ], [ 80.445445, 16.306716 ], [ 80.444941, 16.305331 ] ], [ [ 80.446095, 16.30704 ], [ 80.445617, 16.307272 ], [ 80.445471, 16.306794 ], [ 80.445947, 16.306647 ], [ 80.446095, 16.30704 ] ], [ [ 80.446323, 16.3066 ], [ 80.446301, 16.30662 ], [ 80.446298, 16.306648 ], [ 80.446319, 16.306674 ], [ 80.446349, 16.306677 ], [ 80.446938, 16.306461 ], [ 80.447011, 16.306622 ], [ 80.446172, 16.307005 ], [ 80.446019, 16.3066 ], [ 80.446847, 16.306256 ], [ 80.446905, 16.306387 ], [ 80.446323, 16.3066 ] ], [ [ 80.446925, 16.306227 ], [ 80.447289, 16.306095 ], [ 80.447265, 16.306285 ], [ 80.446985, 16.306361 ], [ 80.446925, 16.306227 ] ], [ [ 80.446623, 16.306254 ], [ 80.446593, 16.306172 ], [ 80.447265, 16.305918 ], [ 80.447287, 16.306009 ], [ 80.446623, 16.306254 ] ], [ [ 80.446502, 16.305922 ], [ 80.447174, 16.305618 ], [ 80.447243, 16.305839 ], [ 80.446565, 16.306096 ], [ 80.446502, 16.305922 ] ], [ [ 80.447815, 16.304992 ], [ 80.447957, 16.30528 ], [ 80.447226, 16.30551 ], [ 80.447115, 16.305174 ], [ 80.447815, 16.304992 ] ], [ [ 80.447078, 16.305331 ], [ 80.447148, 16.30554 ], [ 80.446473, 16.305846 ], [ 80.446391, 16.305651 ], [ 80.447078, 16.305331 ] ], [ [ 80.446951, 16.304939 ], [ 80.447053, 16.305253 ], [ 80.446358, 16.305576 ], [ 80.446221, 16.305267 ], [ 80.446951, 16.304939 ] ], [ [ 80.446349, 16.304377 ], [ 80.446674, 16.304123 ], [ 80.446761, 16.304286 ], [ 80.446925, 16.304861 ], [ 80.446571, 16.30502 ], [ 80.446349, 16.304377 ] ], [ [ 80.447049, 16.301735 ], [ 80.4472, 16.301689 ], [ 80.447448, 16.302511 ], [ 80.447277, 16.30257 ], [ 80.44721, 16.302279 ], [ 80.447049, 16.301735 ] ], [ [ 80.447269, 16.301627 ], [ 80.447062, 16.300877 ], [ 80.447433, 16.300801 ], [ 80.447531, 16.301256 ], [ 80.447868, 16.302375 ], [ 80.447528, 16.302485 ], [ 80.447269, 16.301627 ] ], [ [ 80.447246, 16.299887 ], [ 80.447415, 16.300722 ], [ 80.447142, 16.300778 ], [ 80.44695, 16.299962 ], [ 80.447246, 16.299887 ] ], [ [ 80.446824, 16.29945 ], [ 80.44711, 16.29939 ], [ 80.447227, 16.299807 ], [ 80.446931, 16.299883 ], [ 80.446824, 16.29945 ] ], [ [ 80.432587, 16.313477 ], [ 80.432931, 16.313259 ], [ 80.433074, 16.314065 ], [ 80.432722, 16.314243 ], [ 80.432587, 16.313477 ] ], [ [ 80.432542, 16.311713 ], [ 80.432722, 16.312235 ], [ 80.43289, 16.312766 ], [ 80.432912, 16.312791 ], [ 80.432946, 16.312792 ], [ 80.432968, 16.312772 ], [ 80.43297, 16.312743 ], [ 80.432802, 16.31221 ], [ 80.43262, 16.311682 ], [ 80.433037, 16.311538 ], [ 80.433245, 16.312054 ], [ 80.433478, 16.312743 ], [ 80.432843, 16.31301 ], [ 80.432769, 16.313014 ], [ 80.432363, 16.311792 ], [ 80.432542, 16.311713 ] ], [ [ 80.43218, 16.312617 ], [ 80.43189, 16.311948 ], [ 80.432284, 16.311821 ], [ 80.43269, 16.313044 ], [ 80.432393, 16.313166 ], [ 80.43218, 16.312617 ] ], [ [ 80.430881, 16.313155 ], [ 80.432117, 16.312686 ], [ 80.432316, 16.3132 ], [ 80.432089, 16.313311 ], [ 80.431734, 16.313461 ], [ 80.431304, 16.313629 ], [ 80.431066, 16.313708 ], [ 80.430881, 16.313155 ] ], [ [ 80.430853, 16.313079 ], [ 80.430591, 16.312424 ], [ 80.431811, 16.311975 ], [ 80.432086, 16.312611 ], [ 80.430853, 16.313079 ] ], [ [ 80.431434, 16.311199 ], [ 80.431776, 16.311901 ], [ 80.430561, 16.312348 ], [ 80.430292, 16.311683 ], [ 80.431434, 16.311199 ] ], [ [ 80.432043, 16.311289 ], [ 80.431641, 16.311448 ], [ 80.431511, 16.311166 ], [ 80.431897, 16.310998 ], [ 80.432043, 16.311289 ] ], [ [ 80.433704, 16.310655 ], [ 80.432121, 16.311259 ], [ 80.431973, 16.310963 ], [ 80.433535, 16.310235 ], [ 80.433704, 16.310655 ] ], [ [ 80.434498, 16.309892 ], [ 80.434379, 16.310415 ], [ 80.433783, 16.310626 ], [ 80.433613, 16.310203 ], [ 80.434498, 16.309892 ] ], [ [ 80.434828, 16.309287 ], [ 80.434549, 16.309736 ], [ 80.434526, 16.309795 ], [ 80.433683, 16.310092 ], [ 80.433604, 16.309749 ], [ 80.434439, 16.309419 ], [ 80.434828, 16.309287 ] ], [ [ 80.4317, 16.310355 ], [ 80.433472, 16.309598 ], [ 80.433515, 16.309735 ], [ 80.433603, 16.31012 ], [ 80.431938, 16.310889 ], [ 80.4317, 16.310355 ] ], [ [ 80.431862, 16.310924 ], [ 80.430261, 16.311607 ], [ 80.430047, 16.311064 ], [ 80.431623, 16.310388 ], [ 80.431862, 16.310924 ] ], [ [ 80.432033, 16.3095 ], [ 80.433304, 16.308939 ], [ 80.43339, 16.309244 ], [ 80.43345, 16.309518 ], [ 80.431667, 16.31028 ], [ 80.431423, 16.309757 ], [ 80.432033, 16.3095 ] ], [ [ 80.431346, 16.30979 ], [ 80.43159, 16.310313 ], [ 80.430018, 16.310987 ], [ 80.429823, 16.310455 ], [ 80.431346, 16.30979 ] ], [ [ 80.434249, 16.308524 ], [ 80.43434, 16.308494 ], [ 80.434431, 16.3085 ], [ 80.434398, 16.30904 ], [ 80.433461, 16.309189 ], [ 80.433382, 16.308905 ], [ 80.434249, 16.308524 ] ], [ [ 80.434894, 16.309186 ], [ 80.434468, 16.309323 ], [ 80.434515, 16.308516 ], [ 80.435019, 16.308676 ], [ 80.43517, 16.308738 ], [ 80.434894, 16.309186 ] ], [ [ 80.434427, 16.308239 ], [ 80.43431, 16.308241 ], [ 80.434199, 16.308266 ], [ 80.43323, 16.308693 ], [ 80.432915, 16.30841 ], [ 80.433261, 16.308297 ], [ 80.435685, 16.307759 ], [ 80.435329, 16.308459 ], [ 80.43454, 16.308254 ], [ 80.434427, 16.308239 ] ], [ [ 80.430787, 16.309243 ], [ 80.432372, 16.308591 ], [ 80.432855, 16.30843 ], [ 80.433174, 16.308716 ], [ 80.430914, 16.309677 ], [ 80.430787, 16.309243 ] ], [ [ 80.430905, 16.308316 ], [ 80.431136, 16.309016 ], [ 80.430762, 16.309164 ], [ 80.430531, 16.308453 ], [ 80.430905, 16.308316 ] ], [ [ 80.431263, 16.308178 ], [ 80.431508, 16.308862 ], [ 80.431214, 16.308984 ], [ 80.430984, 16.308286 ], [ 80.431263, 16.308178 ] ], [ [ 80.431341, 16.308148 ], [ 80.431735, 16.308003 ], [ 80.431965, 16.308667 ], [ 80.431586, 16.308829 ], [ 80.431341, 16.308148 ] ], [ [ 80.4321, 16.307858 ], [ 80.432307, 16.30853 ], [ 80.432042, 16.308635 ], [ 80.431814, 16.307974 ], [ 80.4321, 16.307858 ] ], [ [ 80.432279, 16.307786 ], [ 80.432572, 16.307694 ], [ 80.43281, 16.308359 ], [ 80.432386, 16.308501 ], [ 80.432185, 16.307826 ], [ 80.432279, 16.307786 ] ], [ [ 80.432645, 16.307614 ], [ 80.432622, 16.307571 ], [ 80.432578, 16.307554 ], [ 80.432285, 16.306825 ], [ 80.432262, 16.306733 ], [ 80.432647, 16.30664 ], [ 80.433196, 16.308233 ], [ 80.432863, 16.308341 ], [ 80.432623, 16.307671 ], [ 80.432645, 16.307614 ] ], [ [ 80.432055, 16.307143 ], [ 80.430728, 16.306099 ], [ 80.430942, 16.305834 ], [ 80.430978, 16.305863 ], [ 80.430996, 16.305896 ], [ 80.43103, 16.305905 ], [ 80.431639, 16.30638 ], [ 80.431652, 16.306407 ], [ 80.431687, 16.306418 ], [ 80.432235, 16.30685 ], [ 80.432523, 16.307567 ], [ 80.432268, 16.307647 ], [ 80.432055, 16.307143 ] ], [ [ 80.432192, 16.306675 ], [ 80.432185, 16.306714 ], [ 80.432211, 16.306761 ], [ 80.431752, 16.306399 ], [ 80.432126, 16.306285 ], [ 80.432192, 16.306675 ] ], [ [ 80.432052, 16.305827 ], [ 80.432113, 16.306203 ], [ 80.431673, 16.306337 ], [ 80.431095, 16.305886 ], [ 80.432029, 16.305609 ], [ 80.432058, 16.305816 ], [ 80.432052, 16.305827 ] ], [ [ 80.431169, 16.30455 ], [ 80.431477, 16.305686 ], [ 80.43105, 16.305814 ], [ 80.43063, 16.30465 ], [ 80.431169, 16.30455 ] ], [ [ 80.431843, 16.304449 ], [ 80.432017, 16.305528 ], [ 80.431558, 16.305662 ], [ 80.431252, 16.304536 ], [ 80.431843, 16.304449 ] ], [ [ 80.432089, 16.305578 ], [ 80.431898, 16.304441 ], [ 80.432237, 16.304387 ], [ 80.432481, 16.305751 ], [ 80.432113, 16.305798 ], [ 80.432089, 16.305578 ] ], [ [ 80.43232, 16.304371 ], [ 80.432583, 16.304316 ], [ 80.432878, 16.304273 ], [ 80.433337, 16.306386 ], [ 80.432708, 16.306541 ], [ 80.43232, 16.304371 ] ], [ [ 80.433638, 16.304149 ], [ 80.433984, 16.306159 ], [ 80.433417, 16.306361 ], [ 80.432961, 16.30426 ], [ 80.433638, 16.304149 ] ], [ [ 80.434268, 16.304577 ], [ 80.434293, 16.304595 ], [ 80.434319, 16.304594 ], [ 80.434339, 16.304578 ], [ 80.434346, 16.304554 ], [ 80.434269, 16.304057 ], [ 80.434479, 16.304017 ], [ 80.43456, 16.304518 ], [ 80.434575, 16.304543 ], [ 80.434604, 16.304552 ], [ 80.434634, 16.304537 ], [ 80.434644, 16.304514 ], [ 80.434608, 16.304291 ], [ 80.435234, 16.304189 ], [ 80.435306, 16.304116 ], [ 80.435655, 16.30402 ], [ 80.435339, 16.304656 ], [ 80.433847, 16.304844 ], [ 80.433721, 16.304136 ], [ 80.434186, 16.30407 ], [ 80.434268, 16.304577 ] ], [ [ 80.435207, 16.303907 ], [ 80.435237, 16.304069 ], [ 80.435199, 16.304113 ], [ 80.434595, 16.304211 ], [ 80.434562, 16.304002 ], [ 80.435207, 16.303907 ] ], [ [ 80.43662, 16.303819 ], [ 80.436825, 16.303853 ], [ 80.437597, 16.304214 ], [ 80.437421, 16.304547 ], [ 80.437188, 16.304423 ], [ 80.437147, 16.304428 ], [ 80.436784, 16.305027 ], [ 80.436759, 16.305035 ], [ 80.436228, 16.30493 ], [ 80.436028, 16.304903 ], [ 80.436249, 16.30451 ], [ 80.436258, 16.304445 ], [ 80.436216, 16.304382 ], [ 80.435997, 16.304272 ], [ 80.435967, 16.304269 ], [ 80.435938, 16.304294 ], [ 80.435945, 16.304334 ], [ 80.436165, 16.304448 ], [ 80.436171, 16.304479 ], [ 80.435925, 16.304912 ], [ 80.435798, 16.305089 ], [ 80.435337, 16.304862 ], [ 80.435731, 16.304055 ], [ 80.435752, 16.303994 ], [ 80.43662, 16.303819 ] ], [ [ 80.436661, 16.303743 ], [ 80.436622, 16.302578 ], [ 80.436973, 16.302505 ], [ 80.437371, 16.302474 ], [ 80.438284, 16.302424 ], [ 80.438635, 16.302415 ], [ 80.438744, 16.302426 ], [ 80.438569, 16.302708 ], [ 80.438314, 16.303071 ], [ 80.438098, 16.303426 ], [ 80.437953, 16.303373 ], [ 80.437722, 16.30346 ], [ 80.4377, 16.303479 ], [ 80.4377, 16.303516 ], [ 80.437736, 16.303538 ], [ 80.437961, 16.303457 ], [ 80.438054, 16.303497 ], [ 80.437637, 16.304142 ], [ 80.436856, 16.303777 ], [ 80.436661, 16.303743 ] ], [ [ 80.435777, 16.303324 ], [ 80.436563, 16.303191 ], [ 80.436576, 16.303745 ], [ 80.435836, 16.303894 ], [ 80.435777, 16.303324 ] ], [ [ 80.435753, 16.30391 ], [ 80.435315, 16.304029 ], [ 80.435283, 16.303856 ], [ 80.435231, 16.303406 ], [ 80.435693, 16.303338 ], [ 80.435753, 16.30391 ] ], [ [ 80.435006, 16.303433 ], [ 80.435147, 16.303417 ], [ 80.435195, 16.303827 ], [ 80.435043, 16.303846 ], [ 80.435006, 16.303433 ] ], [ [ 80.43496, 16.303858 ], [ 80.434696, 16.303899 ], [ 80.434453, 16.302579 ], [ 80.434776, 16.302521 ], [ 80.434847, 16.302881 ], [ 80.434918, 16.303402 ], [ 80.43496, 16.303858 ] ], [ [ 80.434064, 16.302653 ], [ 80.43437, 16.302595 ], [ 80.434613, 16.303912 ], [ 80.434317, 16.303965 ], [ 80.434064, 16.302653 ] ], [ [ 80.434235, 16.30398 ], [ 80.433919, 16.304024 ], [ 80.433673, 16.302727 ], [ 80.433981, 16.302668 ], [ 80.434235, 16.30398 ] ], [ [ 80.433237, 16.302821 ], [ 80.433591, 16.302744 ], [ 80.433836, 16.304036 ], [ 80.43355, 16.304082 ], [ 80.433237, 16.302821 ] ], [ [ 80.432681, 16.302972 ], [ 80.433156, 16.302841 ], [ 80.433467, 16.304096 ], [ 80.432944, 16.304181 ], [ 80.432681, 16.302972 ] ], [ [ 80.432448, 16.303575 ], [ 80.432325, 16.303073 ], [ 80.4326, 16.302995 ], [ 80.432861, 16.304193 ], [ 80.432606, 16.30423 ], [ 80.43253, 16.303969 ], [ 80.432448, 16.303575 ] ], [ [ 80.432087, 16.304035 ], [ 80.432063, 16.304052 ], [ 80.432056, 16.30408 ], [ 80.432068, 16.304103 ], [ 80.432099, 16.304115 ], [ 80.43246, 16.304027 ], [ 80.432523, 16.304245 ], [ 80.432264, 16.3043 ], [ 80.43188, 16.304361 ], [ 80.431718, 16.303816 ], [ 80.432375, 16.303636 ], [ 80.43244, 16.303948 ], [ 80.432087, 16.304035 ] ], [ [ 80.430469, 16.304209 ], [ 80.431664, 16.303832 ], [ 80.431824, 16.30437 ], [ 80.431192, 16.304463 ], [ 80.430602, 16.304573 ], [ 80.430469, 16.304209 ] ], [ [ 80.431505, 16.303309 ], [ 80.432244, 16.303096 ], [ 80.432357, 16.303556 ], [ 80.43169, 16.30374 ], [ 80.431505, 16.303309 ] ], [ [ 80.430984, 16.303504 ], [ 80.431451, 16.303326 ], [ 80.431636, 16.303755 ], [ 80.431157, 16.303904 ], [ 80.430984, 16.303504 ] ], [ [ 80.431306, 16.303001 ], [ 80.431396, 16.303201 ], [ 80.430931, 16.303378 ], [ 80.430843, 16.30316 ], [ 80.431306, 16.303001 ] ], [ [ 80.431356, 16.302945 ], [ 80.431329, 16.302916 ], [ 80.431103, 16.302403 ], [ 80.431984, 16.302064 ], [ 80.432211, 16.302964 ], [ 80.431449, 16.303183 ], [ 80.431354, 16.302971 ], [ 80.431356, 16.302945 ] ], [ [ 80.431835, 16.301464 ], [ 80.431817, 16.301482 ], [ 80.431814, 16.301507 ], [ 80.431833, 16.301534 ], [ 80.431858, 16.30154 ], [ 80.432257, 16.301432 ], [ 80.432345, 16.30182 ], [ 80.431997, 16.301972 ], [ 80.431071, 16.302328 ], [ 80.430627, 16.301278 ], [ 80.432138, 16.300905 ], [ 80.432239, 16.301352 ], [ 80.431835, 16.301464 ] ], [ [ 80.430555, 16.302514 ], [ 80.430086, 16.301431 ], [ 80.430573, 16.301292 ], [ 80.431019, 16.302347 ], [ 80.430555, 16.302514 ] ], [ [ 80.430811, 16.303084 ], [ 80.430588, 16.302589 ], [ 80.431051, 16.302422 ], [ 80.431272, 16.302926 ], [ 80.430811, 16.303084 ] ], [ [ 80.430253, 16.302633 ], [ 80.429799, 16.301501 ], [ 80.430004, 16.301452 ], [ 80.430476, 16.302544 ], [ 80.430253, 16.302633 ] ], [ [ 80.429954, 16.30284 ], [ 80.430509, 16.302619 ], [ 80.430731, 16.30311 ], [ 80.430108, 16.30329 ], [ 80.429954, 16.30284 ] ], [ [ 80.429926, 16.302763 ], [ 80.429503, 16.301581 ], [ 80.429717, 16.301522 ], [ 80.430176, 16.302664 ], [ 80.429926, 16.302763 ] ], [ [ 80.428607, 16.302201 ], [ 80.428568, 16.302175 ], [ 80.42854, 16.302174 ], [ 80.426985, 16.302617 ], [ 80.426694, 16.302405 ], [ 80.426788, 16.302288 ], [ 80.429422, 16.301603 ], [ 80.429669, 16.302308 ], [ 80.42871, 16.302595 ], [ 80.428607, 16.302201 ] ], [ [ 80.43073, 16.314744 ], [ 80.430545, 16.314204 ], [ 80.430946, 16.314092 ], [ 80.431131, 16.314631 ], [ 80.43073, 16.314744 ] ], [ [ 80.431893, 16.314451 ], [ 80.431629, 16.31451 ], [ 80.431441, 16.313922 ], [ 80.431776, 16.31379 ], [ 80.431893, 16.314451 ] ], [ [ 80.432282, 16.314365 ], [ 80.431975, 16.314433 ], [ 80.431856, 16.313759 ], [ 80.43213, 16.313663 ], [ 80.432282, 16.314365 ] ], [ [ 80.432458, 16.31354 ], [ 80.432589, 16.314295 ], [ 80.432364, 16.314347 ], [ 80.43221, 16.313635 ], [ 80.432458, 16.31354 ] ], [ [ 80.432297, 16.314446 ], [ 80.432354, 16.314777 ], [ 80.432372, 16.314801 ], [ 80.432406, 16.314806 ], [ 80.432428, 16.314792 ], [ 80.432437, 16.314764 ], [ 80.43238, 16.314427 ], [ 80.4326, 16.314376 ], [ 80.432687, 16.31516 ], [ 80.432164, 16.315278 ], [ 80.43215, 16.315268 ], [ 80.431991, 16.314513 ], [ 80.432297, 16.314446 ] ], [ [ 80.431362, 16.31395 ], [ 80.431547, 16.314529 ], [ 80.431212, 16.314609 ], [ 80.431026, 16.314067 ], [ 80.431362, 16.31395 ] ], [ [ 80.430986, 16.313735 ], [ 80.430519, 16.313869 ], [ 80.430159, 16.312883 ], [ 80.430621, 16.312741 ], [ 80.430789, 16.313145 ], [ 80.430986, 16.313735 ] ], [ [ 80.430079, 16.312908 ], [ 80.430437, 16.313889 ], [ 80.430021, 16.313986 ], [ 80.429655, 16.313046 ], [ 80.430079, 16.312908 ] ], [ [ 80.429576, 16.313073 ], [ 80.429938, 16.314004 ], [ 80.429627, 16.314068 ], [ 80.429331, 16.313164 ], [ 80.429576, 16.313073 ] ], [ [ 80.429201, 16.313217 ], [ 80.429489, 16.314098 ], [ 80.42911, 16.314179 ], [ 80.428755, 16.313411 ], [ 80.429201, 16.313217 ] ], [ [ 80.428678, 16.313442 ], [ 80.429027, 16.314199 ], [ 80.428767, 16.314263 ], [ 80.428413, 16.313542 ], [ 80.428678, 16.313442 ] ], [ [ 80.42789, 16.31377 ], [ 80.428335, 16.313574 ], [ 80.428684, 16.314285 ], [ 80.428265, 16.314441 ], [ 80.42789, 16.31377 ] ], [ [ 80.427821, 16.314666 ], [ 80.427422, 16.313972 ], [ 80.427813, 16.313804 ], [ 80.428186, 16.31447 ], [ 80.427821, 16.314666 ] ], [ [ 80.429784, 16.311893 ], [ 80.430214, 16.311715 ], [ 80.430591, 16.312664 ], [ 80.430131, 16.312806 ], [ 80.429784, 16.311893 ] ], [ [ 80.429707, 16.311925 ], [ 80.43005, 16.312831 ], [ 80.429625, 16.31297 ], [ 80.429272, 16.31211 ], [ 80.429707, 16.311925 ] ], [ [ 80.429195, 16.312143 ], [ 80.429546, 16.312997 ], [ 80.429306, 16.313086 ], [ 80.429027, 16.312215 ], [ 80.429195, 16.312143 ] ], [ [ 80.428902, 16.312282 ], [ 80.429176, 16.313138 ], [ 80.42872, 16.313337 ], [ 80.428361, 16.312611 ], [ 80.428902, 16.312282 ] ], [ [ 80.428288, 16.312653 ], [ 80.428642, 16.313368 ], [ 80.428376, 16.313469 ], [ 80.428023, 16.312806 ], [ 80.428288, 16.312653 ] ], [ [ 80.427949, 16.312845 ], [ 80.428298, 16.313501 ], [ 80.427851, 16.313698 ], [ 80.427523, 16.313058 ], [ 80.427949, 16.312845 ] ], [ [ 80.42703, 16.313255 ], [ 80.427448, 16.313095 ], [ 80.427774, 16.313732 ], [ 80.427382, 16.313901 ], [ 80.42703, 16.313255 ] ], [ [ 80.427176, 16.313697 ], [ 80.427305, 16.313933 ], [ 80.426896, 16.314099 ], [ 80.426798, 16.313857 ], [ 80.427176, 16.313697 ] ], [ [ 80.42663, 16.302788 ], [ 80.426824, 16.303313 ], [ 80.426655, 16.303362 ], [ 80.426359, 16.302559 ], [ 80.426444, 16.302515 ], [ 80.42663, 16.302788 ] ], [ [ 80.426952, 16.30266 ], [ 80.426972, 16.302691 ], [ 80.427002, 16.302697 ], [ 80.427059, 16.302738 ], [ 80.427318, 16.303945 ], [ 80.427126, 16.303989 ], [ 80.426919, 16.303327 ], [ 80.426707, 16.302757 ], [ 80.426523, 16.302483 ], [ 80.426539, 16.302465 ], [ 80.426647, 16.302439 ], [ 80.426952, 16.30266 ] ], [ [ 80.427414, 16.313021 ], [ 80.426996, 16.31318 ], [ 80.426795, 16.312599 ], [ 80.427196, 16.312467 ], [ 80.427414, 16.313021 ] ], [ [ 80.427489, 16.312983 ], [ 80.427275, 16.312441 ], [ 80.427678, 16.312308 ], [ 80.427912, 16.312772 ], [ 80.427489, 16.312983 ] ], [ [ 80.428874, 16.312202 ], [ 80.427985, 16.312733 ], [ 80.427757, 16.312278 ], [ 80.428729, 16.311863 ], [ 80.428874, 16.312202 ] ], [ [ 80.428361, 16.311085 ], [ 80.428697, 16.311788 ], [ 80.427722, 16.312204 ], [ 80.42741, 16.311489 ], [ 80.428361, 16.311085 ] ], [ [ 80.427643, 16.312234 ], [ 80.427248, 16.312364 ], [ 80.427024, 16.311636 ], [ 80.427332, 16.31152 ], [ 80.427643, 16.312234 ] ], [ [ 80.427589, 16.310784 ], [ 80.428172, 16.310652 ], [ 80.428248, 16.31084 ], [ 80.427256, 16.311269 ], [ 80.426947, 16.311379 ], [ 80.426835, 16.310991 ], [ 80.427589, 16.310784 ] ], [ [ 80.429015, 16.310022 ], [ 80.429459, 16.30981 ], [ 80.429645, 16.310233 ], [ 80.428376, 16.310784 ], [ 80.428201, 16.310362 ], [ 80.429015, 16.310022 ] ], [ [ 80.428171, 16.310286 ], [ 80.428025, 16.30988 ], [ 80.428825, 16.309591 ], [ 80.428946, 16.309962 ], [ 80.428171, 16.310286 ] ], [ [ 80.428799, 16.309514 ], [ 80.427998, 16.309803 ], [ 80.427884, 16.309452 ], [ 80.42841, 16.309268 ], [ 80.428666, 16.309159 ], [ 80.428799, 16.309514 ] ], [ [ 80.427847, 16.309321 ], [ 80.427718, 16.308851 ], [ 80.428211, 16.308767 ], [ 80.428326, 16.309153 ], [ 80.427847, 16.309321 ] ], [ [ 80.428188, 16.308688 ], [ 80.427696, 16.308772 ], [ 80.42766, 16.308641 ], [ 80.428148, 16.308545 ], [ 80.428188, 16.308688 ] ], [ [ 80.428002, 16.308018 ], [ 80.428128, 16.308466 ], [ 80.427639, 16.308562 ], [ 80.427522, 16.308114 ], [ 80.428002, 16.308018 ] ], [ [ 80.427825, 16.307471 ], [ 80.42798, 16.30794 ], [ 80.427501, 16.308035 ], [ 80.427376, 16.307599 ], [ 80.427825, 16.307471 ] ], [ [ 80.427906, 16.30745 ], [ 80.428988, 16.307187 ], [ 80.429161, 16.307566 ], [ 80.428039, 16.307841 ], [ 80.427906, 16.30745 ] ], [ [ 80.429672, 16.308634 ], [ 80.429258, 16.307578 ], [ 80.429078, 16.307182 ], [ 80.429388, 16.307187 ], [ 80.429844, 16.308571 ], [ 80.429672, 16.308634 ] ], [ [ 80.429477, 16.307187 ], [ 80.43002, 16.307178 ], [ 80.43041, 16.308353 ], [ 80.429922, 16.308541 ], [ 80.429477, 16.307187 ] ], [ [ 80.430108, 16.307175 ], [ 80.430545, 16.307157 ], [ 80.430864, 16.308186 ], [ 80.430488, 16.308323 ], [ 80.430108, 16.307175 ] ], [ [ 80.430631, 16.307149 ], [ 80.430957, 16.307112 ], [ 80.431221, 16.308048 ], [ 80.430942, 16.308156 ], [ 80.430631, 16.307149 ] ], [ [ 80.431972, 16.307763 ], [ 80.431693, 16.307873 ], [ 80.431558, 16.30748 ], [ 80.431593, 16.307444 ], [ 80.431972, 16.307763 ] ], [ [ 80.431477, 16.307445 ], [ 80.43147, 16.307482 ], [ 80.431614, 16.307901 ], [ 80.4313, 16.308018 ], [ 80.431034, 16.307078 ], [ 80.431066, 16.307043 ], [ 80.431528, 16.307392 ], [ 80.431477, 16.307445 ] ], [ [ 80.43034, 16.306458 ], [ 80.431001, 16.306992 ], [ 80.430967, 16.307029 ], [ 80.430573, 16.307074 ], [ 80.430049, 16.307096 ], [ 80.429343, 16.307105 ], [ 80.429225, 16.306542 ], [ 80.43034, 16.306458 ] ], [ [ 80.429141, 16.306552 ], [ 80.429257, 16.307103 ], [ 80.429007, 16.3071 ], [ 80.428631, 16.307186 ], [ 80.428532, 16.306879 ], [ 80.428483, 16.306667 ], [ 80.429141, 16.306552 ] ], [ [ 80.428549, 16.307206 ], [ 80.428008, 16.30734 ], [ 80.427933, 16.307082 ], [ 80.428463, 16.30694 ], [ 80.428549, 16.307206 ] ], [ [ 80.428362, 16.306594 ], [ 80.428392, 16.306649 ], [ 80.428442, 16.306861 ], [ 80.427908, 16.307004 ], [ 80.427819, 16.306752 ], [ 80.428362, 16.306594 ] ], [ [ 80.428331, 16.306518 ], [ 80.427791, 16.306675 ], [ 80.427697, 16.306409 ], [ 80.428252, 16.306247 ], [ 80.428331, 16.306518 ] ], [ [ 80.428229, 16.306169 ], [ 80.42767, 16.306332 ], [ 80.427634, 16.306222 ], [ 80.428196, 16.306063 ], [ 80.428229, 16.306169 ] ], [ [ 80.427573, 16.305237 ], [ 80.427776, 16.305042 ], [ 80.428116, 16.305358 ], [ 80.428048, 16.305436 ], [ 80.427856, 16.305611 ], [ 80.427479, 16.305713 ], [ 80.427368, 16.305332 ], [ 80.427573, 16.305237 ] ], [ [ 80.427517, 16.30432 ], [ 80.427564, 16.304216 ], [ 80.427891, 16.304493 ], [ 80.42846, 16.30495 ], [ 80.42817, 16.305296 ], [ 80.427605, 16.304771 ], [ 80.427566, 16.304672 ], [ 80.427524, 16.304448 ], [ 80.427517, 16.30432 ] ], [ [ 80.429025, 16.305871 ], [ 80.428257, 16.305968 ], [ 80.428217, 16.305793 ], [ 80.428459, 16.305727 ], [ 80.428481, 16.305708 ], [ 80.428485, 16.305683 ], [ 80.428473, 16.305661 ], [ 80.42844, 16.305649 ], [ 80.428199, 16.305714 ], [ 80.428153, 16.305527 ], [ 80.428568, 16.305037 ], [ 80.429421, 16.305717 ], [ 80.429289, 16.305852 ], [ 80.429025, 16.305871 ] ], [ [ 80.427916, 16.305736 ], [ 80.428082, 16.305592 ], [ 80.428174, 16.305985 ], [ 80.427609, 16.306144 ], [ 80.427518, 16.305843 ], [ 80.427916, 16.305736 ] ], [ [ 80.42744, 16.30446 ], [ 80.427506, 16.304763 ], [ 80.427541, 16.304825 ], [ 80.427715, 16.304986 ], [ 80.427525, 16.305171 ], [ 80.427345, 16.305253 ], [ 80.427193, 16.304939 ], [ 80.42715, 16.304619 ], [ 80.426934, 16.304122 ], [ 80.427355, 16.30402 ], [ 80.427498, 16.304158 ], [ 80.427434, 16.304302 ], [ 80.42744, 16.30446 ] ], [ [ 80.427457, 16.303075 ], [ 80.427485, 16.30308 ], [ 80.42755, 16.303128 ], [ 80.427374, 16.303333 ], [ 80.427368, 16.303361 ], [ 80.427386, 16.303389 ], [ 80.427415, 16.303395 ], [ 80.427439, 16.303384 ], [ 80.427616, 16.303178 ], [ 80.427987, 16.303467 ], [ 80.427489, 16.304036 ], [ 80.427407, 16.303955 ], [ 80.427162, 16.30282 ], [ 80.427436, 16.303042 ], [ 80.427457, 16.303075 ] ], [ [ 80.428464, 16.303867 ], [ 80.428501, 16.30388 ], [ 80.429006, 16.304283 ], [ 80.428512, 16.304886 ], [ 80.428275, 16.304693 ], [ 80.428492, 16.304515 ], [ 80.428516, 16.304471 ], [ 80.428503, 16.304419 ], [ 80.428328, 16.304192 ], [ 80.428279, 16.304169 ], [ 80.428227, 16.304178 ], [ 80.427919, 16.304409 ], [ 80.427549, 16.304093 ], [ 80.428052, 16.303519 ], [ 80.428453, 16.303842 ], [ 80.428464, 16.303867 ] ], [ [ 80.429559, 16.304737 ], [ 80.429597, 16.30475 ], [ 80.430001, 16.305075 ], [ 80.429789, 16.305323 ], [ 80.428889, 16.304637 ], [ 80.429114, 16.304369 ], [ 80.429549, 16.304712 ], [ 80.429559, 16.304737 ] ], [ [ 80.429478, 16.305657 ], [ 80.42862, 16.304973 ], [ 80.428837, 16.304701 ], [ 80.429734, 16.305384 ], [ 80.429478, 16.305657 ] ], [ [ 80.429046, 16.304245 ], [ 80.428565, 16.303861 ], [ 80.430058, 16.30339 ], [ 80.430184, 16.303655 ], [ 80.429046, 16.304245 ] ], [ [ 80.429581, 16.304668 ], [ 80.429163, 16.304338 ], [ 80.430235, 16.303783 ], [ 80.430365, 16.304166 ], [ 80.429581, 16.304668 ] ], [ [ 80.427632, 16.303103 ], [ 80.427594, 16.303092 ], [ 80.42755, 16.303059 ], [ 80.428693, 16.302686 ], [ 80.429696, 16.302385 ], [ 80.429848, 16.302793 ], [ 80.42803, 16.303432 ], [ 80.427644, 16.303129 ], [ 80.427632, 16.303103 ] ], [ [ 80.430028, 16.303314 ], [ 80.429251, 16.303561 ], [ 80.429187, 16.303395 ], [ 80.429183, 16.303117 ], [ 80.429875, 16.30287 ], [ 80.430028, 16.303314 ] ], [ [ 80.428488, 16.303799 ], [ 80.428106, 16.303492 ], [ 80.429099, 16.303146 ], [ 80.429103, 16.303408 ], [ 80.429171, 16.303586 ], [ 80.428488, 16.303799 ] ], [ [ 80.427122, 16.3027 ], [ 80.427069, 16.302678 ], [ 80.42854, 16.302259 ], [ 80.42863, 16.30262 ], [ 80.427471, 16.302999 ], [ 80.427144, 16.302734 ], [ 80.427122, 16.3027 ] ], [ [ 80.426851, 16.30535 ], [ 80.426545, 16.305423 ], [ 80.426394, 16.304979 ], [ 80.426693, 16.304889 ], [ 80.426851, 16.30535 ] ], [ [ 80.426774, 16.304867 ], [ 80.427089, 16.304794 ], [ 80.427112, 16.304965 ], [ 80.427256, 16.305248 ], [ 80.427398, 16.305734 ], [ 80.426706, 16.305905 ], [ 80.426572, 16.305501 ], [ 80.426915, 16.305418 ], [ 80.426947, 16.305384 ], [ 80.426774, 16.304867 ] ], [ [ 80.427528, 16.306167 ], [ 80.426892, 16.306338 ], [ 80.426778, 16.306027 ], [ 80.427436, 16.305864 ], [ 80.427528, 16.306167 ] ], [ [ 80.427553, 16.306244 ], [ 80.42759, 16.306355 ], [ 80.426976, 16.306542 ], [ 80.426922, 16.306415 ], [ 80.427553, 16.306244 ] ], [ [ 80.427007, 16.306618 ], [ 80.427616, 16.306433 ], [ 80.42771, 16.306698 ], [ 80.427103, 16.306869 ], [ 80.427007, 16.306618 ] ], [ [ 80.427078, 16.304714 ], [ 80.426747, 16.30479 ], [ 80.426644, 16.304518 ], [ 80.426552, 16.30422 ], [ 80.426852, 16.304144 ], [ 80.427069, 16.304641 ], [ 80.427078, 16.304714 ] ], [ [ 80.426315, 16.303545 ], [ 80.426603, 16.303462 ], [ 80.426822, 16.304067 ], [ 80.426526, 16.304142 ], [ 80.426315, 16.303545 ] ], [ [ 80.42685, 16.30339 ], [ 80.427044, 16.304009 ], [ 80.426904, 16.304046 ], [ 80.426683, 16.303439 ], [ 80.42685, 16.30339 ] ], [ [ 80.427255, 16.307271 ], [ 80.427852, 16.307104 ], [ 80.427927, 16.30736 ], [ 80.42735, 16.307521 ], [ 80.427255, 16.307271 ] ], [ [ 80.427226, 16.307194 ], [ 80.427133, 16.306945 ], [ 80.427738, 16.306775 ], [ 80.427826, 16.307027 ], [ 80.427226, 16.307194 ] ], [ [ 80.426945, 16.311665 ], [ 80.427169, 16.31239 ], [ 80.426768, 16.312522 ], [ 80.426517, 16.311819 ], [ 80.426945, 16.311665 ] ], [ [ 80.427537, 16.314341 ], [ 80.42724, 16.314499 ], [ 80.427197, 16.314393 ], [ 80.427464, 16.314212 ], [ 80.427537, 16.314341 ] ], [ [ 80.427387, 16.310259 ], [ 80.427526, 16.310717 ], [ 80.426812, 16.310912 ], [ 80.426674, 16.310459 ], [ 80.427387, 16.310259 ] ], [ [ 80.427363, 16.31018 ], [ 80.426649, 16.310382 ], [ 80.42653, 16.31004 ], [ 80.427258, 16.309815 ], [ 80.427363, 16.31018 ] ], [ [ 80.427805, 16.309667 ], [ 80.428054, 16.310374 ], [ 80.42814, 16.310576 ], [ 80.427607, 16.310696 ], [ 80.427339, 16.309792 ], [ 80.427805, 16.309667 ] ], [ [ 80.427257, 16.309487 ], [ 80.427301, 16.309499 ], [ 80.427716, 16.309373 ], [ 80.427764, 16.309538 ], [ 80.427055, 16.309735 ], [ 80.426958, 16.309277 ], [ 80.427643, 16.309108 ], [ 80.427694, 16.309294 ], [ 80.427271, 16.309423 ], [ 80.427247, 16.309451 ], [ 80.427257, 16.309487 ] ], [ [ 80.426347, 16.30944 ], [ 80.426876, 16.309298 ], [ 80.426975, 16.30976 ], [ 80.426488, 16.309911 ], [ 80.426347, 16.30944 ] ], [ [ 80.429722, 16.310199 ], [ 80.429536, 16.309777 ], [ 80.430161, 16.309541 ], [ 80.430284, 16.309946 ], [ 80.429722, 16.310199 ] ], [ [ 80.430525, 16.304607 ], [ 80.430039, 16.305035 ], [ 80.429648, 16.304721 ], [ 80.430393, 16.304246 ], [ 80.430525, 16.304607 ] ], [ [ 80.428422, 16.306531 ], [ 80.428278, 16.306047 ], [ 80.428998, 16.305957 ], [ 80.429123, 16.306473 ], [ 80.428455, 16.306589 ], [ 80.428422, 16.306531 ] ], [ [ 80.429321, 16.30593 ], [ 80.429485, 16.305769 ], [ 80.430246, 16.306383 ], [ 80.429207, 16.306462 ], [ 80.429082, 16.305949 ], [ 80.429321, 16.30593 ] ], [ [ 80.430384, 16.306388 ], [ 80.429543, 16.305709 ], [ 80.429799, 16.305436 ], [ 80.430612, 16.30611 ], [ 80.430384, 16.306388 ] ], [ [ 80.430065, 16.305127 ], [ 80.430878, 16.305782 ], [ 80.430664, 16.306046 ], [ 80.429854, 16.305374 ], [ 80.430065, 16.305127 ] ], [ [ 80.430556, 16.304691 ], [ 80.430936, 16.305747 ], [ 80.430922, 16.305746 ], [ 80.430105, 16.305088 ], [ 80.430556, 16.304691 ] ], [ [ 80.430763, 16.303185 ], [ 80.430853, 16.303407 ], [ 80.430261, 16.303622 ], [ 80.430139, 16.303366 ], [ 80.430763, 16.303185 ] ], [ [ 80.430442, 16.304132 ], [ 80.430312, 16.303748 ], [ 80.430905, 16.303533 ], [ 80.431077, 16.303929 ], [ 80.430442, 16.304132 ] ], [ [ 80.428264, 16.304253 ], [ 80.42843, 16.30446 ], [ 80.42821, 16.30464 ], [ 80.427985, 16.304463 ], [ 80.428264, 16.304253 ] ], [ [ 80.431617, 16.307357 ], [ 80.431088, 16.306956 ], [ 80.43045, 16.306439 ], [ 80.430676, 16.306163 ], [ 80.43199, 16.307197 ], [ 80.432189, 16.307676 ], [ 80.432059, 16.307729 ], [ 80.431617, 16.307357 ] ], [ [ 80.428159, 16.308251 ], [ 80.428062, 16.30792 ], [ 80.429194, 16.307641 ], [ 80.429332, 16.307987 ], [ 80.428159, 16.308251 ] ], [ [ 80.42818, 16.30833 ], [ 80.429362, 16.308063 ], [ 80.429493, 16.308398 ], [ 80.428271, 16.308672 ], [ 80.42818, 16.30833 ] ], [ [ 80.429098, 16.308845 ], [ 80.428404, 16.309123 ], [ 80.428293, 16.308751 ], [ 80.429523, 16.308475 ], [ 80.429594, 16.308663 ], [ 80.429098, 16.308845 ] ], [ [ 80.429504, 16.309702 ], [ 80.429189, 16.308957 ], [ 80.429886, 16.3087 ], [ 80.430136, 16.309463 ], [ 80.429504, 16.309702 ] ], [ [ 80.428892, 16.309526 ], [ 80.428743, 16.309128 ], [ 80.429111, 16.308987 ], [ 80.429427, 16.309735 ], [ 80.429023, 16.309927 ], [ 80.428892, 16.309526 ] ], [ [ 80.430362, 16.309913 ], [ 80.429965, 16.308671 ], [ 80.430452, 16.308482 ], [ 80.430696, 16.30923 ], [ 80.430836, 16.309711 ], [ 80.430362, 16.309913 ] ], [ [ 80.428717, 16.311491 ], [ 80.428489, 16.311029 ], [ 80.429745, 16.310488 ], [ 80.42994, 16.311019 ], [ 80.428717, 16.311491 ] ], [ [ 80.428998, 16.312139 ], [ 80.428752, 16.311565 ], [ 80.429969, 16.311095 ], [ 80.430184, 16.31164 ], [ 80.428998, 16.312139 ] ], [ [ 80.44333, 16.300006 ], [ 80.443239, 16.300152 ], [ 80.442264, 16.299649 ], [ 80.442325, 16.299531 ], [ 80.44333, 16.300006 ] ], [ [ 80.443268, 16.299725 ], [ 80.443277, 16.299741 ], [ 80.44308, 16.299644 ], [ 80.443237, 16.299717 ], [ 80.443268, 16.299725 ] ], [ [ 80.444527, 16.300852 ], [ 80.44498, 16.300555 ], [ 80.445227, 16.300916 ], [ 80.444988, 16.301089 ], [ 80.444752, 16.300982 ], [ 80.444586, 16.30092 ], [ 80.444527, 16.300852 ] ], [ [ 80.445075, 16.301128 ], [ 80.445271, 16.300986 ], [ 80.445439, 16.301272 ], [ 80.445412, 16.301282 ], [ 80.445075, 16.301128 ] ], [ [ 80.445517, 16.30124 ], [ 80.445341, 16.30094 ], [ 80.445553, 16.300816 ], [ 80.445749, 16.301148 ], [ 80.445517, 16.30124 ] ], [ [ 80.445828, 16.301119 ], [ 80.445625, 16.300773 ], [ 80.445824, 16.300653 ], [ 80.446058, 16.301042 ], [ 80.445828, 16.301119 ] ], [ [ 80.446278, 16.300416 ], [ 80.446405, 16.300931 ], [ 80.446139, 16.301016 ], [ 80.445897, 16.300613 ], [ 80.446278, 16.300416 ] ], [ [ 80.446521, 16.30072 ], [ 80.446548, 16.30074 ], [ 80.446584, 16.300736 ], [ 80.446609, 16.300719 ], [ 80.446615, 16.30069 ], [ 80.446571, 16.300539 ], [ 80.446411, 16.300099 ], [ 80.446868, 16.299983 ], [ 80.447059, 16.300795 ], [ 80.446487, 16.30091 ], [ 80.446423, 16.300622 ], [ 80.446501, 16.3006 ], [ 80.446524, 16.300678 ], [ 80.446521, 16.30072 ] ], [ [ 80.446476, 16.300522 ], [ 80.446404, 16.300542 ], [ 80.446342, 16.300341 ], [ 80.446303, 16.300317 ], [ 80.445853, 16.300543 ], [ 80.445605, 16.300171 ], [ 80.446094, 16.299882 ], [ 80.446207, 16.299709 ], [ 80.446317, 16.300084 ], [ 80.446476, 16.300522 ] ], [ [ 80.446272, 16.299633 ], [ 80.446615, 16.299499 ], [ 80.446742, 16.299469 ], [ 80.446849, 16.299903 ], [ 80.446386, 16.300021 ], [ 80.446272, 16.299633 ] ], [ [ 80.443987, 16.300331 ], [ 80.444082, 16.300248 ], [ 80.444672, 16.299474 ], [ 80.444902, 16.299816 ], [ 80.443895, 16.300457 ], [ 80.443877, 16.300497 ], [ 80.4439, 16.300527 ], [ 80.443942, 16.300524 ], [ 80.444671, 16.300056 ], [ 80.444796, 16.30025 ], [ 80.44459, 16.300371 ], [ 80.444574, 16.300395 ], [ 80.444577, 16.30042 ], [ 80.444595, 16.300439 ], [ 80.444629, 16.300441 ], [ 80.444839, 16.30032 ], [ 80.444936, 16.300486 ], [ 80.444441, 16.30081 ], [ 80.444304, 16.300933 ], [ 80.443741, 16.300582 ], [ 80.443938, 16.300348 ], [ 80.443987, 16.300331 ] ], [ [ 80.445184, 16.299643 ], [ 80.444974, 16.299772 ], [ 80.444725, 16.299403 ], [ 80.444893, 16.299167 ], [ 80.445184, 16.299643 ] ], [ [ 80.445079, 16.300077 ], [ 80.444868, 16.300207 ], [ 80.444741, 16.300011 ], [ 80.444948, 16.299884 ], [ 80.445079, 16.300077 ] ], [ [ 80.4453, 16.300256 ], [ 80.44502, 16.29984 ], [ 80.445226, 16.299713 ], [ 80.445489, 16.300144 ], [ 80.4453, 16.300256 ] ], [ [ 80.445582, 16.300703 ], [ 80.445345, 16.300325 ], [ 80.445534, 16.300213 ], [ 80.445781, 16.300584 ], [ 80.445582, 16.300703 ] ], [ [ 80.445049, 16.300509 ], [ 80.445273, 16.300367 ], [ 80.445511, 16.300745 ], [ 80.445297, 16.300871 ], [ 80.445049, 16.300509 ] ], [ [ 80.445006, 16.30044 ], [ 80.444911, 16.300277 ], [ 80.445125, 16.300145 ], [ 80.445228, 16.300298 ], [ 80.445006, 16.30044 ] ], [ [ 80.446802, 16.30093 ], [ 80.44698, 16.300894 ], [ 80.447177, 16.301611 ], [ 80.447026, 16.301657 ], [ 80.446802, 16.30093 ] ], [ [ 80.447182, 16.302533 ], [ 80.446952, 16.302382 ], [ 80.446775, 16.301826 ], [ 80.446969, 16.301761 ], [ 80.447129, 16.302299 ], [ 80.447182, 16.302533 ] ], [ [ 80.446508, 16.300989 ], [ 80.446719, 16.300946 ], [ 80.446946, 16.301683 ], [ 80.44675, 16.301748 ], [ 80.446508, 16.300989 ] ], [ [ 80.437465, 16.315077 ], [ 80.437404, 16.315075 ], [ 80.43737, 16.314593 ], [ 80.437606, 16.314536 ], [ 80.437813, 16.315279 ], [ 80.43754, 16.315319 ], [ 80.437489, 16.315105 ], [ 80.437465, 16.315077 ] ], [ [ 80.438302, 16.31494 ], [ 80.438284, 16.314922 ], [ 80.438259, 16.314917 ], [ 80.438235, 16.314928 ], [ 80.438222, 16.314954 ], [ 80.438305, 16.315193 ], [ 80.437896, 16.315265 ], [ 80.437688, 16.314517 ], [ 80.438514, 16.31434 ], [ 80.438688, 16.314876 ], [ 80.438726, 16.315117 ], [ 80.438389, 16.315178 ], [ 80.438302, 16.31494 ] ], [ [ 80.438579, 16.314272 ], [ 80.438562, 16.314256 ], [ 80.438533, 16.314252 ], [ 80.437365, 16.31451 ], [ 80.437337, 16.314005 ], [ 80.438681, 16.313617 ], [ 80.439014, 16.31447 ], [ 80.439038, 16.314655 ], [ 80.43912, 16.315027 ], [ 80.438808, 16.3151 ], [ 80.43877, 16.314857 ], [ 80.438579, 16.314272 ] ], [ [ 80.439963, 16.312831 ], [ 80.440072, 16.313112 ], [ 80.438694, 16.313528 ], [ 80.437331, 16.313922 ], [ 80.437312, 16.313655 ], [ 80.439963, 16.312831 ] ], [ [ 80.437256, 16.312832 ], [ 80.438275, 16.312498 ], [ 80.438386, 16.312769 ], [ 80.437277, 16.313095 ], [ 80.437256, 16.312832 ] ], [ [ 80.438558, 16.313182 ], [ 80.437307, 16.313571 ], [ 80.437284, 16.313178 ], [ 80.438417, 16.312845 ], [ 80.438558, 16.313182 ] ], [ [ 80.43817, 16.312227 ], [ 80.438245, 16.312422 ], [ 80.437249, 16.312749 ], [ 80.43723, 16.312537 ], [ 80.43817, 16.312227 ] ], [ [ 80.438079, 16.311996 ], [ 80.438141, 16.31215 ], [ 80.437223, 16.312454 ], [ 80.437211, 16.312291 ], [ 80.438079, 16.311996 ] ], [ [ 80.43809, 16.311906 ], [ 80.437206, 16.312206 ], [ 80.437198, 16.312077 ], [ 80.438457, 16.311634 ], [ 80.438505, 16.311777 ], [ 80.43809, 16.311906 ] ], [ [ 80.437844, 16.31146 ], [ 80.437854, 16.311437 ], [ 80.437848, 16.311413 ], [ 80.437828, 16.311396 ], [ 80.437802, 16.311394 ], [ 80.437168, 16.311607 ], [ 80.437145, 16.311286 ], [ 80.438256, 16.310958 ], [ 80.438389, 16.311405 ], [ 80.438038, 16.311513 ], [ 80.438018, 16.31153 ], [ 80.438013, 16.311558 ], [ 80.438033, 16.311585 ], [ 80.438063, 16.31159 ], [ 80.438411, 16.311484 ], [ 80.438432, 16.311556 ], [ 80.437193, 16.311993 ], [ 80.437175, 16.311691 ], [ 80.437844, 16.31146 ] ], [ [ 80.438129, 16.310539 ], [ 80.438232, 16.31088 ], [ 80.437139, 16.311203 ], [ 80.437109, 16.310808 ], [ 80.438129, 16.310539 ] ], [ [ 80.438299, 16.310009 ], [ 80.438334, 16.310061 ], [ 80.438368, 16.310076 ], [ 80.438518, 16.310033 ], [ 80.438596, 16.31034 ], [ 80.438185, 16.31044 ], [ 80.437795, 16.309352 ], [ 80.438101, 16.309274 ], [ 80.438253, 16.309869 ], [ 80.438299, 16.310009 ] ], [ [ 80.4383, 16.309221 ], [ 80.438497, 16.309954 ], [ 80.438385, 16.309993 ], [ 80.438335, 16.309848 ], [ 80.438183, 16.309252 ], [ 80.4383, 16.309221 ] ], [ [ 80.438693, 16.309108 ], [ 80.438901, 16.309818 ], [ 80.438577, 16.309927 ], [ 80.438381, 16.309198 ], [ 80.438693, 16.309108 ] ], [ [ 80.438981, 16.309791 ], [ 80.438775, 16.309088 ], [ 80.438984, 16.309043 ], [ 80.439136, 16.309739 ], [ 80.438981, 16.309791 ] ], [ [ 80.43863, 16.308227 ], [ 80.438649, 16.308327 ], [ 80.438938, 16.308914 ], [ 80.438609, 16.308991 ], [ 80.438418, 16.308264 ], [ 80.43863, 16.308227 ] ], [ [ 80.438239, 16.308321 ], [ 80.438336, 16.308284 ], [ 80.438528, 16.309014 ], [ 80.438352, 16.309065 ], [ 80.43832, 16.308873 ], [ 80.438308, 16.30871 ], [ 80.438239, 16.308321 ] ], [ [ 80.437785, 16.309215 ], [ 80.437753, 16.3091 ], [ 80.438245, 16.308932 ], [ 80.43827, 16.309088 ], [ 80.437785, 16.309215 ] ], [ [ 80.438228, 16.308765 ], [ 80.438234, 16.308849 ], [ 80.437734, 16.30902 ], [ 80.437701, 16.308862 ], [ 80.438228, 16.308765 ] ], [ [ 80.437107, 16.30891 ], [ 80.437085, 16.308935 ], [ 80.437085, 16.30896 ], [ 80.437101, 16.30898 ], [ 80.437126, 16.308988 ], [ 80.437619, 16.308878 ], [ 80.437653, 16.309044 ], [ 80.437302, 16.309128 ], [ 80.437281, 16.309143 ], [ 80.437275, 16.309171 ], [ 80.437293, 16.309199 ], [ 80.437322, 16.309206 ], [ 80.437672, 16.309123 ], [ 80.437704, 16.309235 ], [ 80.437005, 16.309421 ], [ 80.436957, 16.308669 ], [ 80.438158, 16.308348 ], [ 80.438218, 16.308684 ], [ 80.437643, 16.308789 ], [ 80.437107, 16.30891 ] ], [ [ 80.436951, 16.308586 ], [ 80.436887, 16.307748 ], [ 80.437303, 16.307938 ], [ 80.436974, 16.30858 ], [ 80.436951, 16.308586 ] ], [ [ 80.4376, 16.308282 ], [ 80.437577, 16.308247 ], [ 80.437308, 16.308112 ], [ 80.437379, 16.307973 ], [ 80.438072, 16.308287 ], [ 80.437517, 16.308438 ], [ 80.4376, 16.308282 ] ], [ [ 80.438329, 16.308114 ], [ 80.438237, 16.308233 ], [ 80.438192, 16.308252 ], [ 80.437418, 16.3079 ], [ 80.437586, 16.30759 ], [ 80.438396, 16.30796 ], [ 80.438329, 16.308114 ] ], [ [ 80.43751, 16.307554 ], [ 80.437341, 16.307865 ], [ 80.43688, 16.307655 ], [ 80.436844, 16.307237 ], [ 80.43751, 16.307554 ] ], [ [ 80.436837, 16.307143 ], [ 80.436808, 16.306854 ], [ 80.43678, 16.306729 ], [ 80.437709, 16.307169 ], [ 80.437548, 16.307482 ], [ 80.436837, 16.307143 ] ], [ [ 80.436785, 16.306518 ], [ 80.436889, 16.306303 ], [ 80.437904, 16.306774 ], [ 80.437746, 16.307096 ], [ 80.436803, 16.30665 ], [ 80.436804, 16.306586 ], [ 80.436785, 16.306518 ] ], [ [ 80.437941, 16.306701 ], [ 80.436925, 16.306229 ], [ 80.437084, 16.305904 ], [ 80.438098, 16.306402 ], [ 80.437941, 16.306701 ] ], [ [ 80.438136, 16.306329 ], [ 80.437121, 16.305831 ], [ 80.437287, 16.305518 ], [ 80.438304, 16.306009 ], [ 80.438136, 16.306329 ] ], [ [ 80.438341, 16.305937 ], [ 80.437325, 16.305445 ], [ 80.437486, 16.305142 ], [ 80.438498, 16.305627 ], [ 80.438341, 16.305937 ] ], [ [ 80.438535, 16.305553 ], [ 80.437525, 16.30507 ], [ 80.437695, 16.304763 ], [ 80.438695, 16.305237 ], [ 80.438535, 16.305553 ] ], [ [ 80.438733, 16.305164 ], [ 80.437735, 16.304692 ], [ 80.437911, 16.304367 ], [ 80.438894, 16.304853 ], [ 80.438733, 16.305164 ] ], [ [ 80.438932, 16.30478 ], [ 80.437955, 16.304297 ], [ 80.438148, 16.304015 ], [ 80.439098, 16.304459 ], [ 80.438932, 16.30478 ] ], [ [ 80.439007, 16.304817 ], [ 80.439174, 16.304495 ], [ 80.439962, 16.304889 ], [ 80.439798, 16.305197 ], [ 80.439007, 16.304817 ] ], [ [ 80.439873, 16.305234 ], [ 80.440037, 16.304926 ], [ 80.441146, 16.305463 ], [ 80.440984, 16.30578 ], [ 80.439873, 16.305234 ] ], [ [ 80.441349, 16.305066 ], [ 80.441184, 16.30539 ], [ 80.440075, 16.304854 ], [ 80.440242, 16.304539 ], [ 80.441349, 16.305066 ] ], [ [ 80.440166, 16.304502 ], [ 80.44, 16.304817 ], [ 80.439211, 16.304423 ], [ 80.439369, 16.304114 ], [ 80.440166, 16.304502 ] ], [ [ 80.439294, 16.304077 ], [ 80.439136, 16.304386 ], [ 80.438192, 16.303945 ], [ 80.438383, 16.303622 ], [ 80.439294, 16.304077 ] ], [ [ 80.441545, 16.304685 ], [ 80.441387, 16.304993 ], [ 80.440279, 16.304466 ], [ 80.440434, 16.304144 ], [ 80.441545, 16.304685 ] ], [ [ 80.440358, 16.304108 ], [ 80.440203, 16.304429 ], [ 80.439406, 16.304041 ], [ 80.43956, 16.303731 ], [ 80.440358, 16.304108 ] ], [ [ 80.439485, 16.303695 ], [ 80.439331, 16.304004 ], [ 80.438427, 16.303552 ], [ 80.438614, 16.303264 ], [ 80.439485, 16.303695 ] ], [ [ 80.439522, 16.303622 ], [ 80.438661, 16.303196 ], [ 80.438872, 16.3029 ], [ 80.439687, 16.303315 ], [ 80.439522, 16.303622 ] ], [ [ 80.439099, 16.302532 ], [ 80.439891, 16.302926 ], [ 80.439726, 16.303242 ], [ 80.438916, 16.302831 ], [ 80.439099, 16.302532 ] ], [ [ 80.439929, 16.302854 ], [ 80.439139, 16.302461 ], [ 80.439322, 16.302188 ], [ 80.440099, 16.302538 ], [ 80.439929, 16.302854 ] ], [ [ 80.440189, 16.302362 ], [ 80.439418, 16.302004 ], [ 80.439559, 16.301716 ], [ 80.440333, 16.302081 ], [ 80.440189, 16.302362 ] ], [ [ 80.439721, 16.30131 ], [ 80.440531, 16.301702 ], [ 80.44037, 16.302008 ], [ 80.439595, 16.301643 ], [ 80.439668, 16.301494 ], [ 80.43969, 16.301366 ], [ 80.439721, 16.30131 ] ], [ [ 80.440568, 16.301629 ], [ 80.439758, 16.301237 ], [ 80.439891, 16.300968 ], [ 80.440691, 16.301379 ], [ 80.440568, 16.301629 ] ], [ [ 80.440408, 16.302118 ], [ 80.441185, 16.302514 ], [ 80.441041, 16.302791 ], [ 80.440264, 16.302399 ], [ 80.440408, 16.302118 ] ], [ [ 80.441222, 16.302441 ], [ 80.440446, 16.302045 ], [ 80.440607, 16.301739 ], [ 80.44139, 16.302112 ], [ 80.441222, 16.302441 ] ], [ [ 80.441179, 16.301601 ], [ 80.441561, 16.301794 ], [ 80.441428, 16.302039 ], [ 80.440644, 16.301665 ], [ 80.440766, 16.301416 ], [ 80.441179, 16.301601 ] ], [ [ 80.434047, 16.306223 ], [ 80.434415, 16.306058 ], [ 80.434756, 16.305869 ], [ 80.43589, 16.306378 ], [ 80.436302, 16.306569 ], [ 80.436301, 16.306579 ], [ 80.43625, 16.306647 ], [ 80.435733, 16.307664 ], [ 80.433278, 16.30821 ], [ 80.432728, 16.30662 ], [ 80.433398, 16.306455 ], [ 80.434047, 16.306223 ] ], [ [ 80.4353, 16.304935 ], [ 80.436813, 16.305675 ], [ 80.436425, 16.306404 ], [ 80.436357, 16.306458 ], [ 80.436332, 16.306493 ], [ 80.435964, 16.306322 ], [ 80.43604, 16.306169 ], [ 80.436281, 16.306285 ], [ 80.436311, 16.306285 ], [ 80.436335, 16.306262 ], [ 80.436335, 16.306233 ], [ 80.436318, 16.306213 ], [ 80.436077, 16.306096 ], [ 80.436346, 16.305573 ], [ 80.436347, 16.30554 ], [ 80.436323, 16.305516 ], [ 80.436293, 16.305517 ], [ 80.43627, 16.305536 ], [ 80.436002, 16.306058 ], [ 80.435634, 16.305863 ], [ 80.435604, 16.305862 ], [ 80.435579, 16.305885 ], [ 80.435578, 16.305914 ], [ 80.435593, 16.305934 ], [ 80.435965, 16.306131 ], [ 80.435888, 16.306287 ], [ 80.434813, 16.305805 ], [ 80.4353, 16.304935 ] ], [ [ 80.436538, 16.302595 ], [ 80.436561, 16.303109 ], [ 80.435724, 16.303251 ], [ 80.434996, 16.303352 ], [ 80.434935, 16.302907 ], [ 80.436538, 16.302595 ] ], [ [ 80.434922, 16.302826 ], [ 80.434859, 16.302505 ], [ 80.436501, 16.302181 ], [ 80.436533, 16.302513 ], [ 80.434922, 16.302826 ] ], [ [ 80.436584, 16.302165 ], [ 80.437314, 16.302037 ], [ 80.437325, 16.302396 ], [ 80.436962, 16.302424 ], [ 80.436616, 16.302496 ], [ 80.436584, 16.302165 ] ], [ [ 80.437398, 16.302024 ], [ 80.438232, 16.301897 ], [ 80.43824, 16.302345 ], [ 80.437409, 16.302391 ], [ 80.437398, 16.302024 ] ], [ [ 80.438641, 16.302333 ], [ 80.438324, 16.302341 ], [ 80.438317, 16.30189 ], [ 80.438672, 16.301885 ], [ 80.439006, 16.302012 ], [ 80.438792, 16.302349 ], [ 80.438641, 16.302333 ] ], [ [ 80.438324, 16.301754 ], [ 80.438371, 16.301279 ], [ 80.438736, 16.301251 ], [ 80.438937, 16.30129 ], [ 80.439332, 16.301427 ], [ 80.439078, 16.301893 ], [ 80.438702, 16.301751 ], [ 80.438324, 16.301754 ] ], [ [ 80.438286, 16.301291 ], [ 80.438239, 16.301759 ], [ 80.437355, 16.301893 ], [ 80.437325, 16.30147 ], [ 80.438286, 16.301291 ] ], [ [ 80.437272, 16.301906 ], [ 80.436564, 16.302031 ], [ 80.436486, 16.301626 ], [ 80.437241, 16.301486 ], [ 80.437272, 16.301906 ] ], [ [ 80.436481, 16.302046 ], [ 80.434838, 16.302371 ], [ 80.434787, 16.301929 ], [ 80.436403, 16.301641 ], [ 80.436481, 16.302046 ] ], [ [ 80.434723, 16.301384 ], [ 80.4363, 16.301104 ], [ 80.436388, 16.301561 ], [ 80.434777, 16.301848 ], [ 80.434723, 16.301384 ] ], [ [ 80.436383, 16.301087 ], [ 80.43768, 16.30082 ], [ 80.438102, 16.300748 ], [ 80.438275, 16.30121 ], [ 80.436471, 16.301546 ], [ 80.436383, 16.301087 ] ], [ [ 80.439439, 16.301297 ], [ 80.439373, 16.301356 ], [ 80.43896, 16.301211 ], [ 80.438747, 16.30117 ], [ 80.438361, 16.301198 ], [ 80.438186, 16.300734 ], [ 80.43861, 16.300665 ], [ 80.438995, 16.30058 ], [ 80.439134, 16.300576 ], [ 80.439671, 16.300855 ], [ 80.439439, 16.301297 ] ], [ [ 80.435812, 16.300011 ], [ 80.436077, 16.299945 ], [ 80.436285, 16.301024 ], [ 80.436103, 16.301059 ], [ 80.435812, 16.300011 ] ], [ [ 80.436159, 16.299926 ], [ 80.43654, 16.299851 ], [ 80.436784, 16.300927 ], [ 80.436367, 16.301007 ], [ 80.436159, 16.299926 ] ], [ [ 80.436623, 16.299837 ], [ 80.436911, 16.29979 ], [ 80.437153, 16.300852 ], [ 80.436867, 16.30091 ], [ 80.436623, 16.299837 ] ], [ [ 80.436994, 16.299776 ], [ 80.437374, 16.299701 ], [ 80.437621, 16.30075 ], [ 80.437235, 16.300834 ], [ 80.436994, 16.299776 ] ], [ [ 80.437457, 16.299686 ], [ 80.437867, 16.299612 ], [ 80.438079, 16.300669 ], [ 80.437704, 16.300734 ], [ 80.437457, 16.299686 ] ], [ [ 80.43795, 16.299598 ], [ 80.438312, 16.299541 ], [ 80.438551, 16.300592 ], [ 80.438162, 16.300655 ], [ 80.43795, 16.299598 ] ], [ [ 80.438398, 16.299539 ], [ 80.438793, 16.299572 ], [ 80.438942, 16.300508 ], [ 80.438634, 16.300576 ], [ 80.438398, 16.299539 ] ], [ [ 80.439157, 16.300496 ], [ 80.439025, 16.300497 ], [ 80.438881, 16.29959 ], [ 80.439199, 16.299681 ], [ 80.44007, 16.300018 ], [ 80.439708, 16.300781 ], [ 80.439157, 16.300496 ] ], [ [ 80.43602, 16.301074 ], [ 80.435636, 16.301141 ], [ 80.435365, 16.300122 ], [ 80.43573, 16.300031 ], [ 80.43602, 16.301074 ] ], [ [ 80.435553, 16.301156 ], [ 80.434977, 16.301256 ], [ 80.434671, 16.300293 ], [ 80.435283, 16.300142 ], [ 80.435553, 16.301156 ] ], [ [ 80.43269, 16.301383 ], [ 80.432723, 16.301365 ], [ 80.432729, 16.301336 ], [ 80.432579, 16.300803 ], [ 80.432837, 16.300737 ], [ 80.433093, 16.301648 ], [ 80.432426, 16.301794 ], [ 80.43222, 16.300886 ], [ 80.432497, 16.300822 ], [ 80.432647, 16.301353 ], [ 80.432665, 16.301377 ], [ 80.43269, 16.301383 ] ], [ [ 80.433594, 16.301525 ], [ 80.433175, 16.301629 ], [ 80.432919, 16.300717 ], [ 80.433315, 16.300621 ], [ 80.433594, 16.301525 ] ], [ [ 80.434285, 16.30138 ], [ 80.433676, 16.301506 ], [ 80.433397, 16.300602 ], [ 80.433995, 16.30047 ], [ 80.434285, 16.30138 ] ], [ [ 80.434077, 16.30045 ], [ 80.434589, 16.300314 ], [ 80.434894, 16.301271 ], [ 80.434368, 16.301364 ], [ 80.434077, 16.30045 ] ], [ [ 80.43217, 16.306203 ], [ 80.432124, 16.305879 ], [ 80.432495, 16.305831 ], [ 80.432626, 16.306561 ], [ 80.432245, 16.306653 ], [ 80.432179, 16.306261 ], [ 80.432187, 16.306228 ], [ 80.43217, 16.306203 ] ], [ [ 80.432571, 16.302861 ], [ 80.432292, 16.302941 ], [ 80.432063, 16.302033 ], [ 80.432363, 16.301901 ], [ 80.432571, 16.302861 ] ], [ [ 80.432443, 16.301874 ], [ 80.433155, 16.301718 ], [ 80.433656, 16.301594 ], [ 80.43464, 16.301399 ], [ 80.434694, 16.301862 ], [ 80.434084, 16.301961 ], [ 80.432526, 16.302254 ], [ 80.432443, 16.301874 ] ], [ [ 80.433161, 16.302699 ], [ 80.432653, 16.302839 ], [ 80.432543, 16.302333 ], [ 80.434057, 16.302049 ], [ 80.434131, 16.302503 ], [ 80.433605, 16.302601 ], [ 80.433161, 16.302699 ] ], [ [ 80.434755, 16.302387 ], [ 80.434214, 16.302487 ], [ 80.43414, 16.302034 ], [ 80.434703, 16.301943 ], [ 80.434755, 16.302387 ] ], [ [ 80.435244, 16.304863 ], [ 80.434792, 16.305674 ], [ 80.434435, 16.30544 ], [ 80.434827, 16.304797 ], [ 80.435299, 16.304742 ], [ 80.435244, 16.304863 ] ], [ [ 80.434723, 16.305793 ], [ 80.434376, 16.305985 ], [ 80.434064, 16.306126 ], [ 80.433977, 16.305595 ], [ 80.434371, 16.305496 ], [ 80.434751, 16.305746 ], [ 80.434723, 16.305793 ] ], [ [ 80.433861, 16.304924 ], [ 80.434261, 16.304871 ], [ 80.434333, 16.305422 ], [ 80.433963, 16.305515 ], [ 80.433861, 16.304924 ] ], [ [ 80.434721, 16.30481 ], [ 80.434405, 16.305329 ], [ 80.434344, 16.30486 ], [ 80.434721, 16.30481 ] ], [ [ 80.434393, 16.309123 ], [ 80.434383, 16.309353 ], [ 80.433583, 16.30967 ], [ 80.43354, 16.309532 ], [ 80.433481, 16.309268 ], [ 80.434393, 16.309123 ] ], [ [ 80.434265, 16.315354 ], [ 80.434183, 16.315052 ], [ 80.434374, 16.315002 ], [ 80.4345, 16.315303 ], [ 80.434265, 16.315354 ] ], [ [ 80.434408, 16.314914 ], [ 80.434162, 16.314973 ], [ 80.434082, 16.314678 ], [ 80.434316, 16.314594 ], [ 80.434382, 16.314779 ], [ 80.434416, 16.314802 ], [ 80.434737, 16.314704 ], [ 80.434841, 16.315205 ], [ 80.434583, 16.315283 ], [ 80.434438, 16.314939 ], [ 80.434408, 16.314914 ] ], [ [ 80.434779, 16.314612 ], [ 80.434446, 16.31471 ], [ 80.434381, 16.314529 ], [ 80.434357, 16.314504 ], [ 80.434327, 16.314504 ], [ 80.434058, 16.3146 ], [ 80.433937, 16.314233 ], [ 80.434243, 16.31418 ], [ 80.434292, 16.314181 ], [ 80.43449, 16.314228 ], [ 80.434563, 16.314228 ], [ 80.43463, 16.314215 ], [ 80.434731, 16.314165 ], [ 80.435191, 16.314119 ], [ 80.435241, 16.314472 ], [ 80.434959, 16.314484 ], [ 80.434934, 16.314496 ], [ 80.434923, 16.31452 ], [ 80.435009, 16.315154 ], [ 80.434922, 16.315181 ], [ 80.434811, 16.314643 ], [ 80.434779, 16.314612 ] ], [ [ 80.434717, 16.314085 ], [ 80.434601, 16.314138 ], [ 80.434502, 16.314148 ], [ 80.434339, 16.314108 ], [ 80.434334, 16.313833 ], [ 80.435315, 16.313576 ], [ 80.43545, 16.314114 ], [ 80.435281, 16.314156 ], [ 80.435251, 16.313974 ], [ 80.435236, 16.313954 ], [ 80.435211, 16.313945 ], [ 80.435187, 16.313953 ], [ 80.435171, 16.313973 ], [ 80.435178, 16.314039 ], [ 80.434717, 16.314085 ] ], [ [ 80.434251, 16.313794 ], [ 80.434255, 16.314099 ], [ 80.433911, 16.314155 ], [ 80.433808, 16.313804 ], [ 80.434237, 16.313619 ], [ 80.434258, 16.313598 ], [ 80.43426, 16.313573 ], [ 80.434236, 16.313545 ], [ 80.434206, 16.313543 ], [ 80.433784, 16.313726 ], [ 80.433687, 16.313337 ], [ 80.43468, 16.313136 ], [ 80.434711, 16.313109 ], [ 80.434705, 16.313073 ], [ 80.434663, 16.313057 ], [ 80.433668, 16.313257 ], [ 80.433616, 16.312951 ], [ 80.433854, 16.312812 ], [ 80.433967, 16.312827 ], [ 80.434549, 16.312708 ], [ 80.434596, 16.312649 ], [ 80.434569, 16.312502 ], [ 80.434983, 16.312408 ], [ 80.435294, 16.313497 ], [ 80.434281, 16.313763 ], [ 80.434251, 16.313794 ] ], [ [ 80.434488, 16.312468 ], [ 80.434479, 16.312497 ], [ 80.434507, 16.312635 ], [ 80.433957, 16.312746 ], [ 80.433929, 16.312742 ], [ 80.434124, 16.312562 ], [ 80.434218, 16.312429 ], [ 80.434243, 16.31237 ], [ 80.434924, 16.312203 ], [ 80.434961, 16.31233 ], [ 80.434538, 16.312426 ], [ 80.434488, 16.312468 ] ], [ [ 80.434275, 16.312278 ], [ 80.434374, 16.311988 ], [ 80.434832, 16.311878 ], [ 80.434902, 16.312125 ], [ 80.434275, 16.312278 ] ], [ [ 80.434131, 16.311793 ], [ 80.433311, 16.311993 ], [ 80.433116, 16.31151 ], [ 80.433956, 16.311206 ], [ 80.434241, 16.311114 ], [ 80.434131, 16.311793 ] ], [ [ 80.43436, 16.310508 ], [ 80.434254, 16.311024 ], [ 80.433967, 16.311116 ], [ 80.433813, 16.310702 ], [ 80.43436, 16.310508 ] ], [ [ 80.431677, 16.311521 ], [ 80.432079, 16.311363 ], [ 80.432254, 16.311745 ], [ 80.431855, 16.311873 ], [ 80.431677, 16.311521 ] ], [ [ 80.432549, 16.311621 ], [ 80.432333, 16.311716 ], [ 80.432157, 16.311333 ], [ 80.433734, 16.310731 ], [ 80.433888, 16.311144 ], [ 80.432549, 16.311621 ] ], [ [ 80.433714, 16.312511 ], [ 80.43372, 16.312467 ], [ 80.433685, 16.312444 ], [ 80.433489, 16.312508 ], [ 80.433339, 16.31207 ], [ 80.434143, 16.311876 ], [ 80.433999, 16.312305 ], [ 80.433928, 16.312407 ], [ 80.43369, 16.312626 ], [ 80.433553, 16.312703 ], [ 80.433515, 16.312586 ], [ 80.433714, 16.312511 ] ], [ [ 80.433665, 16.314425 ], [ 80.433631, 16.314442 ], [ 80.433612, 16.314472 ], [ 80.433612, 16.314546 ], [ 80.43332, 16.314629 ], [ 80.433101, 16.314143 ], [ 80.43334, 16.314016 ], [ 80.433383, 16.314006 ], [ 80.433469, 16.314017 ], [ 80.43383, 16.314177 ], [ 80.433891, 16.314371 ], [ 80.433665, 16.314425 ] ], [ [ 80.433214, 16.313374 ], [ 80.433234, 16.313396 ], [ 80.43326, 16.313399 ], [ 80.433593, 16.313307 ], [ 80.433669, 16.313627 ], [ 80.433254, 16.313745 ], [ 80.433232, 16.313765 ], [ 80.433229, 16.31379 ], [ 80.433248, 16.313817 ], [ 80.433277, 16.313822 ], [ 80.43369, 16.313706 ], [ 80.433802, 16.314075 ], [ 80.4335, 16.313941 ], [ 80.433434, 16.313927 ], [ 80.433373, 16.313925 ], [ 80.43331, 16.31394 ], [ 80.433152, 16.314026 ], [ 80.433007, 16.313203 ], [ 80.433536, 16.312984 ], [ 80.433577, 16.313227 ], [ 80.433237, 16.313321 ], [ 80.433215, 16.313341 ], [ 80.433214, 16.313374 ] ], [ [ 80.434432, 16.31189 ], [ 80.434508, 16.311621 ], [ 80.434744, 16.311567 ], [ 80.43481, 16.311799 ], [ 80.434432, 16.31189 ] ], [ [ 80.434983, 16.312103 ], [ 80.434914, 16.311857 ], [ 80.435933, 16.31158 ], [ 80.435996, 16.31181 ], [ 80.434983, 16.312103 ] ], [ [ 80.434892, 16.311778 ], [ 80.434826, 16.311547 ], [ 80.435833, 16.311276 ], [ 80.435908, 16.311502 ], [ 80.434892, 16.311778 ] ], [ [ 80.436381, 16.311424 ], [ 80.436368, 16.311398 ], [ 80.436332, 16.311387 ], [ 80.43599, 16.31148 ], [ 80.435914, 16.311255 ], [ 80.436773, 16.311051 ], [ 80.436806, 16.311593 ], [ 80.436077, 16.311788 ], [ 80.436014, 16.311558 ], [ 80.436354, 16.311465 ], [ 80.436374, 16.311449 ], [ 80.436381, 16.311424 ] ], [ [ 80.435891, 16.311177 ], [ 80.435821, 16.310937 ], [ 80.436749, 16.310692 ], [ 80.436768, 16.310969 ], [ 80.435891, 16.311177 ] ], [ [ 80.435797, 16.310859 ], [ 80.435701, 16.310561 ], [ 80.43672, 16.3103 ], [ 80.436742, 16.310609 ], [ 80.435797, 16.310859 ] ], [ [ 80.436695, 16.309974 ], [ 80.436714, 16.310217 ], [ 80.436312, 16.310317 ], [ 80.436246, 16.310069 ], [ 80.436695, 16.309974 ] ], [ [ 80.434836, 16.309999 ], [ 80.434948, 16.309721 ], [ 80.435361, 16.309104 ], [ 80.43569, 16.309032 ], [ 80.435847, 16.309606 ], [ 80.435875, 16.309635 ], [ 80.43667, 16.309493 ], [ 80.436689, 16.309892 ], [ 80.434767, 16.310328 ], [ 80.434836, 16.309999 ] ], [ [ 80.435772, 16.309013 ], [ 80.436616, 16.308772 ], [ 80.436665, 16.309411 ], [ 80.435918, 16.309549 ], [ 80.435772, 16.309013 ] ], [ [ 80.436592, 16.30843 ], [ 80.43661, 16.308689 ], [ 80.435981, 16.308871 ], [ 80.435932, 16.308624 ], [ 80.436592, 16.30843 ] ], [ [ 80.436546, 16.307921 ], [ 80.436571, 16.308181 ], [ 80.43576, 16.308422 ], [ 80.435949, 16.308056 ], [ 80.436546, 16.307921 ] ], [ [ 80.435993, 16.307963 ], [ 80.436227, 16.307463 ], [ 80.436478, 16.307 ], [ 80.436538, 16.307839 ], [ 80.435993, 16.307963 ] ], [ [ 80.437044, 16.305232 ], [ 80.436851, 16.305602 ], [ 80.435874, 16.305126 ], [ 80.435979, 16.304978 ], [ 80.436213, 16.30501 ], [ 80.436753, 16.305117 ], [ 80.436807, 16.305106 ], [ 80.437044, 16.305232 ] ], [ [ 80.437382, 16.304619 ], [ 80.437083, 16.305159 ], [ 80.43687, 16.305046 ], [ 80.437188, 16.304515 ], [ 80.437382, 16.304619 ] ], [ [ 80.434526, 16.311534 ], [ 80.434579, 16.311235 ], [ 80.435739, 16.310957 ], [ 80.435809, 16.311198 ], [ 80.434764, 16.311479 ], [ 80.434526, 16.311534 ] ], [ [ 80.435715, 16.310879 ], [ 80.434597, 16.311146 ], [ 80.434667, 16.310817 ], [ 80.435619, 16.310582 ], [ 80.435715, 16.310879 ] ], [ [ 80.435517, 16.310237 ], [ 80.435595, 16.310504 ], [ 80.434685, 16.310729 ], [ 80.434751, 16.310415 ], [ 80.435517, 16.310237 ] ], [ [ 80.435602, 16.308721 ], [ 80.435851, 16.30865 ], [ 80.435899, 16.308894 ], [ 80.435425, 16.309006 ], [ 80.435602, 16.308721 ] ], [ [ 80.435677, 16.310483 ], [ 80.435599, 16.310218 ], [ 80.436164, 16.310088 ], [ 80.436231, 16.310338 ], [ 80.435677, 16.310483 ] ], [ [ 80.437468, 16.310633 ], [ 80.437102, 16.310725 ], [ 80.437016, 16.309559 ], [ 80.437265, 16.30949 ], [ 80.437468, 16.310633 ] ], [ [ 80.437752, 16.310555 ], [ 80.437549, 16.310611 ], [ 80.437346, 16.309467 ], [ 80.437485, 16.30943 ], [ 80.437752, 16.310555 ] ], [ [ 80.438103, 16.310461 ], [ 80.437833, 16.310533 ], [ 80.437566, 16.309409 ], [ 80.437713, 16.309373 ], [ 80.438103, 16.310461 ] ], [ [ 80.435471, 16.314193 ], [ 80.435533, 16.314432 ], [ 80.435324, 16.314464 ], [ 80.435292, 16.314237 ], [ 80.435471, 16.314193 ] ], [ [ 80.435013, 16.314563 ], [ 80.435292, 16.314551 ], [ 80.435554, 16.314511 ], [ 80.435665, 16.314933 ], [ 80.43509, 16.315129 ], [ 80.435013, 16.314563 ] ], [ [ 80.435884, 16.314353 ], [ 80.435919, 16.314338 ], [ 80.435927, 16.314302 ], [ 80.435804, 16.313976 ], [ 80.436147, 16.313981 ], [ 80.436319, 16.314076 ], [ 80.436492, 16.314066 ], [ 80.436556, 16.314675 ], [ 80.436022, 16.314816 ], [ 80.435745, 16.314906 ], [ 80.435513, 16.31402 ], [ 80.435716, 16.313981 ], [ 80.435847, 16.314326 ], [ 80.435884, 16.314353 ] ], [ [ 80.436639, 16.314655 ], [ 80.436575, 16.314056 ], [ 80.436982, 16.313983 ], [ 80.437027, 16.314585 ], [ 80.436639, 16.314655 ] ], [ [ 80.436202, 16.313634 ], [ 80.436218, 16.313614 ], [ 80.436217, 16.313582 ], [ 80.436199, 16.313564 ], [ 80.436173, 16.313559 ], [ 80.435729, 16.313717 ], [ 80.435636, 16.313395 ], [ 80.436464, 16.313195 ], [ 80.436524, 16.313429 ], [ 80.436541, 16.313447 ], [ 80.436576, 16.31345 ], [ 80.436598, 16.313431 ], [ 80.436603, 16.313406 ], [ 80.436546, 16.313173 ], [ 80.436919, 16.313061 ], [ 80.436974, 16.313902 ], [ 80.436524, 16.313983 ], [ 80.436342, 16.313996 ], [ 80.436167, 16.313901 ], [ 80.435776, 16.313894 ], [ 80.435751, 16.313796 ], [ 80.436202, 16.313634 ] ], [ [ 80.436484, 16.313106 ], [ 80.436228, 16.313168 ], [ 80.436113, 16.312722 ], [ 80.436323, 16.312658 ], [ 80.436875, 16.31252 ], [ 80.436914, 16.312977 ], [ 80.436484, 16.313106 ] ], [ [ 80.436538, 16.311747 ], [ 80.436811, 16.311676 ], [ 80.436869, 16.312321 ], [ 80.43687, 16.312438 ], [ 80.436811, 16.312449 ], [ 80.436538, 16.311747 ] ], [ [ 80.435143, 16.312664 ], [ 80.435005, 16.312181 ], [ 80.435645, 16.31199 ], [ 80.435824, 16.312453 ], [ 80.435143, 16.312664 ] ], [ [ 80.43563, 16.312983 ], [ 80.435647, 16.312965 ], [ 80.435649, 16.31294 ], [ 80.435542, 16.312626 ], [ 80.435962, 16.312495 ], [ 80.436147, 16.313188 ], [ 80.435613, 16.313316 ], [ 80.435565, 16.313163 ], [ 80.43553, 16.313148 ], [ 80.435503, 16.313161 ], [ 80.435492, 16.3132 ], [ 80.435692, 16.313903 ], [ 80.435493, 16.313941 ], [ 80.435387, 16.313515 ], [ 80.435166, 16.312742 ], [ 80.435461, 16.312651 ], [ 80.43557, 16.312965 ], [ 80.4356, 16.312988 ], [ 80.43563, 16.312983 ] ], [ [ 80.436258, 16.312592 ], [ 80.436092, 16.312643 ], [ 80.436042, 16.312471 ], [ 80.4362, 16.312422 ], [ 80.436258, 16.312592 ] ], [ [ 80.435904, 16.312428 ], [ 80.435726, 16.311967 ], [ 80.436019, 16.311888 ], [ 80.436174, 16.312344 ], [ 80.435904, 16.312428 ] ], [ [ 80.4361, 16.311866 ], [ 80.436456, 16.311769 ], [ 80.436728, 16.312467 ], [ 80.436339, 16.312569 ], [ 80.4361, 16.311866 ] ], [ [ 80.439927, 16.300894 ], [ 80.440078, 16.300563 ], [ 80.441345, 16.301217 ], [ 80.44118, 16.301511 ], [ 80.440765, 16.301325 ], [ 80.439927, 16.300894 ] ], [ [ 80.437083, 16.308551 ], [ 80.437271, 16.308185 ], [ 80.4375, 16.3083 ], [ 80.437402, 16.308469 ], [ 80.437083, 16.308551 ] ], [ [ 80.442412, 16.314825 ], [ 80.44068, 16.315233 ], [ 80.440622, 16.314937 ], [ 80.442379, 16.314506 ], [ 80.442439, 16.314795 ], [ 80.442412, 16.314825 ] ], [ [ 80.440816, 16.314624 ], [ 80.440837, 16.314639 ], [ 80.440863, 16.314639 ], [ 80.440884, 16.314625 ], [ 80.440893, 16.314601 ], [ 80.440818, 16.314227 ], [ 80.440945, 16.314203 ], [ 80.440999, 16.314494 ], [ 80.441017, 16.314518 ], [ 80.441051, 16.314522 ], [ 80.441075, 16.314505 ], [ 80.441082, 16.31448 ], [ 80.441028, 16.314187 ], [ 80.441285, 16.314141 ], [ 80.441354, 16.314462 ], [ 80.441369, 16.314482 ], [ 80.441398, 16.31449 ], [ 80.441427, 16.314474 ], [ 80.441435, 16.314446 ], [ 80.441368, 16.314125 ], [ 80.441607, 16.314075 ], [ 80.441688, 16.314398 ], [ 80.441707, 16.31442 ], [ 80.441733, 16.314424 ], [ 80.441762, 16.314407 ], [ 80.441769, 16.314379 ], [ 80.44169, 16.314058 ], [ 80.44193, 16.314011 ], [ 80.441989, 16.314328 ], [ 80.442007, 16.314352 ], [ 80.442032, 16.314358 ], [ 80.442062, 16.314342 ], [ 80.442071, 16.314314 ], [ 80.442013, 16.313997 ], [ 80.44224, 16.313964 ], [ 80.442359, 16.314427 ], [ 80.440605, 16.314857 ], [ 80.440497, 16.31429 ], [ 80.440736, 16.314243 ], [ 80.440816, 16.314624 ] ], [ [ 80.440337, 16.311775 ], [ 80.439992, 16.311862 ], [ 80.439514, 16.309943 ], [ 80.43931, 16.308944 ], [ 80.439612, 16.308841 ], [ 80.440337, 16.311775 ] ], [ [ 80.440615, 16.310623 ], [ 80.440777, 16.311115 ], [ 80.440927, 16.311633 ], [ 80.440418, 16.311755 ], [ 80.439691, 16.308814 ], [ 80.440143, 16.308669 ], [ 80.440491, 16.310071 ], [ 80.440615, 16.310623 ] ], [ [ 80.440582, 16.310091 ], [ 80.440941, 16.31 ], [ 80.441209, 16.310972 ], [ 80.440861, 16.311101 ], [ 80.440696, 16.3106 ], [ 80.440582, 16.310091 ] ], [ [ 80.44129, 16.310948 ], [ 80.441023, 16.30998 ], [ 80.441156, 16.309949 ], [ 80.441403, 16.31092 ], [ 80.44129, 16.310948 ] ], [ [ 80.441484, 16.310899 ], [ 80.441238, 16.30993 ], [ 80.441519, 16.309875 ], [ 80.441774, 16.310824 ], [ 80.441484, 16.310899 ] ], [ [ 80.441606, 16.309874 ], [ 80.441888, 16.309896 ], [ 80.442124, 16.310771 ], [ 80.441857, 16.310808 ], [ 80.441606, 16.309874 ] ], [ [ 80.441273, 16.311036 ], [ 80.441834, 16.310893 ], [ 80.442145, 16.31085 ], [ 80.442276, 16.311354 ], [ 80.441009, 16.311615 ], [ 80.440883, 16.31118 ], [ 80.441273, 16.311036 ] ], [ [ 80.443258, 16.306164 ], [ 80.442659, 16.305839 ], [ 80.442619, 16.305584 ], [ 80.443513, 16.306017 ], [ 80.443258, 16.306164 ] ], [ [ 80.443831, 16.305808 ], [ 80.443597, 16.305967 ], [ 80.442604, 16.305486 ], [ 80.442557, 16.30515 ], [ 80.443676, 16.305716 ], [ 80.443831, 16.305808 ] ], [ [ 80.444281, 16.305524 ], [ 80.443908, 16.305759 ], [ 80.443752, 16.305665 ], [ 80.443919, 16.305332 ], [ 80.444281, 16.305524 ] ], [ [ 80.443679, 16.305625 ], [ 80.44288, 16.305217 ], [ 80.443035, 16.3049 ], [ 80.443844, 16.305294 ], [ 80.443679, 16.305625 ] ], [ [ 80.44411, 16.304946 ], [ 80.444718, 16.305236 ], [ 80.44436, 16.305473 ], [ 80.443956, 16.305258 ], [ 80.44411, 16.304946 ] ], [ [ 80.443881, 16.30522 ], [ 80.443072, 16.304827 ], [ 80.443232, 16.304517 ], [ 80.444035, 16.30491 ], [ 80.443881, 16.30522 ] ], [ [ 80.444992, 16.304925 ], [ 80.445114, 16.304998 ], [ 80.444795, 16.305182 ], [ 80.444148, 16.304873 ], [ 80.444301, 16.30458 ], [ 80.444992, 16.304925 ] ], [ [ 80.444072, 16.304837 ], [ 80.443272, 16.304445 ], [ 80.443435, 16.304161 ], [ 80.444226, 16.304543 ], [ 80.444072, 16.304837 ] ], [ [ 80.44561, 16.304673 ], [ 80.445296, 16.304884 ], [ 80.44525, 16.304852 ], [ 80.4454, 16.304523 ], [ 80.44561, 16.304673 ] ], [ [ 80.445177, 16.304809 ], [ 80.444389, 16.304403 ], [ 80.444528, 16.304111 ], [ 80.445327, 16.30448 ], [ 80.445177, 16.304809 ] ], [ [ 80.444313, 16.304366 ], [ 80.443527, 16.303997 ], [ 80.443704, 16.303676 ], [ 80.444453, 16.304074 ], [ 80.444313, 16.304366 ] ], [ [ 80.444491, 16.304001 ], [ 80.443743, 16.303603 ], [ 80.443889, 16.303313 ], [ 80.44467, 16.303673 ], [ 80.444491, 16.304001 ] ], [ [ 80.444709, 16.303601 ], [ 80.443926, 16.303239 ], [ 80.444075, 16.302941 ], [ 80.444853, 16.303326 ], [ 80.444709, 16.303601 ] ], [ [ 80.444, 16.302905 ], [ 80.44385, 16.303203 ], [ 80.442691, 16.302632 ], [ 80.442818, 16.30237 ], [ 80.444, 16.302905 ] ], [ [ 80.442466, 16.305107 ], [ 80.442579, 16.30587 ], [ 80.442652, 16.306528 ], [ 80.441918, 16.30619 ], [ 80.44106, 16.305815 ], [ 80.441621, 16.30472 ], [ 80.442466, 16.305107 ] ], [ [ 80.441824, 16.304323 ], [ 80.442959, 16.304864 ], [ 80.442805, 16.305179 ], [ 80.441658, 16.304648 ], [ 80.441824, 16.304323 ] ], [ [ 80.442996, 16.304791 ], [ 80.441862, 16.30425 ], [ 80.442021, 16.303941 ], [ 80.443157, 16.30448 ], [ 80.442996, 16.304791 ] ], [ [ 80.440831, 16.30338 ], [ 80.441945, 16.303905 ], [ 80.441786, 16.304215 ], [ 80.440668, 16.303694 ], [ 80.440831, 16.30338 ] ], [ [ 80.441582, 16.304612 ], [ 80.44047, 16.304071 ], [ 80.44063, 16.303767 ], [ 80.441749, 16.304287 ], [ 80.441582, 16.304612 ] ], [ [ 80.441026, 16.303002 ], [ 80.441897, 16.30343 ], [ 80.441757, 16.303726 ], [ 80.440869, 16.303307 ], [ 80.441026, 16.303002 ] ], [ [ 80.440793, 16.303271 ], [ 80.440004, 16.30289 ], [ 80.440175, 16.302574 ], [ 80.440951, 16.302965 ], [ 80.440793, 16.303271 ] ], [ [ 80.440593, 16.303658 ], [ 80.439801, 16.303279 ], [ 80.439966, 16.302963 ], [ 80.440755, 16.303344 ], [ 80.440593, 16.303658 ] ], [ [ 80.440395, 16.304035 ], [ 80.439598, 16.303658 ], [ 80.439762, 16.303352 ], [ 80.440555, 16.303731 ], [ 80.440395, 16.304035 ] ], [ [ 80.440223, 16.308643 ], [ 80.440619, 16.308503 ], [ 80.440976, 16.309908 ], [ 80.440563, 16.310012 ], [ 80.440223, 16.308643 ] ], [ [ 80.441303, 16.30983 ], [ 80.441057, 16.309888 ], [ 80.440699, 16.308477 ], [ 80.440929, 16.308408 ], [ 80.441303, 16.30983 ] ], [ [ 80.441867, 16.309813 ], [ 80.44155, 16.309788 ], [ 80.441385, 16.309814 ], [ 80.44101, 16.308384 ], [ 80.441074, 16.308363 ], [ 80.441466, 16.308176 ], [ 80.441867, 16.309813 ] ], [ [ 80.441634, 16.308509 ], [ 80.441543, 16.308137 ], [ 80.442135, 16.307768 ], [ 80.44232, 16.308294 ], [ 80.441634, 16.308509 ] ], [ [ 80.442206, 16.307717 ], [ 80.442491, 16.307162 ], [ 80.442525, 16.307115 ], [ 80.443008, 16.307365 ], [ 80.443112, 16.307571 ], [ 80.442282, 16.307934 ], [ 80.442206, 16.307717 ] ], [ [ 80.443063, 16.307302 ], [ 80.442565, 16.307044 ], [ 80.442711, 16.306698 ], [ 80.442748, 16.306647 ], [ 80.442812, 16.306619 ], [ 80.442886, 16.306618 ], [ 80.443099, 16.306508 ], [ 80.4433, 16.306379 ], [ 80.443656, 16.307324 ], [ 80.443188, 16.307537 ], [ 80.443063, 16.307302 ] ], [ [ 80.443686, 16.307401 ], [ 80.443835, 16.307785 ], [ 80.442892, 16.308152 ], [ 80.442774, 16.307815 ], [ 80.443686, 16.307401 ] ], [ [ 80.442309, 16.308011 ], [ 80.442697, 16.307848 ], [ 80.442963, 16.308609 ], [ 80.442563, 16.308731 ], [ 80.442309, 16.308011 ] ], [ [ 80.442765, 16.306472 ], [ 80.442752, 16.306496 ], [ 80.442734, 16.306504 ], [ 80.442671, 16.305939 ], [ 80.443176, 16.306213 ], [ 80.442765, 16.306472 ] ], [ [ 80.439299, 16.310217 ], [ 80.439226, 16.309759 ], [ 80.439066, 16.309021 ], [ 80.43923, 16.30897 ], [ 80.439432, 16.30996 ], [ 80.439911, 16.311881 ], [ 80.439688, 16.311927 ], [ 80.439449, 16.311249 ], [ 80.439342, 16.310651 ], [ 80.439299, 16.310217 ] ], [ [ 80.440093, 16.312393 ], [ 80.440222, 16.312735 ], [ 80.440032, 16.312779 ], [ 80.439893, 16.312442 ], [ 80.440093, 16.312393 ] ], [ [ 80.439717, 16.312004 ], [ 80.439934, 16.311959 ], [ 80.440064, 16.312316 ], [ 80.439861, 16.312365 ], [ 80.439717, 16.312004 ] ], [ [ 80.439467, 16.311559 ], [ 80.43962, 16.311988 ], [ 80.439779, 16.312386 ], [ 80.439413, 16.312483 ], [ 80.43912, 16.311671 ], [ 80.439467, 16.311559 ] ], [ [ 80.439931, 16.312755 ], [ 80.43958, 16.312864 ], [ 80.439444, 16.312559 ], [ 80.43981, 16.312462 ], [ 80.439931, 16.312755 ] ], [ [ 80.442208, 16.306418 ], [ 80.44261, 16.306599 ], [ 80.442583, 16.30664 ], [ 80.442425, 16.307017 ], [ 80.442385, 16.307071 ], [ 80.441974, 16.306953 ], [ 80.442208, 16.306418 ] ], [ [ 80.440663, 16.308346 ], [ 80.440613, 16.308277 ], [ 80.44031, 16.308129 ], [ 80.440157, 16.308072 ], [ 80.440125, 16.308079 ], [ 80.44011, 16.308097 ], [ 80.44008, 16.308245 ], [ 80.439856, 16.308162 ], [ 80.440406, 16.30709 ], [ 80.441074, 16.30737 ], [ 80.441104, 16.307371 ], [ 80.441127, 16.307352 ], [ 80.441131, 16.307319 ], [ 80.441107, 16.307295 ], [ 80.440443, 16.307017 ], [ 80.440633, 16.306644 ], [ 80.441089, 16.30683 ], [ 80.441114, 16.30683 ], [ 80.441133, 16.306815 ], [ 80.441135, 16.306787 ], [ 80.441116, 16.306767 ], [ 80.440665, 16.306583 ], [ 80.441022, 16.305888 ], [ 80.441844, 16.306247 ], [ 80.441567, 16.306822 ], [ 80.441574, 16.306866 ], [ 80.441903, 16.307018 ], [ 80.442344, 16.307144 ], [ 80.442093, 16.307632 ], [ 80.441453, 16.308031 ], [ 80.441016, 16.308239 ], [ 80.440663, 16.308346 ] ], [ [ 80.441984, 16.306312 ], [ 80.441731, 16.306852 ], [ 80.441661, 16.30682 ], [ 80.44192, 16.306282 ], [ 80.441984, 16.306312 ] ], [ [ 80.442132, 16.306383 ], [ 80.441895, 16.306925 ], [ 80.441808, 16.306886 ], [ 80.44206, 16.306348 ], [ 80.442132, 16.306383 ] ], [ [ 80.438658, 16.308085 ], [ 80.438634, 16.308143 ], [ 80.438379, 16.308188 ], [ 80.438472, 16.307996 ], [ 80.438658, 16.308085 ] ], [ [ 80.439767, 16.308152 ], [ 80.439614, 16.308477 ], [ 80.438506, 16.307921 ], [ 80.438663, 16.307608 ], [ 80.439767, 16.308152 ] ], [ [ 80.439966, 16.307764 ], [ 80.439804, 16.308079 ], [ 80.4387, 16.307535 ], [ 80.438858, 16.307233 ], [ 80.439966, 16.307764 ] ], [ [ 80.438728, 16.308297 ], [ 80.438708, 16.308184 ], [ 80.438734, 16.308122 ], [ 80.439585, 16.308555 ], [ 80.43957, 16.308653 ], [ 80.439577, 16.308709 ], [ 80.439021, 16.308893 ], [ 80.438728, 16.308297 ] ], [ [ 80.439674, 16.308547 ], [ 80.43982, 16.308236 ], [ 80.440065, 16.308326 ], [ 80.440034, 16.308561 ], [ 80.439658, 16.308682 ], [ 80.439657, 16.308614 ], [ 80.439674, 16.308547 ] ], [ [ 80.440946, 16.305853 ], [ 80.440802, 16.306134 ], [ 80.439677, 16.305617 ], [ 80.439835, 16.305307 ], [ 80.440946, 16.305853 ] ], [ [ 80.440004, 16.307691 ], [ 80.438896, 16.307161 ], [ 80.439065, 16.306843 ], [ 80.440162, 16.307382 ], [ 80.440004, 16.307691 ] ], [ [ 80.439103, 16.306771 ], [ 80.439254, 16.306466 ], [ 80.440353, 16.30701 ], [ 80.4402, 16.307309 ], [ 80.439103, 16.306771 ] ], [ [ 80.44039, 16.306937 ], [ 80.439292, 16.306393 ], [ 80.43945, 16.306088 ], [ 80.440554, 16.306616 ], [ 80.44039, 16.306937 ] ], [ [ 80.440764, 16.306207 ], [ 80.440591, 16.306543 ], [ 80.439487, 16.306015 ], [ 80.439641, 16.305691 ], [ 80.440764, 16.306207 ] ], [ [ 80.439601, 16.305582 ], [ 80.438808, 16.3052 ], [ 80.438969, 16.304889 ], [ 80.43976, 16.30527 ], [ 80.439601, 16.305582 ] ], [ [ 80.438771, 16.305273 ], [ 80.439565, 16.305655 ], [ 80.439411, 16.305979 ], [ 80.43861, 16.30559 ], [ 80.438771, 16.305273 ] ], [ [ 80.438587, 16.307572 ], [ 80.43843, 16.307886 ], [ 80.437624, 16.307517 ], [ 80.437785, 16.307204 ], [ 80.438587, 16.307572 ] ], [ [ 80.438782, 16.307197 ], [ 80.438624, 16.307499 ], [ 80.437822, 16.307131 ], [ 80.43798, 16.306809 ], [ 80.438782, 16.307197 ] ], [ [ 80.43882, 16.307124 ], [ 80.438017, 16.306736 ], [ 80.438173, 16.306437 ], [ 80.438989, 16.306808 ], [ 80.43882, 16.307124 ] ], [ [ 80.439027, 16.306735 ], [ 80.438212, 16.306365 ], [ 80.438379, 16.306046 ], [ 80.439179, 16.306429 ], [ 80.439027, 16.306735 ] ], [ [ 80.439216, 16.306356 ], [ 80.438416, 16.305973 ], [ 80.438573, 16.305663 ], [ 80.439375, 16.306052 ], [ 80.439216, 16.306356 ] ], [ [ 80.440181, 16.308168 ], [ 80.440567, 16.308346 ], [ 80.440583, 16.308371 ], [ 80.440121, 16.308533 ], [ 80.440181, 16.308168 ] ], [ [ 80.438211, 16.310518 ], [ 80.43922, 16.310272 ], [ 80.439255, 16.310626 ], [ 80.438313, 16.310858 ], [ 80.438211, 16.310518 ] ], [ [ 80.438468, 16.311377 ], [ 80.438338, 16.310936 ], [ 80.439267, 16.310707 ], [ 80.439322, 16.311026 ], [ 80.438468, 16.311377 ] ], [ [ 80.438816, 16.311454 ], [ 80.438837, 16.311474 ], [ 80.438868, 16.311476 ], [ 80.439381, 16.31131 ], [ 80.43944, 16.311482 ], [ 80.438586, 16.311753 ], [ 80.43849, 16.311456 ], [ 80.439337, 16.311108 ], [ 80.43936, 16.311231 ], [ 80.438837, 16.3114 ], [ 80.438816, 16.311421 ], [ 80.438816, 16.311454 ] ], [ [ 80.438999, 16.310242 ], [ 80.438678, 16.31032 ], [ 80.438598, 16.310006 ], [ 80.438921, 16.309897 ], [ 80.438999, 16.310242 ] ], [ [ 80.43908, 16.310223 ], [ 80.439001, 16.309871 ], [ 80.439151, 16.30982 ], [ 80.439211, 16.310191 ], [ 80.43908, 16.310223 ] ], [ [ 80.4395, 16.312889 ], [ 80.439058, 16.313027 ], [ 80.438915, 16.312703 ], [ 80.439362, 16.312581 ], [ 80.4395, 16.312889 ] ], [ [ 80.438612, 16.31183 ], [ 80.43904, 16.311697 ], [ 80.439332, 16.312504 ], [ 80.438885, 16.312627 ], [ 80.438612, 16.31183 ] ], [ [ 80.438977, 16.313052 ], [ 80.438638, 16.313157 ], [ 80.438498, 16.312822 ], [ 80.438833, 16.312726 ], [ 80.438977, 16.313052 ] ], [ [ 80.438467, 16.312746 ], [ 80.438159, 16.31197 ], [ 80.438532, 16.311855 ], [ 80.438804, 16.31265 ], [ 80.438467, 16.312746 ] ], [ [ 80.438762, 16.313592 ], [ 80.439153, 16.313471 ], [ 80.439428, 16.314328 ], [ 80.439081, 16.314412 ], [ 80.438762, 16.313592 ] ], [ [ 80.439622, 16.313335 ], [ 80.439885, 16.314203 ], [ 80.439509, 16.314307 ], [ 80.439234, 16.313447 ], [ 80.439622, 16.313335 ] ], [ [ 80.440186, 16.313426 ], [ 80.439768, 16.313526 ], [ 80.439702, 16.313311 ], [ 80.440101, 16.313189 ], [ 80.440186, 16.313426 ] ], [ [ 80.440211, 16.313505 ], [ 80.440365, 16.314105 ], [ 80.439966, 16.314183 ], [ 80.439792, 16.313604 ], [ 80.440211, 16.313505 ] ], [ [ 80.440093, 16.314835 ], [ 80.439987, 16.314262 ], [ 80.440385, 16.314184 ], [ 80.440499, 16.314758 ], [ 80.440093, 16.314835 ] ], [ [ 80.44001, 16.31485 ], [ 80.439202, 16.315009 ], [ 80.43913, 16.314679 ], [ 80.439954, 16.314516 ], [ 80.44001, 16.31485 ] ], [ [ 80.439939, 16.314436 ], [ 80.439116, 16.314599 ], [ 80.439101, 16.314491 ], [ 80.439905, 16.314282 ], [ 80.439939, 16.314436 ] ], [ [ 80.442242, 16.303955 ], [ 80.441833, 16.303761 ], [ 80.441973, 16.303465 ], [ 80.442381, 16.303661 ], [ 80.442242, 16.303955 ] ], [ [ 80.443359, 16.304125 ], [ 80.443196, 16.304408 ], [ 80.442317, 16.303991 ], [ 80.442456, 16.303698 ], [ 80.443359, 16.304125 ] ], [ [ 80.442234, 16.303377 ], [ 80.441116, 16.302828 ], [ 80.44126, 16.30255 ], [ 80.442384, 16.303051 ], [ 80.442234, 16.303377 ] ], [ [ 80.44242, 16.302978 ], [ 80.441298, 16.302477 ], [ 80.441465, 16.302148 ], [ 80.442579, 16.302669 ], [ 80.44242, 16.302978 ] ], [ [ 80.442654, 16.302705 ], [ 80.443814, 16.303276 ], [ 80.443668, 16.303567 ], [ 80.443058, 16.303295 ], [ 80.442496, 16.303013 ], [ 80.442654, 16.302705 ] ], [ [ 80.442742, 16.302336 ], [ 80.442615, 16.302595 ], [ 80.441504, 16.302075 ], [ 80.441636, 16.301831 ], [ 80.442742, 16.302336 ] ], [ [ 80.443451, 16.303962 ], [ 80.442502, 16.303522 ], [ 80.442308, 16.303415 ], [ 80.44246, 16.303087 ], [ 80.443021, 16.303368 ], [ 80.443629, 16.303639 ], [ 80.443451, 16.303962 ] ], [ [ 80.441755, 16.309003 ], [ 80.441653, 16.308589 ], [ 80.442347, 16.308371 ], [ 80.442483, 16.308757 ], [ 80.441755, 16.309003 ] ], [ [ 80.441775, 16.309082 ], [ 80.44255, 16.308821 ], [ 80.44299, 16.308686 ], [ 80.443141, 16.309141 ], [ 80.441871, 16.309474 ], [ 80.441775, 16.309082 ] ], [ [ 80.441956, 16.30982 ], [ 80.44189, 16.309553 ], [ 80.443167, 16.309219 ], [ 80.443283, 16.309566 ], [ 80.442495, 16.309761 ], [ 80.442469, 16.30979 ], [ 80.442477, 16.309858 ], [ 80.441956, 16.30982 ] ], [ [ 80.443364, 16.309855 ], [ 80.443009, 16.309869 ], [ 80.442563, 16.309862 ], [ 80.442557, 16.309829 ], [ 80.443306, 16.309644 ], [ 80.443364, 16.309855 ] ], [ [ 80.444746, 16.303709 ], [ 80.445528, 16.3041 ], [ 80.445364, 16.304407 ], [ 80.444566, 16.304038 ], [ 80.444746, 16.303709 ] ], [ [ 80.445714, 16.303726 ], [ 80.445565, 16.304027 ], [ 80.444784, 16.303637 ], [ 80.444928, 16.303361 ], [ 80.445714, 16.303726 ] ], [ [ 80.446074, 16.304327 ], [ 80.445639, 16.304067 ], [ 80.445789, 16.303763 ], [ 80.446407, 16.304082 ], [ 80.446074, 16.304327 ] ], [ [ 80.445325, 16.302536 ], [ 80.445036, 16.303027 ], [ 80.444284, 16.302649 ], [ 80.444368, 16.302185 ], [ 80.445325, 16.302536 ] ], [ [ 80.445161, 16.302981 ], [ 80.445298, 16.302739 ], [ 80.446026, 16.303123 ], [ 80.44591, 16.30334 ], [ 80.445161, 16.302981 ] ], [ [ 80.446479, 16.304027 ], [ 80.445826, 16.30369 ], [ 80.445947, 16.30345 ], [ 80.446709, 16.30384 ], [ 80.446479, 16.304027 ] ], [ [ 80.445119, 16.303052 ], [ 80.445872, 16.303413 ], [ 80.445751, 16.303653 ], [ 80.445151, 16.303372 ], [ 80.445246, 16.303154 ], [ 80.445228, 16.303123 ], [ 80.445111, 16.303065 ], [ 80.445119, 16.303052 ] ], [ [ 80.446098, 16.303166 ], [ 80.446891, 16.303692 ], [ 80.446776, 16.303783 ], [ 80.445985, 16.303377 ], [ 80.446098, 16.303166 ] ], [ [ 80.44566, 16.305429 ], [ 80.445502, 16.305004 ], [ 80.445863, 16.30473 ], [ 80.446043, 16.305257 ], [ 80.44566, 16.305429 ] ], [ [ 80.445786, 16.305842 ], [ 80.445686, 16.305507 ], [ 80.446145, 16.305301 ], [ 80.446282, 16.305611 ], [ 80.445786, 16.305842 ] ], [ [ 80.445935, 16.304679 ], [ 80.446279, 16.30443 ], [ 80.446494, 16.305054 ], [ 80.446119, 16.305223 ], [ 80.445935, 16.304679 ] ], [ [ 80.445436, 16.304448 ], [ 80.445601, 16.30414 ], [ 80.446002, 16.30438 ], [ 80.44568, 16.304622 ], [ 80.445436, 16.304448 ] ], [ [ 80.446395, 16.305878 ], [ 80.445862, 16.306098 ], [ 80.445809, 16.305921 ], [ 80.446315, 16.305686 ], [ 80.446395, 16.305878 ] ], [ [ 80.445886, 16.306176 ], [ 80.446425, 16.305954 ], [ 80.446546, 16.306285 ], [ 80.445995, 16.306521 ], [ 80.445886, 16.306176 ] ], [ [ 80.443625, 16.30095 ], [ 80.443666, 16.300932 ], [ 80.443718, 16.300831 ], [ 80.443853, 16.300897 ], [ 80.443756, 16.301074 ], [ 80.443607, 16.300997 ], [ 80.443625, 16.30095 ] ], [ [ 80.443568, 16.314016 ], [ 80.44355, 16.313668 ], [ 80.44373, 16.313604 ], [ 80.443738, 16.314011 ], [ 80.443568, 16.314016 ] ], [ [ 80.447247, 16.306375 ], [ 80.447211, 16.306542 ], [ 80.447088, 16.30659 ], [ 80.447019, 16.306436 ], [ 80.447247, 16.306375 ] ], [ [ 80.447045, 16.306697 ], [ 80.447117, 16.306851 ], [ 80.447149, 16.306882 ], [ 80.447122, 16.307123 ], [ 80.445641, 16.307718 ], [ 80.445634, 16.307355 ], [ 80.446166, 16.307097 ], [ 80.447045, 16.306697 ] ], [ [ 80.447203, 16.314592 ], [ 80.447451, 16.314591 ], [ 80.44745, 16.315328 ], [ 80.447198, 16.315334 ], [ 80.447203, 16.314592 ] ], [ [ 80.44739, 16.314117 ], [ 80.447368, 16.31413 ], [ 80.447358, 16.314162 ], [ 80.447369, 16.314184 ], [ 80.447392, 16.314196 ], [ 80.447823, 16.314184 ], [ 80.447858, 16.314504 ], [ 80.447199, 16.314511 ], [ 80.447136, 16.313838 ], [ 80.447782, 16.313823 ], [ 80.447814, 16.314103 ], [ 80.44739, 16.314117 ] ], [ [ 80.447055, 16.313163 ], [ 80.447009, 16.313161 ], [ 80.446988, 16.313196 ], [ 80.447044, 16.313758 ], [ 80.446759, 16.313757 ], [ 80.446687, 16.313169 ], [ 80.446672, 16.313144 ], [ 80.446644, 16.313134 ], [ 80.446613, 16.313147 ], [ 80.446603, 16.313179 ], [ 80.446674, 16.313761 ], [ 80.446405, 16.313785 ], [ 80.446272, 16.312439 ], [ 80.446682, 16.312421 ], [ 80.446723, 16.312931 ], [ 80.446583, 16.312954 ], [ 80.446567, 16.312996 ], [ 80.446596, 16.313025 ], [ 80.44728, 16.312926 ], [ 80.447674, 16.312882 ], [ 80.447773, 16.313742 ], [ 80.447128, 16.313757 ], [ 80.447072, 16.313192 ], [ 80.447055, 16.313163 ] ], [ [ 80.447425, 16.312825 ], [ 80.446806, 16.312919 ], [ 80.446766, 16.31242 ], [ 80.447621, 16.312424 ], [ 80.447665, 16.312801 ], [ 80.447425, 16.312825 ] ], [ [ 80.446221, 16.31236 ], [ 80.445203, 16.312509 ], [ 80.445153, 16.312151 ], [ 80.446006, 16.312046 ], [ 80.446033, 16.312033 ], [ 80.446043, 16.312005 ], [ 80.446028, 16.311975 ], [ 80.445996, 16.311966 ], [ 80.445145, 16.31207 ], [ 80.445081, 16.311452 ], [ 80.446021, 16.311539 ], [ 80.447507, 16.311603 ], [ 80.447611, 16.312342 ], [ 80.44672, 16.312338 ], [ 80.446221, 16.31236 ] ], [ [ 80.447433, 16.310131 ], [ 80.447343, 16.309478 ], [ 80.447749, 16.309401 ], [ 80.447872, 16.310092 ], [ 80.447433, 16.310131 ] ], [ [ 80.44721, 16.307093 ], [ 80.447232, 16.306895 ], [ 80.447796, 16.306708 ], [ 80.447862, 16.306894 ], [ 80.44721, 16.307093 ] ], [ [ 80.447248, 16.306804 ], [ 80.447286, 16.306601 ], [ 80.447698, 16.306439 ], [ 80.447768, 16.306631 ], [ 80.447248, 16.306804 ] ], [ [ 80.447305, 16.306506 ], [ 80.447358, 16.306249 ], [ 80.447602, 16.306174 ], [ 80.44767, 16.306362 ], [ 80.447305, 16.306506 ] ], [ [ 80.447122, 16.306664 ], [ 80.447193, 16.306637 ], [ 80.447169, 16.306765 ], [ 80.447122, 16.306664 ] ], [ [ 80.445182, 16.312596 ], [ 80.445317, 16.312571 ], [ 80.445251, 16.314574 ], [ 80.444984, 16.314582 ], [ 80.445031, 16.312679 ], [ 80.445182, 16.312596 ] ], [ [ 80.445335, 16.314572 ], [ 80.445402, 16.312556 ], [ 80.445665, 16.312517 ], [ 80.445624, 16.314563 ], [ 80.445335, 16.314572 ] ], [ [ 80.445956, 16.313222 ], [ 80.445918, 16.313228 ], [ 80.445901, 16.313265 ], [ 80.445976, 16.313864 ], [ 80.446034, 16.314549 ], [ 80.445709, 16.314561 ], [ 80.44575, 16.312505 ], [ 80.446189, 16.312447 ], [ 80.446321, 16.313792 ], [ 80.446055, 16.313816 ], [ 80.445985, 16.313256 ], [ 80.445956, 16.313222 ] ], [ [ 80.446064, 16.313897 ], [ 80.446329, 16.313873 ], [ 80.446398, 16.314532 ], [ 80.446118, 16.314545 ], [ 80.446064, 16.313897 ] ], [ [ 80.446483, 16.314529 ], [ 80.446413, 16.313866 ], [ 80.446683, 16.313841 ], [ 80.446751, 16.314525 ], [ 80.446483, 16.314529 ] ], [ [ 80.446835, 16.314523 ], [ 80.446767, 16.313838 ], [ 80.447052, 16.313839 ], [ 80.447115, 16.314513 ], [ 80.446835, 16.314523 ] ], [ [ 80.445957, 16.311089 ], [ 80.445027, 16.311025 ], [ 80.445002, 16.310729 ], [ 80.445936, 16.310784 ], [ 80.445957, 16.311089 ] ], [ [ 80.445963, 16.311171 ], [ 80.445979, 16.311453 ], [ 80.445072, 16.311369 ], [ 80.445036, 16.311107 ], [ 80.445963, 16.311171 ] ], [ [ 80.446064, 16.311459 ], [ 80.44602, 16.31079 ], [ 80.446805, 16.310804 ], [ 80.446822, 16.311492 ], [ 80.446064, 16.311459 ] ], [ [ 80.447172, 16.311268 ], [ 80.447151, 16.311282 ], [ 80.447142, 16.311314 ], [ 80.447155, 16.311336 ], [ 80.447178, 16.311347 ], [ 80.447477, 16.311329 ], [ 80.447498, 16.311521 ], [ 80.446907, 16.311496 ], [ 80.44689, 16.310808 ], [ 80.447433, 16.310841 ], [ 80.447469, 16.311248 ], [ 80.447172, 16.311268 ] ], [ [ 80.444896, 16.307623 ], [ 80.44555, 16.30739 ], [ 80.445557, 16.307747 ], [ 80.444993, 16.307898 ], [ 80.444896, 16.307623 ] ], [ [ 80.447077, 16.307411 ], [ 80.447054, 16.307675 ], [ 80.445706, 16.308167 ], [ 80.445647, 16.307803 ], [ 80.447108, 16.307216 ], [ 80.447077, 16.307411 ] ], [ [ 80.447031, 16.307865 ], [ 80.447126, 16.308544 ], [ 80.446946, 16.30859 ], [ 80.44676, 16.307869 ], [ 80.447043, 16.307766 ], [ 80.447031, 16.307865 ] ], [ [ 80.446287, 16.308759 ], [ 80.446263, 16.308776 ], [ 80.446256, 16.308804 ], [ 80.446275, 16.308832 ], [ 80.446304, 16.308838 ], [ 80.447137, 16.308625 ], [ 80.447235, 16.30931 ], [ 80.445939, 16.309607 ], [ 80.445719, 16.308249 ], [ 80.446681, 16.307898 ], [ 80.446864, 16.308611 ], [ 80.446287, 16.308759 ] ], [ [ 80.446376, 16.309852 ], [ 80.446394, 16.309875 ], [ 80.446424, 16.30988 ], [ 80.447291, 16.309721 ], [ 80.447425, 16.310759 ], [ 80.446848, 16.310724 ], [ 80.446099, 16.310713 ], [ 80.445951, 16.309688 ], [ 80.447246, 16.309391 ], [ 80.44728, 16.30964 ], [ 80.446408, 16.309801 ], [ 80.44638, 16.309819 ], [ 80.446376, 16.309852 ] ], [ [ 80.444133, 16.307133 ], [ 80.443987, 16.306778 ], [ 80.444457, 16.306601 ], [ 80.444568, 16.306947 ], [ 80.444133, 16.307133 ] ], [ [ 80.444561, 16.31151 ], [ 80.444997, 16.311452 ], [ 80.445019, 16.311669 ], [ 80.444591, 16.311731 ], [ 80.444561, 16.31151 ] ], [ [ 80.443519, 16.311673 ], [ 80.444478, 16.311522 ], [ 80.444508, 16.311744 ], [ 80.443563, 16.311888 ], [ 80.443519, 16.311673 ] ], [ [ 80.443605, 16.312164 ], [ 80.443577, 16.311968 ], [ 80.444518, 16.311825 ], [ 80.444544, 16.312049 ], [ 80.443605, 16.312164 ] ], [ [ 80.443617, 16.312244 ], [ 80.444553, 16.31213 ], [ 80.444565, 16.312242 ], [ 80.443635, 16.312351 ], [ 80.443617, 16.312244 ] ], [ [ 80.444648, 16.312233 ], [ 80.444601, 16.311812 ], [ 80.445027, 16.311751 ], [ 80.445072, 16.312183 ], [ 80.444648, 16.312233 ] ], [ [ 80.444157, 16.313998 ], [ 80.443822, 16.314008 ], [ 80.443815, 16.313601 ], [ 80.444156, 16.313587 ], [ 80.444157, 16.313998 ] ], [ [ 80.44789, 16.302454 ], [ 80.447943, 16.302651 ], [ 80.447515, 16.302999 ], [ 80.447333, 16.30278 ], [ 80.447297, 16.30265 ], [ 80.44789, 16.302454 ] ] ], [ [ [ 80.433087, 16.315255 ], [ 80.433055, 16.315223 ], [ 80.433029, 16.315226 ], [ 80.43301, 16.315242 ], [ 80.433004, 16.315267 ], [ 80.433022, 16.315354 ], [ 80.433108, 16.315354 ], [ 80.433087, 16.315255 ] ] ], [ [ [ 80.44042, 16.29921 ], [ 80.440315, 16.299175 ], [ 80.438921, 16.29898 ], [ 80.438225, 16.298979 ], [ 80.438367, 16.299023 ], [ 80.439112, 16.299151 ], [ 80.440288, 16.299308 ], [ 80.440454, 16.299363 ], [ 80.440488, 16.299355 ], [ 80.440515, 16.299331 ], [ 80.440687, 16.298985 ], [ 80.440531, 16.298985 ], [ 80.44042, 16.29921 ] ] ], [ [ [ 80.426279, 16.300717 ], [ 80.426277, 16.300742 ], [ 80.42626, 16.300764 ], [ 80.42624, 16.300769 ], [ 80.42624, 16.300984 ], [ 80.426511, 16.301678 ], [ 80.426237, 16.301764 ], [ 80.426237, 16.301847 ], [ 80.426254, 16.301844 ], [ 80.426237, 16.301851 ], [ 80.426237, 16.301941 ], [ 80.426367, 16.301891 ], [ 80.426237, 16.301987 ], [ 80.426236, 16.302211 ], [ 80.426766, 16.301812 ], [ 80.427472, 16.301302 ], [ 80.427664, 16.301534 ], [ 80.427701, 16.301549 ], [ 80.428254, 16.301178 ], [ 80.428381, 16.301356 ], [ 80.428443, 16.301411 ], [ 80.428512, 16.301427 ], [ 80.430493, 16.300961 ], [ 80.43051, 16.300943 ], [ 80.430512, 16.300914 ], [ 80.430215, 16.300036 ], [ 80.42993, 16.299453 ], [ 80.430223, 16.299189 ], [ 80.430606, 16.299623 ], [ 80.430722, 16.299828 ], [ 80.430724, 16.299855 ], [ 80.430458, 16.300021 ], [ 80.430451, 16.300045 ], [ 80.43046, 16.300068 ], [ 80.430481, 16.300082 ], [ 80.430507, 16.300081 ], [ 80.430782, 16.299916 ], [ 80.430799, 16.299895 ], [ 80.430811, 16.299854 ], [ 80.430801, 16.299799 ], [ 80.430697, 16.299615 ], [ 80.431876, 16.298962 ], [ 80.431707, 16.298961 ], [ 80.43065, 16.299547 ], [ 80.430291, 16.299141 ], [ 80.430547, 16.298958 ], [ 80.430192, 16.298957 ], [ 80.430047, 16.299078 ], [ 80.430015, 16.299088 ], [ 80.429959, 16.298956 ], [ 80.429868, 16.298956 ], [ 80.429941, 16.299128 ], [ 80.429599, 16.299376 ], [ 80.429462, 16.299209 ], [ 80.429307, 16.298958 ], [ 80.429315, 16.298955 ], [ 80.429137, 16.298954 ], [ 80.428623, 16.299255 ], [ 80.428543, 16.299128 ], [ 80.428499, 16.299117 ], [ 80.428476, 16.299136 ], [ 80.428473, 16.299169 ], [ 80.428551, 16.299297 ], [ 80.428433, 16.299368 ], [ 80.428422, 16.299411 ], [ 80.428783, 16.300008 ], [ 80.428605, 16.30014 ], [ 80.427925, 16.298951 ], [ 80.427835, 16.298951 ], [ 80.427844, 16.298975 ], [ 80.427503, 16.299101 ], [ 80.427441, 16.29895 ], [ 80.42735, 16.298949 ], [ 80.427424, 16.299129 ], [ 80.427069, 16.299252 ], [ 80.426945, 16.298948 ], [ 80.426855, 16.298948 ], [ 80.427008, 16.299322 ], [ 80.427245, 16.299737 ], [ 80.426866, 16.299958 ], [ 80.426536, 16.29937 ], [ 80.426442, 16.299078 ], [ 80.426374, 16.299143 ], [ 80.42646, 16.299405 ], [ 80.426813, 16.300035 ], [ 80.427009, 16.300333 ], [ 80.42703, 16.300345 ], [ 80.427058, 16.300342 ], [ 80.427496, 16.300132 ], [ 80.427744, 16.3006 ], [ 80.427319, 16.300818 ], [ 80.426952, 16.300974 ], [ 80.426779, 16.300659 ], [ 80.426793, 16.300611 ], [ 80.426778, 16.300568 ], [ 80.426243, 16.299831 ], [ 80.426243, 16.299972 ], [ 80.426707, 16.300614 ], [ 80.426644, 16.300636 ], [ 80.426613, 16.300623 ], [ 80.426353, 16.300266 ], [ 80.426242, 16.300159 ], [ 80.426242, 16.300273 ], [ 80.426288, 16.300317 ], [ 80.426556, 16.300684 ], [ 80.426613, 16.300715 ], [ 80.426658, 16.300717 ], [ 80.426707, 16.300701 ], [ 80.426875, 16.301007 ], [ 80.426814, 16.301037 ], [ 80.426807, 16.301076 ], [ 80.426983, 16.301362 ], [ 80.426786, 16.301523 ], [ 80.426512, 16.301005 ], [ 80.426485, 16.300982 ], [ 80.426449, 16.300975 ], [ 80.426335, 16.300995 ], [ 80.426273, 16.300845 ], [ 80.426312, 16.30083 ], [ 80.426354, 16.300778 ], [ 80.426364, 16.300706 ], [ 80.426241, 16.300424 ], [ 80.426241, 16.30063 ], [ 80.426279, 16.300717 ] ], [ [ 80.427758, 16.299749 ], [ 80.427774, 16.299729 ], [ 80.427775, 16.299704 ], [ 80.427695, 16.299557 ], [ 80.428076, 16.29939 ], [ 80.428538, 16.30019 ], [ 80.427886, 16.300668 ], [ 80.427836, 16.300596 ], [ 80.427552, 16.300058 ], [ 80.427455, 16.299908 ], [ 80.427758, 16.299749 ] ], [ [ 80.428035, 16.299318 ], [ 80.42766, 16.299483 ], [ 80.427534, 16.299176 ], [ 80.427879, 16.299049 ], [ 80.428035, 16.299318 ] ], [ [ 80.426552, 16.30175 ], [ 80.426515, 16.301779 ], [ 80.426396, 16.301802 ], [ 80.426552, 16.30175 ] ], [ [ 80.4276, 16.299557 ], [ 80.427678, 16.299699 ], [ 80.42741, 16.299839 ], [ 80.427106, 16.299326 ], [ 80.427455, 16.299205 ], [ 80.4276, 16.299557 ] ], [ [ 80.42782, 16.300718 ], [ 80.427049, 16.30131 ], [ 80.426907, 16.301082 ], [ 80.427356, 16.300891 ], [ 80.427786, 16.30067 ], [ 80.42782, 16.300718 ] ], [ [ 80.427454, 16.300061 ], [ 80.427055, 16.300253 ], [ 80.426908, 16.300028 ], [ 80.427289, 16.299806 ], [ 80.427454, 16.300061 ] ], [ [ 80.426446, 16.301056 ], [ 80.426717, 16.301571 ], [ 80.426588, 16.301643 ], [ 80.426366, 16.301072 ], [ 80.426446, 16.301056 ] ], [ [ 80.429184, 16.29948 ], [ 80.429158, 16.299458 ], [ 80.429128, 16.29946 ], [ 80.428702, 16.299702 ], [ 80.428519, 16.299411 ], [ 80.429232, 16.298994 ], [ 80.429392, 16.299255 ], [ 80.429533, 16.299426 ], [ 80.42885, 16.299957 ], [ 80.428745, 16.299773 ], [ 80.429167, 16.299532 ], [ 80.429186, 16.299509 ], [ 80.429184, 16.29948 ] ], [ [ 80.42975, 16.300262 ], [ 80.429727, 16.300391 ], [ 80.429176, 16.300689 ], [ 80.429101, 16.300552 ], [ 80.428896, 16.300238 ], [ 80.429573, 16.299721 ], [ 80.429806, 16.300204 ], [ 80.42975, 16.300262 ] ], [ [ 80.429879, 16.300163 ], [ 80.429641, 16.29967 ], [ 80.429863, 16.299506 ], [ 80.43012, 16.300032 ], [ 80.429879, 16.300163 ] ], [ [ 80.429821, 16.300321 ], [ 80.429843, 16.300277 ], [ 80.430151, 16.300108 ], [ 80.430418, 16.300897 ], [ 80.429326, 16.301157 ], [ 80.429266, 16.300987 ], [ 80.429243, 16.300822 ], [ 80.429214, 16.300761 ], [ 80.429785, 16.300451 ], [ 80.429815, 16.300401 ], [ 80.429821, 16.300321 ] ], [ [ 80.427705, 16.301453 ], [ 80.427539, 16.301252 ], [ 80.428025, 16.300885 ], [ 80.428205, 16.301112 ], [ 80.427705, 16.301453 ] ], [ [ 80.428274, 16.301065 ], [ 80.428091, 16.300835 ], [ 80.428829, 16.300288 ], [ 80.429008, 16.300562 ], [ 80.428274, 16.301065 ] ], [ [ 80.428478, 16.301332 ], [ 80.428947, 16.301014 ], [ 80.428961, 16.300988 ], [ 80.42895, 16.300956 ], [ 80.428923, 16.300943 ], [ 80.428894, 16.300951 ], [ 80.428422, 16.30127 ], [ 80.428323, 16.301131 ], [ 80.42905, 16.300633 ], [ 80.429162, 16.300846 ], [ 80.429184, 16.301006 ], [ 80.429243, 16.301176 ], [ 80.428509, 16.301345 ], [ 80.428478, 16.301332 ] ] ], [ [ [ 80.43246, 16.298963 ], [ 80.432433, 16.299117 ], [ 80.4322, 16.299245 ], [ 80.43217, 16.299317 ], [ 80.43218, 16.299365 ], [ 80.432511, 16.29994 ], [ 80.432457, 16.300032 ], [ 80.432016, 16.300269 ], [ 80.432003, 16.300312 ], [ 80.43203, 16.300338 ], [ 80.432064, 16.300335 ], [ 80.432511, 16.300095 ], [ 80.432597, 16.299956 ], [ 80.432576, 16.299876 ], [ 80.432257, 16.299332 ], [ 80.432261, 16.299304 ], [ 80.4325, 16.299169 ], [ 80.432523, 16.299119 ], [ 80.432545, 16.298963 ], [ 80.43246, 16.298963 ] ] ], [ [ [ 80.433263, 16.299782 ], [ 80.433287, 16.299805 ], [ 80.433311, 16.299808 ], [ 80.434205, 16.299638 ], [ 80.434563, 16.299555 ], [ 80.435535, 16.2993 ], [ 80.436455, 16.299103 ], [ 80.43653, 16.299097 ], [ 80.436645, 16.299108 ], [ 80.436793, 16.299088 ], [ 80.436903, 16.299029 ], [ 80.437182, 16.298989 ], [ 80.437207, 16.298976 ], [ 80.436831, 16.298975 ], [ 80.436773, 16.299008 ], [ 80.436641, 16.299026 ], [ 80.436532, 16.299016 ], [ 80.436439, 16.299023 ], [ 80.435515, 16.299221 ], [ 80.434542, 16.299477 ], [ 80.434187, 16.299559 ], [ 80.433329, 16.299721 ], [ 80.43303, 16.298965 ], [ 80.432939, 16.298964 ], [ 80.433263, 16.299782 ] ] ], [ [ [ 80.4264, 16.313895 ], [ 80.426423, 16.313877 ], [ 80.426428, 16.313848 ], [ 80.426407, 16.313822 ], [ 80.426373, 16.313818 ], [ 80.426202, 16.313874 ], [ 80.426202, 16.31396 ], [ 80.4264, 16.313895 ] ] ], [ [ [ 80.426359, 16.306797 ], [ 80.42636, 16.306768 ], [ 80.426333, 16.306742 ], [ 80.426223, 16.306749 ], [ 80.426223, 16.306831 ], [ 80.426329, 16.30682 ], [ 80.426359, 16.306797 ] ] ], [ [ [ 80.442362, 16.301235 ], [ 80.442542, 16.300912 ], [ 80.442543, 16.300883 ], [ 80.442519, 16.300859 ], [ 80.442489, 16.300859 ], [ 80.442468, 16.300875 ], [ 80.442301, 16.301186 ], [ 80.442299, 16.301211 ], [ 80.442313, 16.301232 ], [ 80.442337, 16.301241 ], [ 80.442362, 16.301235 ] ] ] ] } }
]
}
